filename;Time / s;Input_power;Output_power;Losses;Efficency;Caps_losses;FL1_losses;HF1_losses;FL2_losses;HF2_losses;Bulkcap_losses;GaN_total_losses;GaN_switching_losses;GaN_ohmic_losses;L_losses;iTHD_percentage;Si_conduction;Si_switching;Si_total;EMI_losses
50;1,1000000000000001;52,666248937811439;49,998453240338463;7,9607232359349167;84,078061435768731;0,81179996200162097;0,0078361093585949775;0,00016990305796411683;0,0035158324243775817;0,00011744240132373387;0,8001836926415804;4,9178352294110583;1,7387676828828762;3,1790675465245037;1,8052967228100325;224,47134331826001;0,35110490081648854;0,0019932562623800245;0,35309815707872433;0,072693164635935878
100;1,1000000000000001;102,47515554619842;99,9993002456102;8,320281091065393;91,679660684204634;0,81297485750490417;0,0082781815117824887;0,00020678972336043329;0,0041346431809952087;0,00016038814342232704;0,80019132622348554;5,2298803547352586;1,7466869602250545;3,4831933945174041;1,8048278369953574;142,75198860273485;0,42074664241101983;0,001965279732166301;0,42271192214273751;0,049886119694465776
150;1,1000000000000001;152,47510415069794;150,00008319560601;8,8481785316281307;94,101217566078759;0,81490935660504005;0,0090846028830653819;0,00026294075315877301;0,0051397956733861541;0,00021566406202832761;0,80020258220952567;5,6786320952746969;1,7560298891046713;3,9226022061726393;1,8052100555092201;100,90058141621662;0,50625694566752688;0,00192901796844545;0,50818596363536461;0,041241060611952922
200;1,1000000000000001;202,54823163901938;200,00003218873164;9,4807462616196077;95,259627624515005;0,81782278670651998;0,010281048542127556;0,00033644190615599007;0,0066808842312187835;0,00029878425310514401;0,80021438746948614;6,1998823804761161;1,7633197498567954;4,4365626306218919;1,8081795008168007;77,60985118058791;0,6078960088788129;0,0018959761468352728;0,60979198502482257;0,045069608587251619
250;1,300000e+00;2,525304e+02;2,500004e+02;1,036917e+01;9,585234e+01;8,239494e-01;1,314764e-02;2,500037e-04;1,012213e-02;1,829531e-04;8,002462e-01;6,857323e+00;1,769539e+00;5,087785e+00;1,811476e+00;5,292027e+01;7,235861e-01;1,820053e-03;7,254062e-01;1,510153e-01
300;1,1000000000000001;302,5292468958541;300,0005819496597;10,859989909993951;96,380010387568518;0,82524045395147461;0,013587540555994876;0,00051062598047683287;0,010424527344094995;0,00047812041662412215;0,8002414775961656;7,3270086834816777;1,7843853748524645;5,5426233086370509;1,8162072993182288;53,055801257415801;0,81490653432537563;0,0015977622951063044;0,81650429662196522;0,075029176635074746
350;1,300000e+00;3,525568e+02;3,500009e+02;1,184022e+01;9,661709e+01;8,313001e-01;1,652826e-02;4,227699e-04;1,369631e-02;3,783201e-04;8,002736e-01;8,096946e+00;1,822563e+00;6,274383e+00;1,820473e+00;4,115312e+01;9,372921e-01;1,556188e-03;9,388483e-01;1,526476e-01
400;1,300000e+00;4,025768e+02;4,000012e+02;1,269400e+01;9,682651e+01;8,351975e-01;1,834988e-02;5,078211e-04;1,558413e-02;4,654197e-04;8,002899e-01;8,825287e+00;1,871179e+00;6,954108e+00;1,825717e+00;3,780470e+01;1,052493e+00;1,609294e-03;1,054102e+00;1,536974e-01
450;1,300000e+00;4,525978e+02;4,500016e+02;1,361091e+01;9,697536e+01;8,383315e-01;1,980320e-02;5,815456e-04;1,707909e-02;5,618603e-04;8,003052e-01;9,612480e+00;1,943335e+00;7,669144e+00;1,831502e+00;3,353494e+01;1,175841e+00;1,599582e-03;1,177440e+00;1,511576e-01
500;1,300000e+00;5,026239e+02;5,000023e+02;1,456406e+01;9,708720e+01;8,427263e-01;2,196626e-02;6,911697e-04;1,908221e-02;6,605597e-04;8,003258e-01;1,042813e+01;2,015266e+00;8,412867e+00;1,838860e+00;3,074423e+01;1,302484e+00;1,272077e-03;1,303756e+00;1,505846e-01
550;1,300000e+00;5,526508e+02;5,500031e+02;1,554258e+01;9,717409e+01;8,480639e-01;2,450383e-02;7,972899e-04;2,164226e-02;7,705891e-04;8,003497e-01;1,126484e+01;2,088458e+00;9,176385e+00;1,846072e+00;2,871033e+01;1,430377e+00;7,460934e-04;1,431123e+00;1,524754e-01
600;1,300000e+00;6,026796e+02;6,000040e+02;1,652622e+01;9,724565e+01;8,536427e-01;2,716005e-02;8,969955e-04;2,432357e-02;8,866369e-04;8,003758e-01;1,210329e+01;2,153029e+00;9,950258e+00;1,853946e+00;2,664918e+01;1,560483e+00;1,125508e-03;1,561608e+00;1,537420e-01
650;1,300000e+00;6,527107e+02;6,500051e+02;1,753242e+01;9,730273e+01;8,594937e-01;2,996144e-02;9,959776e-04;2,712903e-02;1,002885e-03;8,004034e-01;1,296016e+01;2,214613e+00;1,074554e+01;1,862814e+00;2,423697e+01;1,693314e+00;1,592759e-03;1,694906e+00;1,550494e-01
700;1,300000e+00;7,027445e+02;7,000064e+02;1,855459e+01;9,734937e+01;8,659053e-01;3,296698e-02;1,163055e-03;3,017072e-02;1,170605e-03;8,004335e-01;1,383090e+01;2,278694e+00;1,155220e+01;1,872899e+00;2,239759e+01;1,826416e+00;1,347687e-03;1,827763e+00;1,571306e-01
750;1,300000e+00;7,527812e+02;7,500079e+02;1,958205e+01;9,738909e+01;8,729021e-01;3,632093e-02;1,313594e-03;3,348325e-02;1,317542e-03;8,004663e-01;1,470530e+01;2,337472e+00;1,236783e+01;1,883519e+00;2,087613e+01;1,960068e+00;8,671656e-04;1,960935e+00;1,593934e-01
800;1,300000e+00;8,028204e+02;8,000096e+02;2,061164e+01;9,742358e+01;8,805299e-01;3,998640e-02;1,454870e-03;3,713778e-02;1,448377e-03;8,005016e-01;1,558073e+01;2,392614e+00;1,318812e+01;1,894171e+00;1,953180e+01;2,094079e+00;3,595766e-04;2,094439e+00;1,617709e-01
850;1,300000e+00;8,528624e+02;8,500115e+02;2,164852e+01;9,745315e+01;8,886793e-01;4,389853e-02;1,583678e-03;4,104675e-02;1,610482e-03;8,005392e-01;1,645931e+01;2,444915e+00;1,401439e+01;1,906006e+00;1,844495e+01;2,229539e+00;3,499901e-04;2,229889e+00;1,646379e-01
900;1,300000e+00;9,029071e+02;9,000137e+02;2,268906e+01;9,747903e+01;8,974331e-01;4,804562e-02;1,782118e-03;4,519994e-02;1,825659e-03;8,005791e-01;1,733890e+01;2,493570e+00;1,484533e+01;1,918662e+00;1,755746e+01;2,365980e+00;2,603136e-04;2,366241e+00;1,678170e-01
950;1,300000e+00;9,529543e+02;9,500160e+02;2,373200e+01;9,750194e+01;9,065527e-01;5,242653e-02;1,931227e-03;4,957921e-02;1,994077e-03;8,006212e-01;1,821917e+01;2,539693e+00;1,567948e+01;1,931762e+00;1,667848e+01;2,503257e+00;1,353572e-04;2,503392e+00;1,711229e-01
1000;1,300000e+00;1,003004e+03;1,000019e+03;2,477889e+01;9,752216e+01;9,160255e-01;5,701904e-02;2,040425e-03;5,417128e-02;2,128686e-03;8,006655e-01;1,910208e+01;2,582613e+00;1,651947e+01;1,944916e+00;1,581560e+01;2,641361e+00;2,602985e-04;2,641621e+00;1,742404e-01
1050;1,300000e+00;1,053057e+03;1,050022e+03;2,583230e+01;9,753983e+01;9,262307e-01;6,185319e-02;2,291572e-03;5,900812e-02;2,364686e-03;8,007121e-01;1,998783e+01;2,623329e+00;1,736450e+01;1,959940e+00;1,508548e+01;2,779950e+00;3,550987e-04;2,780305e+00;1,779899e-01
1100;1,300000e+00;1,103112e+03;1,100025e+03;2,688897e+01;9,755560e+01;9,367008e-01;6,690416e-02;2,449764e-03;6,405997e-02;2,525386e-03;8,007609e-01;2,087514e+01;2,662318e+00;1,821283e+01;1,975487e+00;1,450796e+01;2,919265e+00;3,364294e-04;2,919601e+00;1,820344e-01
1150;1,300000e+00;1,153170e+03;1,150028e+03;2,795189e+01;9,756946e+01;9,478801e-01;7,219933e-02;2,693241e-03;6,936046e-02;2,814363e-03;8,008121e-01;2,176571e+01;2,700133e+00;1,906558e+01;1,991871e+00;1,396622e+01;3,059456e+00;6,962313e-04;3,060152e+00;1,862788e-01
1200;1,300000e+00;1,203231e+03;1,200032e+03;2,901815e+01;9,758189e+01;9,593018e-01;7,771788e-02;2,828504e-03;7,488109e-02;3,008364e-03;8,008655e-01;2,265811e+01;2,736147e+00;1,992197e+01;2,008839e+00;1,337075e+01;3,200276e+00;8,379703e-04;3,201114e+00;1,907812e-01
1250;1,300000e+00;1,253295e+03;1,250036e+03;3,008992e+01;9,759288e+01;9,712056e-01;8,347474e-02;2,988667e-03;8,062878e-02;3,191891e-03;8,009211e-01;2,355372e+01;2,770740e+00;2,078298e+01;2,026514e+00;1,302337e+01;3,342018e+00;5,540931e-04;3,342572e+00;1,959065e-01
1300;1,300000e+00;1,303361e+03;1,300041e+03;3,116843e+01;9,760250e+01;9,837140e-01;8,946511e-02;3,194893e-03;8,661894e-02;3,455443e-03;8,009791e-01;2,445378e+01;2,804346e+00;2,164943e+01;2,045008e+00;1,250268e+01;3,484651e+00;3,244105e-04;3,484975e+00;2,009566e-01
1350;1,300000e+00;1,353430e+03;1,350046e+03;3,225132e+01;9,761109e+01;9,968885e-01;9,568048e-02;3,502596e-03;9,284105e-02;3,824047e-03;8,010393e-01;2,535581e+01;2,837227e+00;2,251859e+01;2,064630e+00;1,206279e+01;3,627587e+00;1,244322e-04;3,627712e+00;2,062734e-01
1400;1,300000e+00;1,403502e+03;1,400051e+03;3,333784e+01;9,761881e+01;1,010276e+00;1,021336e-01;3,736890e-03;9,928152e-02;4,022017e-03;8,011018e-01;2,625969e+01;2,869092e+00;2,339060e+01;2,084914e+00;1,159471e+01;3,771150e+00;4,676148e-05;3,771196e+00;2,117669e-01
1450;1,300000e+00;1,453576e+03;1,450056e+03;3,442754e+01;9,762578e+01;1,024059e+00;1,088143e-01;3,889468e-03;1,059572e-01;4,230903e-03;8,011665e-01;2,716522e+01;2,900055e+00;2,426517e+01;2,105895e+00;1,120085e+01;3,914708e+00;4,672922e-05;3,914755e+00;2,176123e-01
1500;1,300000e+00;1,503654e+03;1,500062e+03;3,552175e+01;9,763198e+01;1,038350e+00;1,157318e-01;4,100443e-03;1,128674e-01;4,416862e-03;8,012336e-01;2,807324e+01;2,930407e+00;2,514283e+01;2,127802e+00;1,083844e+01;4,058529e+00;4,669884e-05;4,058576e+00;2,237830e-01
1550;1,300000e+00;1,553734e+03;1,550069e+03;3,662197e+01;9,763740e+01;1,053056e+00;1,228770e-01;4,292941e-03;1,199945e-01;4,584724e-03;8,013029e-01;2,898545e+01;2,960619e+00;2,602483e+01;2,150401e+00;1,050916e+01;4,202815e+00;4,667175e-05;4,202861e+00;2,302038e-01
1600;1,300000e+00;1,603817e+03;1,600076e+03;3,772819e+01;9,764210e+01;1,068517e+00;1,302714e-01;4,561590e-03;1,273839e-01;4,924044e-03;8,013745e-01;2,990123e+01;2,990560e+00;2,691067e+01;2,173925e+00;1,023655e+01;4,347362e+00;7,835512e-05;4,347441e+00;2,370772e-01
1650;1,300000e+00;1,653903e+03;1,650083e+03;3,884187e+01;9,764607e+01;1,084829e+00;1,378935e-01;4,993821e-03;1,350303e-01;5,462092e-03;8,014484e-01;3,082126e+01;3,020315e+00;2,780095e+01;2,198939e+00;9,937587e+00;4,492395e+00;2,642587e-04;4,492659e+00;2,441807e-01
1700;1,300000e+00;1,703992e+03;1,700091e+03;3,996062e+01;9,764950e+01;1,101162e+00;1,457520e-01;5,168540e-03;1,429159e-01;5,800723e-03;8,015246e-01;3,174541e+01;3,050005e+00;2,869540e+01;2,224478e+00;9,627526e+00;4,637715e+00;3,059354e-04;4,638021e+00;2,515567e-01
1750;1,300000e+00;1,754084e+03;1,750099e+03;4,108304e+01;9,765253e+01;1,117707e+00;1,538036e-01;5,310348e-03;1,509480e-01;6,042003e-03;8,016028e-01;3,267256e+01;3,079590e+00;2,959297e+01;2,250707e+00;9,322042e+00;4,782929e+00;3,039783e-04;4,783233e+00;2,588355e-01
1800;1,300000e+00;1,804179e+03;1,800108e+03;4,221081e+01;9,765510e+01;1,134891e+00;1,621325e-01;5,553292e-03;1,592683e-01;6,253104e-03;8,016836e-01;3,360353e+01;3,109323e+00;3,049421e+01;2,277495e+00;9,063236e+00;4,928054e+00;1,318261e-04;4,928186e+00;2,667023e-01
1850;1,300000e+00;1,854276e+03;1,850117e+03;4,334531e+01;9,765716e+01;1,152606e+00;1,706748e-01;5,701468e-03;1,679053e-01;6,557430e-03;8,017668e-01;3,453890e+01;3,139193e+00;3,139970e+01;2,305527e+00;8,797190e+00;5,073083e+00;4,654007e-05;5,073130e+00;2,751511e-01
1900;1,300000e+00;1,904377e+03;1,900126e+03;4,448647e+01;9,765876e+01;1,171216e+00;1,795462e-01;6,029673e-03;1,768560e-01;6,930970e-03;8,018525e-01;3,547817e+01;3,168909e+00;3,230927e+01;2,334847e+00;8,481279e+00;5,218034e+00;4,651165e-05;5,218081e+00;2,841527e-01
1950;1,300000e+00;1,954480e+03;1,950137e+03;4,563172e+01;9,766008e+01;1,189403e+00;1,885772e-01;6,003768e-03;1,859157e-01;6,966080e-03;8,019402e-01;3,642131e+01;3,198414e+00;3,322289e+01;2,364666e+00;8,215373e+00;5,363215e+00;4,648469e-05;5,363261e+00;2,930856e-01
2000;1,300000e+00;2,004586e+03;2,000147e+03;4,678339e+01;9,766100e+01;1,208562e+00;1,978655e-01;6,259497e-03;1,952269e-01;7,179359e-03;8,020302e-01;3,736854e+01;3,227582e+00;3,414095e+01;2,395340e+00;7,992791e+00;5,508622e+00;4,645900e-05;5,508669e+00;3,022871e-01
2050;1,300000e+00;2,054696e+03;2,050159e+03;4,793966e+01;9,766166e+01;1,228273e+00;2,073808e-01;6,455940e-03;2,047851e-01;7,527976e-03;8,021225e-01;3,831849e+01;3,256615e+00;3,506188e+01;2,426716e+00;7,831628e+00;5,654258e+00;4,643795e-05;5,654305e+00;3,118785e-01
2100;1,300000e+00;2,104808e+03;2,100170e+03;4,910165e+01;9,766202e+01;1,248147e+00;2,171242e-01;6,720258e-03;2,145090e-01;7,575846e-03;8,022169e-01;3,927299e+01;3,285866e+00;3,598712e+01;2,458828e+00;7,678129e+00;5,800034e+00;4,642520e-05;5,800081e+00;3,216025e-01
2150;1,300000e+00;2,154924e+03;2,150183e+03;5,026967e+01;9,766207e+01;1,268697e+00;2,271034e-01;6,818119e-03;2,245007e-01;7,960608e-03;8,023137e-01;4,023121e+01;3,316024e+00;3,691519e+01;2,491987e+00;7,493235e+00;5,946105e+00;4,641792e-05;5,946152e+00;3,316201e-01
2200;1,300000e+00;2,205042e+03;2,200196e+03;5,144230e+01;9,766192e+01;1,288620e+00;2,372967e-01;6,554353e-03;2,346565e-01;7,699670e-03;8,024126e-01;4,119303e+01;3,346924e+00;3,784610e+01;2,526026e+00;7,315907e+00;6,092662e+00;4,640906e-05;6,092708e+00;3,419217e-01
2250;1,300000e+00;2,255164e+03;2,250210e+03;5,262232e+01;9,766145e+01;1,310059e+00;2,477479e-01;6,628320e-03;2,450877e-01;8,080438e-03;8,025139e-01;4,215861e+01;3,378033e+00;3,878057e+01;2,561679e+00;7,123010e+00;6,239560e+00;4,639477e-05;6,239606e+00;3,523743e-01
2300;1,300000e+00;2,305288e+03;2,300224e+03;5,380854e+01;9,766073e+01;1,332420e+00;2,584677e-01;7,079729e-03;2,557565e-01;8,498155e-03;8,026174e-01;4,312798e+01;3,408898e+00;3,971908e+01;2,598470e+00;6,878308e+00;6,386546e+00;4,638219e-05;6,386592e+00;3,630825e-01
2350;1,300000e+00;2,355416e+03;2,350239e+03;5,499919e+01;9,765985e+01;1,354941e+00;2,694078e-01;7,367766e-03;2,666455e-01;8,796410e-03;8,027232e-01;4,410109e+01;3,438890e+00;4,066220e+01;2,635863e+00;6,728102e+00;6,533138e+00;4,637523e-05;6,533184e+00;3,741179e-01
2400;1,300000e+00;2,405547e+03;2,400254e+03;5,619543e+01;9,765877e+01;1,378211e+00;2,806141e-01;8,051893e-03;2,777555e-01;8,958235e-03;8,028315e-01;4,507890e+01;3,467843e+00;4,161105e+01;2,673529e+00;6,577839e+00;6,679400e+00;4,637139e-05;6,679446e+00;3,853497e-01
2450;1,300000e+00;2,455681e+03;2,450270e+03;5,741151e+01;9,765693e+01;1,401547e+00;2,920517e-01;8,778210e-03;2,890571e-01;8,717588e-03;8,029418e-01;4,607444e+01;3,499840e+00;4,257460e+01;2,711856e+00;6,555424e+00;6,826658e+00;4,638127e-05;6,826704e+00;3,969640e-01
2500;1,300000e+00;2,505818e+03;2,500287e+03;5,861597e+01;9,765563e+01;1,424706e+00;3,036651e-01;9,031564e-03;3,005877e-01;8,366884e-03;8,030545e-01;4,705825e+01;3,528329e+00;4,352992e+01;2,751135e+00;6,472648e+00;6,973080e+00;4,640011e-05;6,973126e+00;4,087554e-01
2550;1,300000e+00;2,555958e+03;2,550305e+03;5,982304e+01;9,765428e+01;1,449158e+00;3,155021e-01;9,204293e-03;3,124374e-01;8,844478e-03;8,031696e-01;4,804215e+01;3,556408e+00;4,448574e+01;2,791580e+00;6,323946e+00;7,119275e+00;1,242277e-04;7,119400e+00;4,207572e-01
2600;1,300000e+00;2,606101e+03;2,600323e+03;6,103838e+01;9,765266e+01;1,473356e+00;3,275703e-01;9,445770e-03;3,244596e-01;8,592856e-03;8,032868e-01;4,903154e+01;3,585672e+00;4,544587e+01;2,835067e+00;6,194813e+00;7,265377e+00;4,643860e-05;7,265423e+00;4,329917e-01
2650;1,300000e+00;2,656247e+03;2,650342e+03;6,225818e+01;9,765094e+01;1,498255e+00;3,398137e-01;8,896876e-03;3,367763e-01;9,361375e-03;8,034063e-01;5,002537e+01;3,615511e+00;4,640986e+01;2,877354e+00;6,028892e+00;7,411764e+00;4,643940e-05;7,411810e+00;4,453904e-01
2700;1,300000e+00;2,706397e+03;2,700362e+03;6,348328e+01;9,764908e+01;1,522437e+00;3,522326e-01;7,620549e-03;3,493047e-01;9,750678e-03;8,035280e-01;5,102370e+01;3,645843e+00;4,737786e+01;2,920433e+00;5,937532e+00;7,558548e+00;4,644292e-05;7,558595e+00;4,581134e-01
2750;1,300000e+00;2,756550e+03;2,750382e+03;6,471601e+01;9,764702e+01;1,547054e+00;3,649095e-01;6,504394e-03;3,620386e-01;9,948698e-03;8,036520e-01;5,202725e+01;3,676582e+00;4,835066e+01;2,964706e+00;5,881345e+00;7,705782e+00;5,981112e-05;7,705842e+00;4,711655e-01
2800;1,300000e+00;2,806706e+03;2,800403e+03;6,596754e+01;9,764436e+01;1,575702e+00;3,781416e-01;9,726086e-03;3,749126e-01;9,143744e-03;8,037781e-01;5,304349e+01;3,709383e+00;4,933411e+01;3,009865e+00;5,853510e+00;7,853962e+00;4,645942e-05;7,854009e+00;4,844731e-01
2850;1,300000e+00;2,856865e+03;2,850425e+03;6,721154e+01;9,764205e+01;1,603150e+00;3,914405e-01;1,079643e-02;3,880986e-01;8,907529e-03;8,039067e-01;5,405240e+01;3,740430e+00;5,031197e+01;3,056224e+00;5,764213e+00;8,001702e+00;4,647226e-05;8,001748e+00;4,980226e-01
2900;1,300000e+00;2,907028e+03;2,900448e+03;6,845813e+01;9,763974e+01;1,628568e+00;4,047699e-01;9,542296e-03;4,015121e-01;8,705625e-03;8,040374e-01;5,506468e+01;3,771690e+00;5,129299e+01;3,103410e+00;5,675325e+00;8,149612e+00;7,792319e-05;8,149690e+00;5,117851e-01
2950;1,300000e+00;2,957193e+03;2,950471e+03;6,971635e+01;9,763711e+01;1,657564e+00;4,184928e-01;1,021282e-02;4,152490e-01;9,439153e-03;8,041705e-01;5,608129e+01;3,803326e+00;5,227796e+01;3,153789e+00;5,595998e+00;8,297771e+00;4,650965e-05;8,297817e+00;5,258937e-01
3000;1,300000e+00;3,007362e+03;3,000495e+03;7,097679e+01;9,763450e+01;1,686935e+00;4,325369e-01;1,160205e-02;4,291420e-01;9,347661e-03;8,043058e-01;5,710065e+01;3,834951e+00;5,326570e+01;3,203068e+00;5,496038e+00;8,445909e+00;4,650943e-05;8,445956e+00;5,401844e-01
3050;1,300000e+00;3,057534e+03;3,050520e+03;7,224577e+01;9,763169e+01;1,718867e+00;4,468644e-01;1,340423e-02;4,433749e-01;1,077944e-02;8,044434e-01;5,812434e+01;3,866854e+00;5,425749e+01;3,253419e+00;5,378618e+00;8,594366e+00;4,650764e-05;8,594412e+00;5,547319e-01
3100;1,300000e+00;3,107710e+03;3,100546e+03;7,352058e+01;9,762879e+01;1,750798e+00;4,613129e-01;1,410733e-02;4,579211e-01;1,287272e-02;8,045833e-01;5,915221e+01;3,899445e+00;5,525277e+01;3,304836e+00;5,294364e+00;8,743099e+00;4,650486e-05;8,743146e+00;5,695944e-01
3150;1,300000e+00;3,157888e+03;3,150573e+03;7,480018e+01;9,762582e+01;1,781974e+00;4,759830e-01;1,466399e-02;4,726180e-01;1,398307e-02;8,047254e-01;6,018432e+01;3,932694e+00;5,625163e+01;3,357043e+00;5,217234e+00;8,892124e+00;4,650275e-05;8,892171e+00;5,846754e-01
3200;1,300000e+00;3,208070e+03;3,200601e+03;7,608540e+01;9,762278e+01;1,812694e+00;4,908415e-01;1,471656e-02;4,875134e-01;1,475227e-02;8,048697e-01;6,122123e+01;3,966507e+00;5,725473e+01;3,410118e+00;5,168372e+00;9,041284e+00;4,650084e-05;9,041331e+00;6,000267e-01
3250;1,300000e+00;3,258256e+03;3,250629e+03;7,737498e+01;9,761969e+01;1,842327e+00;5,058741e-01;1,408852e-02;5,025779e-01;1,477009e-02;8,050163e-01;6,226226e+01;4,000932e+00;5,826133e+01;3,464095e+00;5,107139e+00;9,190639e+00;4,649899e-05;9,190685e+00;6,156088e-01
3300;1,300000e+00;3,308444e+03;3,300658e+03;7,867344e+01;9,761643e+01;1,874173e+00;5,212235e-01;1,452208e-02;5,179191e-01;1,534289e-02;8,051652e-01;6,330844e+01;4,035799e+00;5,927264e+01;3,519124e+00;5,032189e+00;9,340248e+00;4,649714e-05;9,340294e+00;6,314083e-01
3350;1,300000e+00;3,358636e+03;3,350689e+03;7,997768e+01;9,761310e+01;1,906914e+00;5,368344e-01;1,527512e-02;5,335011e-01;1,598667e-02;8,053164e-01;6,435807e+01;4,070947e+00;6,028712e+01;3,575133e+00;4,955383e+00;9,490025e+00;5,999343e-05;9,490085e+00;6,474788e-01
3400;1,300000e+00;3,408831e+03;3,400720e+03;8,128811e+01;9,760968e+01;1,939341e+00;5,526150e-01;1,515993e-02;5,493365e-01;1,675944e-02;8,054697e-01;6,541281e+01;4,106428e+00;6,130638e+01;3,631940e+00;4,884972e+00;9,640176e+00;4,649325e-05;9,640223e+00;6,637966e-01
3450;1,300000e+00;3,459030e+03;3,450752e+03;8,260576e+01;9,760615e+01;1,972619e+00;5,686116e-01;1,493836e-02;5,654504e-01;1,799260e-02;8,056254e-01;6,647216e+01;4,142097e+00;6,233006e+01;3,689927e+00;4,836078e+00;9,790592e+00;4,649069e-05;9,790638e+00;6,804142e-01
3500;1,300000e+00;3,509232e+03;3,500785e+03;8,393116e+01;9,760250e+01;2,007592e+00;5,849430e-01;1,587099e-02;5,818046e-01;1,919027e-02;8,057833e-01;6,753592e+01;4,178032e+00;6,335789e+01;3,749014e+00;4,773309e+00;9,941253e+00;7,771677e-05;9,941330e+00;6,972964e-01
3550;1,300000e+00;3,559438e+03;3,550819e+03;8,526263e+01;9,759879e+01;2,042338e+00;6,014830e-01;1,638216e-02;5,983732e-01;2,015628e-02;8,059436e-01;6,860439e+01;4,214232e+00;6,439016e+01;3,809247e+00;4,708873e+00;1,009219e+01;4,648359e-05;1,009224e+01;7,144122e-01
3600;1,300000e+00;3,609647e+03;3,600854e+03;8,660247e+01;9,759495e+01;2,078119e+00;6,183535e-01;1,815377e-02;6,151042e-01;2,040141e-02;8,061061e-01;6,967770e+01;4,250875e+00;6,542682e+01;3,871433e+00;4,639505e+00;1,024341e+01;4,646651e-05;1,024346e+01;7,317696e-01
3650;1,300000e+00;3,659859e+03;3,650890e+03;8,794965e+01;9,759101e+01;2,116067e+00;6,354669e-01;1,982119e-02;6,322288e-01;2,227895e-02;8,062709e-01;7,075571e+01;4,287673e+00;6,646804e+01;3,933539e+00;4,583518e+00;1,039488e+01;4,645633e-05;1,039493e+01;7,494054e-01
3700;1,300000e+00;3,710075e+03;3,700927e+03;8,930061e+01;9,758707e+01;2,151814e+00;6,527393e-01;2,063126e-02;6,494235e-01;2,258186e-02;8,064379e-01;7,183847e+01;4,324852e+00;6,751362e+01;3,996340e+00;4,544998e+00;1,054665e+01;4,644544e-05;1,054669e+01;7,672902e-01
3750;1,300000e+00;3,760294e+03;3,750965e+03;9,065927e+01;9,758304e+01;2,188743e+00;6,702474e-01;2,168118e-02;6,668849e-01;2,332246e-02;8,066072e-01;7,292628e+01;4,362705e+00;6,856358e+01;4,060072e+00;4,499962e+00;1,069874e+01;4,643423e-05;1,069879e+01;7,853879e-01
3800;1,300000e+00;3,810517e+03;3,801003e+03;9,202510e+01;9,757893e+01;2,225917e+00;6,880700e-01;2,324474e-02;6,845176e-01;2,330549e-02;8,067788e-01;7,401938e+01;4,401305e+00;6,961808e+01;4,124831e+00;4,460174e+00;1,085115e+01;4,642241e-05;1,085119e+01;8,037743e-01
3850;1,300000e+00;3,860743e+03;3,851043e+03;9,339914e+01;9,757471e+01;2,264289e+00;7,061497e-01;2,491096e-02;7,024472e-01;2,382831e-02;8,069526e-01;7,511789e+01;4,440526e+00;7,067736e+01;4,190583e+00;4,407134e+00;1,100392e+01;4,641059e-05;1,100396e+01;8,224193e-01
3900;1,300000e+00;3,910972e+03;3,901084e+03;9,478295e+01;9,757034e+01;2,305516e+00;7,245522e-01;2,737218e-02;7,207499e-01;2,571263e-02;8,071288e-01;7,622165e+01;4,480324e+00;7,174132e+01;4,257418e+00;4,351827e+00;1,115701e+01;4,639724e-05;1,115705e+01;8,413133e-01
3950;1,300000e+00;3,961205e+03;3,951126e+03;9,617135e+01;9,756598e+01;2,344778e+00;7,430950e-01;2,898154e-02;7,391429e-01;2,625087e-02;8,073072e-01;7,733068e+01;4,520706e+00;7,280998e+01;4,325074e+00;4,297168e+00;1,131037e+01;4,638435e-05;1,131041e+01;8,604032e-01
4000;1,300000e+00;4,011442e+03;4,001170e+03;9,756635e+01;9,756155e+01;2,383787e+00;7,617257e-01;2,935000e-02;7,578374e-01;2,738581e-02;8,074878e-01;7,844511e+01;4,561728e+00;7,388338e+01;4,393660e+00;4,259707e+00;1,146397e+01;4,637051e-05;1,146401e+01;8,797813e-01
4050;1,300000e+00;4,061682e+03;4,051214e+03;9,897116e+01;9,755700e+01;2,425494e+00;7,807419e-01;3,101954e-02;7,768387e-01;2,922322e-02;8,076708e-01;7,956493e+01;4,603315e+00;7,496162e+01;4,463423e+00;4,226764e+00;1,161781e+01;4,635675e-05;1,161786e+01;8,994457e-01
4100;1,300000e+00;4,111926e+03;4,101259e+03;1,003793e+02;9,755248e+01;2,464586e+00;7,997123e-01;2,999740e-02;7,960679e-01;3,095257e-02;8,078557e-01;8,068994e+01;4,645375e+00;7,604456e+01;4,533625e+00;4,211755e+00;1,177186e+01;4,634272e-05;1,177190e+01;9,192771e-01
4150;1,300000e+00;4,162174e+03;4,151305e+03;1,017950e+02;9,754788e+01;2,503663e+00;8,189964e-01;2,965550e-02;8,154072e-01;3,156040e-02;8,080431e-01;8,182074e+01;4,687826e+00;7,713292e+01;4,604821e+00;4,211733e+00;1,192613e+01;4,632838e-05;1,192618e+01;9,395660e-01
4200;1,300000e+00;4,212425e+03;4,201353e+03;1,032175e+02;9,754323e+01;2,542201e+00;8,385289e-01;2,948199e-02;8,348698e-01;3,108684e-02;8,082330e-01;8,295712e+01;4,730608e+00;7,822652e+01;4,677291e+00;4,168085e+00;1,208065e+01;4,631363e-05;1,208070e+01;9,601634e-01
4250;1,300000e+00;4,262679e+03;4,251402e+03;1,046501e+02;9,753846e+01;2,584481e+00;8,585759e-01;3,194269e-02;8,546324e-01;3,090422e-02;8,084252e-01;8,409859e+01;4,773731e+00;7,932486e+01;4,750835e+00;4,095847e+00;1,223535e+01;4,629909e-05;1,223540e+01;9,808370e-01
4300;1,300000e+00;4,312937e+03;4,301451e+03;1,060857e+02;9,753372e+01;2,623906e+00;8,785502e-01;3,158983e-02;8,745933e-01;3,055257e-02;8,086196e-01;8,524504e+01;4,817203e+00;8,042784e+01;4,824891e+00;4,001467e+00;1,239020e+01;4,628407e-05;1,239025e+01;1,001637e+00
4350;1,300000e+00;4,363198e+03;4,351502e+03;1,075260e+02;9,752899e+01;2,660814e+00;8,985656e-01;2,932674e-02;8,947146e-01;2,939046e-02;8,088163e-01;8,639724e+01;4,861040e+00;8,153620e+01;4,899935e+00;3,932955e+00;1,254526e+01;4,626909e-05;1,254531e+01;1,022682e+00
4400;1,300000e+00;4,413464e+03;4,401555e+03;1,089748e+02;9,752417e+01;2,699673e+00;9,188136e-01;2,672224e-02;9,152250e-01;2,989704e-02;8,090152e-01;8,755473e+01;4,905239e+00;8,264949e+01;4,975947e+00;3,884494e+00;1,270042e+01;4,625403e-05;1,270047e+01;1,044024e+00
4450;1,300000e+00;4,463733e+03;4,451608e+03;1,104416e+02;9,751906e+01;2,748589e+00;9,401019e-01;3,198275e-02;9,360650e-01;3,122254e-02;8,092166e-01;8,871793e+01;4,949801e+00;8,376813e+01;5,053518e+00;3,826103e+00;1,285571e+01;4,623825e-05;1,285576e+01;1,065774e+00
4500;1,300000e+00;4,514005e+03;4,501662e+03;1,119181e+02;9,751385e+01;2,800232e+00;9,621220e-01;4,040701e-02;9,570347e-01;3,124750e-02;8,094205e-01;8,988668e+01;4,994737e+00;8,489194e+01;5,132176e+00;3,777201e+00;1,301107e+01;4,622233e-05;1,301111e+01;1,087867e+00
4550;1,300000e+00;4,564282e+03;4,551718e+03;1,133895e+02;9,750886e+01;2,840636e+00;9,833457e-01;4,044246e-02;9,780286e-01;2,919291e-02;8,096263e-01;9,106156e+01;5,040286e+00;8,602128e+01;5,210860e+00;3,724441e+00;1,316644e+01;4,620688e-05;1,316648e+01;1,109932e+00
4600;1,300000e+00;4,614561e+03;4,601775e+03;1,148836e+02;9,750349e+01;2,895051e+00;1,005167e+00;4,350086e-02;1,000208e+00;3,634076e-02;8,098346e-01;9,224258e+01;5,086910e+00;8,715567e+01;5,291623e+00;3,669512e+00;1,332183e+01;4,619067e-05;1,332188e+01;1,132511e+00
4650;1,300000e+00;4,664845e+03;4,651834e+03;1,163885e+02;9,749801e+01;2,951857e+00;1,027503e+00;4,860603e-02;1,022671e+00;4,303152e-02;8,100453e-01;9,343051e+01;5,134676e+00;8,829583e+01;5,373418e+00;3,628263e+00;1,347730e+01;4,617540e-05;1,347734e+01;1,155355e+00
4700;1,300000e+00;4,715133e+03;4,701893e+03;1,178980e+02;9,749254e+01;3,006576e+00;1,049862e+00;5,177203e-02;1,045385e+00;4,929785e-02;8,102581e-01;9,462428e+01;5,183391e+00;8,944089e+01;5,456058e+00;3,581778e+00;1,363265e+01;4,615870e-05;1,363269e+01;1,178423e+00
4750;1,300000e+00;4,765424e+03;4,751954e+03;1,194157e+02;9,748702e+01;3,062463e+00;1,072564e+00;5,569226e-02;1,068399e+00;5,533374e-02;8,104732e-01;9,582381e+01;5,233003e+00;9,059080e+01;5,539715e+00;3,543893e+00;1,378794e+01;4,614258e-05;1,378798e+01;1,201768e+00
4800;1,300000e+00;4,815719e+03;4,802016e+03;1,209307e+02;9,748167e+01;3,109809e+00;1,095110e+00;5,693423e-02;1,090866e+00;5,620830e-02;8,106906e-01;9,702908e+01;5,283440e+00;9,174564e+01;5,623516e+00;3,495920e+00;1,394315e+01;4,612585e-05;1,394320e+01;1,225144e+00
4850;1,300000e+00;4,866018e+03;4,852079e+03;1,224535e+02;9,747627e+01;3,157958e+00;1,117860e+00;5,800570e-02;1,113620e+00;5,756200e-02;8,109100e-01;9,824009e+01;5,334671e+00;9,290542e+01;5,708182e+00;3,493523e+00;1,409834e+01;4,610927e-05;1,409839e+01;1,248840e+00
4900;1,300000e+00;4,916320e+03;4,902144e+03;1,239859e+02;9,747078e+01;3,208450e+00;1,140949e+00;5,987937e-02;1,136723e+00;5,976655e-02;8,111318e-01;9,945712e+01;5,386694e+00;9,407042e+01;5,793980e+00;3,474292e+00;1,425356e+01;4,609301e-05;1,425361e+01;1,272735e+00
4950;1,300000e+00;4,966627e+03;4,952210e+03;1,255244e+02;9,746528e+01;3,258260e+00;1,164222e+00;6,137617e-02;1,159982e+00;6,132389e-02;8,113559e-01;1,006799e+02;5,439459e+00;9,524045e+01;5,880620e+00;3,460524e+00;1,440876e+01;4,607605e-05;1,440881e+01;1,296846e+00
5000;1,300000e+00;5,016937e+03;5,002277e+03;1,270723e+02;9,745971e+01;3,309990e+00;1,187822e+00;6,353862e-02;1,183557e+00;6,349046e-02;8,115822e-01;1,019087e+02;5,492986e+00;9,641575e+01;5,968305e+00;3,449263e+00;1,456404e+01;4,605945e-05;1,456409e+01;1,321214e+00
