filename;Time / s;Input_power;Output_power;Losses;Efficency;Caps_losses;FL1_losses;HF1_losses;FL2_losses;HF2_losses;Bulkcap_losses;Inductor;EMI;GaN_total;GaN_switching;GaN_ohmic_total;GaN_ohmich_ON;GaN_Forward_conduction;GaN_Reverse_ON_conduction;GaN_Reverse_OFF_conduction;Si_total;Si_conduction;Si_switching;iTHD_percentage
50;1,000000e+00;5,315195e+01;4,999807e+01;4,046324e+00;9,237348e+01;8,435524e-01;9,144730e-03;0,000000e+00;5,584301e-03;0,000000e+00;8,288858e-01;1,806678e+00;1,582938e-01;1,203342e+00;1,148490e+00;5,485269e-02;1,958743e-02;8,882475e-03;1,070496e-02;3,526526e-02;3,445726e-02;1,963243e-02;1,482482e-02;1,690082e+02
150;1,000000e+00;1,525265e+02;1,499993e+02;4,219972e+00;9,723327e+01;8,516311e-01;1,029142e-02;0,000000e+00;7,080835e-03;0,000000e+00;8,342597e-01;1,807505e+00;1,563961e-01;1,365128e+00;1,305659e+00;5,946829e-02;2,395283e-02;9,377015e-03;1,457582e-02;3,551546e-02;3,931156e-02;2,356951e-02;1,574206e-02;8,549644e+01
200;1,000000e+00;2,026680e+02;2,000006e+02;4,538996e+00;9,776038e+01;8,590325e-01;1,145833e-02;5,810420e-05;8,294596e-03;0,000000e+00;8,392232e-01;1,810174e+00;1,563133e-01;1,670031e+00;1,605719e+00;6,431122e-02;2,854705e-02;1,054673e-02;1,800032e-02;3,576417e-02;4,344467e-02;2,769944e-02;1,574523e-02;6,887983e+01
250;1,000000e+00;2,525975e+02;2,500016e+02;4,835733e+00;9,808560e+01;8,680271e-01;1,283069e-02;1,931454e-04;9,819707e-03;1,095318e-04;8,450633e-01;1,813532e+00;1,568221e-01;1,948932e+00;1,878706e+00;7,022586e-02;3,401617e-02;1,216109e-02;2,185508e-02;3,620969e-02;4,841992e-02;3,261941e-02;1,580050e-02;5,826058e+01
300;1,000000e+00;3,026205e+02;2,999999e+02;5,143480e+00;9,830035e+01;8,786019e-01;1,442955e-02;2,863614e-04;1,150352e-02;2,307537e-04;8,521540e-01;1,817927e+00;1,576593e-01;2,234978e+00;2,157634e+00;7,734389e-02;4,055969e-02;1,423833e-02;2,632137e-02;3,678420e-02;5,431459e-02;3,848389e-02;1,583070e-02;5,082366e+01
350;1,000000e+00;3,526808e+02;3,499994e+02;5,533907e+00;9,843090e+01;8,911473e-01;1,638327e-02;4,073390e-04;1,355382e-02;3,656633e-04;8,604437e-01;1,822485e+00;1,609247e-01;2,598217e+00;2,512396e+00;8,582079e-02;4,811058e-02;1,666730e-02;3,144328e-02;3,771021e-02;6,113346e-02;4,525915e-02;1,587431e-02;4,408189e+01
400;1,000000e+00;4,027330e+02;3,999999e+02;6,075123e+00;9,849153e+01;9,034832e-01;1,816617e-02;4,851726e-04;1,540163e-02;4,524230e-04;8,689800e-01;1,827687e+00;1,621599e-01;3,113108e+00;3,017427e+00;9,568142e-02;5,649119e-02;1,934852e-02;3,714266e-02;3,919023e-02;6,868445e-02;5,277965e-02;1,590480e-02;3,919770e+01
450;1,000000e+00;4,527773e+02;4,500005e+02;7,389005e+00;9,836807e+01;9,122336e-01;1,955653e-02;5,209179e-04;1,667543e-02;4,846838e-04;8,750167e-01;1,833321e+00;1,588036e-01;4,408204e+00;4,301729e+00;1,064750e-01;6,508391e-02;2,226163e-02;4,282228e-02;4,139104e-02;7,644208e-02;6,049986e-02;1,594222e-02;3,450813e+01
500;1,000000e+00;5,028088e+02;5,000025e+02;8,647499e+00;9,828016e+01;9,298409e-01;2,220234e-02;6,819464e-04;1,928636e-02;6,417896e-04;8,870274e-01;1,841808e+00;1,630785e-01;5,626132e+00;5,505824e+00;1,203079e-01;7,641575e-02;2,594645e-02;5,046930e-02;4,389217e-02;8,664062e-02;7,066681e-02;1,597381e-02;3,118384e+01
550;1,000000e+00;5,528501e+02;5,500036e+02;8,973215e+00;9,837692e+01;9,474097e-01;2,473646e-02;8,161036e-04;2,188109e-02;7,805002e-04;8,991911e-01;1,849366e+00;1,663560e-01;5,912569e+00;5,777196e+00;1,353732e-01;8,849152e-02;2,985123e-02;5,864029e-02;4,688171e-02;9,751430e-02;8,151219e-02;1,600211e-02;2,918521e+01
600;1,000000e+00;6,028982e+02;6,000046e+02;9,414455e+00;9,843847e+01;9,661724e-01;2,740352e-02;9,535532e-04;2,453468e-02;9,208731e-04;9,123570e-01;1,857464e+00;1,701461e-01;6,311532e+00;6,159764e+00;1,517685e-01;1,014366e-01;3,391388e-02;6,752272e-02;5,033187e-02;1,091403e-01;9,314622e-02;1,599412e-02;2,783595e+01
650;1,000000e+00;6,529438e+02;6,500061e+02;9,929128e+00;9,847933e+01;9,862763e-01;3,022809e-02;1,096920e-03;2,737008e-02;1,071359e-03;9,265039e-01;1,866144e+00;1,708383e-01;6,784198e+00;6,614873e+00;1,693252e-01;1,154042e-01;3,826545e-02;7,713876e-02;5,392097e-02;1,216715e-01;1,056941e-01;1,597743e-02;2,502337e+01
700;1,000000e+00;7,029961e+02;7,000074e+02;1,053480e+01;9,850144e+01;1,007930e+00;3,325970e-02;1,262658e-03;3,042123e-02;1,238603e-03;9,417449e-01;1,875988e+00;1,722858e-01;7,343439e+00;7,155442e+00;1,879963e-01;1,304299e-01;4,286357e-02;8,756635e-02;5,756640e-02;1,351587e-01;1,191873e-01;1,597131e-02;2,265617e+01
750;1,000000e+00;7,530565e+02;7,500088e+02;1,098364e+01;9,854146e+01;1,031860e+00;3,664873e-02;1,443203e-03;3,376583e-02;1,410062e-03;9,585870e-01;1,886691e+00;1,748532e-01;7,740361e+00;7,532244e+00;2,081177e-01;1,468190e-01;4,791125e-02;9,890773e-02;6,129876e-02;1,498690e-01;1,339098e-01;1,595913e-02;2,101428e+01
800;1,000000e+00;8,031231e+02;8,000104e+02;1,135446e+01;9,858621e+01;1,057539e+00;4,031613e-02;1,635209e-03;3,740385e-02;1,590567e-03;9,765885e-01;1,897983e+00;1,777196e-01;8,055944e+00;7,826370e+00;2,295738e-01;1,644465e-01;5,341090e-02;1,110356e-01;6,512725e-02;1,652794e-01;1,497578e-01;1,552164e-02;1,972986e+01
850;1,000000e+00;8,531942e+02;8,500122e+02;1,167352e+01;9,863179e+01;1,085151e+00;4,424195e-02;1,838891e-03;4,135698e-02;1,804244e-03;9,959049e-01;1,910019e+00;1,803968e-01;8,315737e+00;8,063343e+00;2,523943e-01;1,833313e-01;5,933946e-02;1,239919e-01;6,906291e-02;1,822186e-01;1,667346e-01;1,548405e-02;1,848963e+01
900;1,000000e+00;9,032694e+02;9,000143e+02;1,194281e+01;9,867782e+01;1,114413e+00;4,841156e-02;2,047830e-03;4,552142e-02;2,015325e-03;1,016414e+00;1,922537e+00;1,832322e-01;8,522519e+00;8,246156e+00;2,763633e-01;2,032763e-01;6,556738e-02;1,377089e-01;7,308701e-02;2,001105e-01;1,846657e-01;1,544480e-02;1,746756e+01
950;1,000000e+00;9,533489e+02;9,500166e+02;1,217559e+01;9,872286e+01;1,145324e+00;5,281689e-02;2,268352e-03;4,992084e-02;2,231524e-03;1,038083e+00;1,935852e+00;1,862396e-01;8,688692e+00;8,387084e+00;3,016078e-01;2,243958e-01;7,217292e-02;1,522229e-01;7,721201e-02;2,194800e-01;2,036639e-01;1,581616e-02;1,651342e+01
1000;1,000000e+00;1,003433e+03;1,000019e+03;1,241410e+01;9,876284e+01;1,177945e+00;5,742240e-02;2,496448e-03;5,454618e-02;2,465213e-03;1,060994e+00;1,949947e+00;1,896474e-01;8,856972e+00;8,528895e+00;3,280776e-01;2,466559e-01;7,913069e-02;1,675252e-01;8,142169e-02;2,395867e-01;2,236908e-01;1,589592e-02;1,569194e+01
1050;1,000000e+00;1,053521e+03;1,050022e+03;1,265728e+01;9,879857e+01;1,212326e+00;6,227086e-02;2,743834e-03;5,941205e-02;2,719294e-03;1,085159e+00;1,964837e+00;1,931466e-01;9,026344e+00;8,670595e+00;3,557498e-01;2,700807e-01;8,646473e-02;1,836160e-01;8,566915e-02;2,606228e-01;2,447855e-01;1,583728e-02;1,489881e+01
1100;1,000000e+00;1,103614e+03;1,100025e+03;1,290459e+01;9,883070e+01;1,247906e+00;6,725668e-02;3,013429e-03;6,442513e-02;2,977503e-03;1,110231e+00;1,980468e+00;1,968048e-01;9,196779e+00;8,812225e+00;3,845539e-01;2,945839e-01;9,411806e-02;2,004658e-01;8,997007e-02;2,826325e-01;2,668561e-01;1,577642e-02;1,424892e+01
1150;1,000000e+00;1,153711e+03;1,150029e+03;1,315741e+01;9,885956e+01;1,285157e+00;7,255237e-02;3,263372e-03;6,967960e-02;3,240871e-03;1,136419e+00;1,996797e+00;2,008730e-01;9,368903e+00;8,954358e+00;4,145454e-01;3,202331e-01;1,021248e-01;2,181083e-01;9,431229e-02;3,056812e-01;2,899693e-01;1,571192e-02;1,365587e+01
1200;1,000000e+00;1,203812e+03;1,200032e+03;1,341892e+01;9,888530e+01;1,324497e+00;7,810472e-02;3,553335e-03;7,522164e-02;3,489665e-03;1,164126e+00;2,013896e+00;2,052796e-01;9,545471e+00;9,099738e+00;4,457330e-01;3,470389e-01;1,104869e-01;2,365520e-01;9,869409e-02;3,297797e-01;3,141302e-01;1,564958e-02;1,308032e+01
1250;1,000000e+00;1,253917e+03;1,250037e+03;1,368513e+01;9,890861e+01;1,365665e+00;8,389127e-02;3,858406e-03;8,101207e-02;3,820672e-03;1,193081e+00;2,031944e+00;2,105003e-01;9,722503e+00;9,244447e+00;4,780558e-01;3,749925e-01;1,192138e-01;2,557787e-01;1,030634e-01;3,545163e-01;3,393384e-01;1,517792e-02;1,265053e+01
1300;1,000000e+00;1,304027e+03;1,300041e+03;1,395697e+01;9,892970e+01;1,408341e+00;8,993268e-02;4,166778e-03;8,700896e-02;4,125422e-03;1,223106e+00;2,050667e+00;2,156469e-01;9,901600e+00;9,390073e+00;5,115274e-01;4,040762e-01;1,282870e-01;2,757893e-01;1,074512e-01;3,807137e-01;3,655757e-01;1,513804e-02;1,221221e+01
1350;1,000000e+00;1,354141e+03;1,350046e+03;1,423480e+01;9,894879e+01;1,452674e+00;9,620057e-02;4,431454e-03;9,326445e-02;4,445823e-03;1,254331e+00;2,070065e+00;2,205298e-01;1,008356e+01;9,537374e+00;5,461902e-01;4,343183e-01;1,377186e-01;2,965996e-01;1,118719e-01;4,079684e-01;3,928728e-01;1,509566e-02;1,171301e+01
1400;1,000000e+00;1,404260e+03;1,400051e+03;1,451777e+01;9,896616e+01;1,498872e+00;1,027062e-01;4,794456e-03;9,972644e-02;4,778256e-03;1,286866e+00;2,090630e+00;2,257086e-01;1,026627e+01;9,684231e+00;5,820421e-01;4,657106e-01;1,475217e-01;3,181888e-01;1,163315e-01;4,362833e-01;4,212241e-01;1,505928e-02;1,125919e+01
1450;1,000000e+00;1,454382e+03;1,450057e+03;1,480595e+01;9,898198e+01;1,546857e+00;1,094492e-01;5,172836e-03;1,064421e-01;5,106781e-03;1,320685e+00;2,111993e+00;2,314647e-01;1,044995e+01;9,830850e+00;6,191005e-01;4,982691e-01;1,576908e-01;3,405783e-01;1,208314e-01;4,656834e-01;4,506470e-01;1,503644e-02;1,087013e+01
1500;1,000000e+00;1,504509e+03;1,500063e+03;1,509901e+01;9,899642e+01;1,596573e+00;1,164238e-01;5,534144e-03;1,134050e-01;5,478981e-03;1,355730e+00;2,134046e+00;2,376926e-01;1,063452e+01;9,977152e+00;6,573678e-01;5,319957e-01;1,682299e-01;3,637659e-01;1,253721e-01;4,961753e-01;4,811430e-01;1,503233e-02;1,052044e+01
1550;1,000000e+00;1,554641e+03;1,550069e+03;1,539794e+01;9,900955e+01;1,647964e+00;1,236282e-01;5,911688e-03;1,205953e-01;5,849431e-03;1,391980e+00;2,156725e+00;2,439119e-01;1,082161e+01;1,012481e+01;6,968045e-01;5,668520e-01;1,791106e-01;3,877414e-01;1,299525e-01;5,277270e-01;5,126847e-01;1,504229e-02;1,016643e+01
1600;1,000000e+00;1,604777e+03;1,600076e+03;1,570215e+01;9,902154e+01;1,700979e+00;1,310701e-01;6,260430e-03;1,280309e-01;6,236852e-03;1,429380e+00;2,180136e+00;2,507067e-01;1,100999e+01;1,027257e+01;7,374261e-01;6,028531e-01;1,903456e-01;4,125075e-01;1,345730e-01;5,603356e-01;5,452807e-01;1,505488e-02;9,891667e+00
1650;1,000000e+00;1,654917e+03;1,650083e+03;1,600936e+01;9,903262e+01;1,755473e+00;1,387396e-01;6,568091e-03;1,356830e-01;6,486755e-03;1,467995e+00;2,204478e+00;2,573333e-01;1,119810e+01;1,041887e+01;7,792274e-01;6,399884e-01;2,019248e-01;4,380636e-01;1,392389e-01;5,939818e-01;5,789230e-01;1,505874e-02;9,567826e+00
1700;1,000000e+00;1,705062e+03;1,700091e+03;1,632038e+01;9,904283e+01;1,811014e+00;1,466085e-01;6,746304e-03;1,435672e-01;6,761830e-03;1,507329e+00;2,229566e+00;2,641218e-01;1,138656e+01;1,056432e+01;8,222456e-01;6,782961e-01;2,138973e-01;4,643988e-01;1,439495e-01;6,291134e-01;6,136506e-01;1,546284e-02;9,245680e+00
1750;1,000000e+00;1,755211e+03;1,750099e+03;1,663575e+01;9,905221e+01;1,868156e+00;1,546929e-01;6,906433e-03;1,516705e-01;6,961444e-03;1,547924e+00;2,255323e+00;2,713372e-01;1,157611e+01;1,070970e+01;8,664114e-01;7,177066e-01;2,261913e-01;4,915153e-01;1,487048e-01;6,648245e-01;6,493977e-01;1,542684e-02;8,998895e+00
1800;1,000000e+00;1,805365e+03;1,800108e+03;1,695787e+01;9,906070e+01;1,926893e+00;1,630226e-01;7,084138e-03;1,599866e-01;7,048912e-03;1,589760e+00;2,281987e+00;2,785946e-01;1,176839e+01;1,085664e+01;9,117507e-01;7,582528e-01;2,388289e-01;5,194240e-01;1,534979e-01;7,020084e-01;6,862056e-01;1,580283e-02;8,735810e+00
1850;1,000000e+00;1,855522e+03;1,850117e+03;1,728495e+01;9,906846e+01;1,987534e+00;1,715980e-01;7,295595e-03;1,685279e-01;7,136831e-03;1,632976e+00;2,309958e+00;2,858506e-01;1,196181e+01;1,100355e+01;9,582532e-01;7,999329e-01;2,518118e-01;5,481211e-01;1,583203e-01;7,398029e-01;7,240624e-01;1,574059e-02;8,444059e+00
1900;1,000000e+00;1,905685e+03;1,900127e+03;1,761703e+01;9,907555e+01;2,049243e+00;1,803885e-01;7,484727e-03;1,772588e-01;6,954315e-03;1,677156e+00;2,338421e+00;2,936037e-01;1,215707e+01;1,115115e+01;1,005916e+00;8,427426e-01;2,651378e-01;5,776048e-01;1,631735e-01;7,786881e-01;7,629828e-01;1,570531e-02;8,223992e+00
1950;1,000000e+00;1,955852e+03;1,950137e+03;1,795445e+01;9,908201e+01;2,112536e+00;1,894041e-01;7,603376e-03;1,862667e-01;7,071726e-03;1,722189e+00;2,367919e+00;3,019632e-01;1,235331e+01;1,129854e+01;1,054772e+00;8,867258e-01;2,788343e-01;6,078915e-01;1,680460e-01;8,187262e-01;8,029998e-01;1,572640e-02;8,036566e+00
2000;1,000000e+00;2,006024e+03;2,000148e+03;1,829754e+01;9,908787e+01;2,177801e+00;1,986794e-01;7,862887e-03;1,954890e-01;7,104517e-03;1,768665e+00;2,398083e+00;3,106371e-01;1,255108e+01;1,144624e+01;1,104844e+00;9,319037e-01;2,929321e-01;6,389716e-01;1,729408e-01;8,599343e-01;8,441341e-01;1,580025e-02;7,855646e+00
2050;1,000000e+00;2,056200e+03;2,050159e+03;1,864914e+01;9,909303e+01;2,245810e+00;2,082219e-01;8,367883e-03;2,049751e-01;7,321487e-03;1,816923e+00;2,429296e+00;3,199557e-01;1,275164e+01;1,159554e+01;1,156103e+00;9,782442e-01;3,073890e-01;6,708552e-01;1,778586e-01;9,024396e-01;8,865593e-01;1,588029e-02;7,720963e+00
2100;1,000000e+00;2,106381e+03;2,100171e+03;1,900667e+01;9,909766e+01;2,316762e+00;2,180010e-01;9,010516e-03;2,148000e-01;8,329557e-03;1,866620e+00;2,461968e+00;3,294144e-01;1,295272e+01;1,174418e+01;1,208544e+00;1,025744e+00;3,222069e-01;7,035373e-01;1,827998e-01;9,458013e-01;9,298942e-01;1,590705e-02;7,539982e+00
2150;1,000000e+00;2,156567e+03;2,150183e+03;1,936868e+01;9,910187e+01;2,388764e+00;2,280417e-01;9,682388e-03;2,247647e-01;8,503736e-03;1,917771e+00;2,495328e+00;3,391303e-01;1,315522e+01;1,189310e+01;1,262117e+00;1,074410e+00;3,374020e-01;7,370080e-01;1,877069e-01;9,902465e-01;9,743402e-01;1,590633e-02;7,365033e+00
2200;1,000000e+00;2,206757e+03;2,200196e+03;1,973776e+01;9,910558e+01;2,461070e+00;2,382482e-01;9,968024e-03;2,349706e-01;8,863656e-03;1,969020e+00;2,529828e+00;3,490925e-01;1,336202e+01;1,204528e+01;1,316737e+00;1,124219e+00;3,529464e-01;7,712730e-01;1,925171e-01;1,035752e+00;1,019851e+00;1,590062e-02;7,211117e+00
2250;1,000000e+00;2,256951e+03;2,250210e+03;2,011595e+01;9,910871e+01;2,536386e+00;2,486584e-01;1,055533e-02;2,453996e-01;9,307676e-03;2,022464e+00;2,565869e+00;3,591368e-01;1,357173e+01;1,219920e+01;1,372529e+00;1,175223e+00;3,688442e-01;8,063783e-01;1,973064e-01;1,082826e+00;1,066503e+00;1,632343e-02;6,958866e+00
2300;1,000000e+00;2,307150e+03;2,300224e+03;2,049872e+01;9,911151e+01;2,613048e+00;2,593816e-01;1,107918e-02;2,560893e-01;9,781952e-03;2,076716e+00;2,602545e+00;3,698384e-01;1,378311e+01;1,235365e+01;1,429468e+00;1,227349e+00;3,850923e-01;8,422572e-01;2,021187e-01;1,130173e+00;1,114217e+00;1,595680e-02;6,848871e+00
2350;1,000000e+00;2,357355e+03;2,350239e+03;2,088802e+01;9,911392e+01;2,692328e+00;2,703866e-01;1,193846e-02;2,670112e-01;1,021775e-02;2,132774e+00;2,639503e+00;3,809111e-01;1,399828e+01;1,251068e+01;1,487592e+00;1,280639e+00;4,016862e-01;8,789532e-01;2,069522e-01;1,177001e+00;1,163040e+00;1,396044e-02;6,754893e+00
2400;1,000000e+00;2,407564e+03;2,400255e+03;2,128576e+01;9,911588e+01;2,772833e+00;2,816148e-01;1,251467e-02;2,781942e-01;1,075538e-02;2,189754e+00;2,677167e+00;3,925850e-01;1,421399e+01;1,266708e+01;1,546911e+00;1,335103e+00;4,186557e-01;9,164477e-01;2,118079e-01;1,229179e+00;1,213009e+00;1,617046e-02;6,717622e+00
2450;1,000000e+00;2,457777e+03;2,450271e+03;2,168421e+01;9,911773e+01;2,854343e+00;2,930547e-01;1,289564e-02;2,896135e-01;1,119266e-02;2,247586e+00;2,715722e+00;4,038114e-01;1,442975e+01;1,282230e+01;1,607441e+00;1,390755e+00;4,360179e-01;9,547373e-01;2,166859e-01;1,280590e+00;1,264113e+00;1,647718e-02;6,567536e+00
2500;1,000000e+00;2,507995e+03;2,500288e+03;2,208613e+01;9,911937e+01;2,937183e+00;3,047092e-01;1,314958e-02;3,012921e-01;1,180208e-02;2,306229e+00;2,755711e+00;4,152540e-01;1,464568e+01;1,297655e+01;1,669132e+00;1,447546e+00;4,537425e-01;9,938034e-01;2,215862e-01;1,332297e+00;1,316325e+00;1,597213e-02;6,419679e+00
2550;1,000000e+00;2,558218e+03;2,550305e+03;2,249591e+01;9,912064e+01;3,022294e+00;3,166172e-01;1,356864e-02;3,131991e-01;1,234967e-02;2,366560e+00;2,798004e+00;4,271098e-01;1,486348e+01;1,313144e+01;1,732037e+00;1,505525e+00;4,718444e-01;1,033680e+00;2,265122e-01;1,385022e+00;1,369847e+00;1,517516e-02;6,292590e+00
2600;1,000000e+00;2,608445e+03;2,600323e+03;2,290830e+01;9,912176e+01;3,107774e+00;3,287280e-01;1,361100e-02;3,253613e-01;1,293333e-02;2,427141e+00;2,839294e+00;4,390318e-01;1,508221e+01;1,328608e+01;1,796126e+00;1,564680e+00;4,903123e-01;1,074368e+00;2,314456e-01;1,439993e+00;1,424338e+00;1,565512e-02;6,126815e+00
2650;1,000000e+00;2,658677e+03;2,650342e+03;2,332551e+01;9,912266e+01;3,194723e+00;3,410625e-01;1,361345e-02;3,377602e-01;1,349029e-02;2,488796e+00;2,881536e+00;4,519776e-01;1,530171e+01;1,344031e+01;1,861401e+00;1,624999e+00;5,091513e-01;1,115848e+00;2,364011e-01;1,495564e+00;1,479959e+00;1,560508e-02;6,095083e+00
2700;1,000000e+00;2,708914e+03;2,700362e+03;2,375202e+01;9,912319e+01;3,284405e+00;3,536577e-01;1,383633e-02;3,504213e-01;1,412018e-02;2,552369e+00;2,924839e+00;4,652301e-01;1,552407e+01;1,359621e+01;1,927857e+00;1,686480e+00;5,283501e-01;1,158130e+00;2,413770e-01;1,553478e+00;1,536702e+00;1,677562e-02;6,057180e+00
2750;1,000000e+00;2,759156e+03;2,750382e+03;2,417978e+01;9,912365e+01;3,375267e+00;3,664824e-01;1,396633e-02;3,632794e-01;1,457273e-02;2,616966e+00;2,969194e+00;4,783324e-01;1,574552e+01;1,375000e+01;1,995519e+00;1,749147e+00;5,479437e-01;1,201203e+00;2,463724e-01;1,611470e+00;1,594594e+00;1,687577e-02;5,961329e+00
2800;1,000000e+00;2,809402e+03;2,800404e+03;2,461337e+01;9,912389e+01;3,467712e+00;3,795288e-01;1,404393e-02;3,763998e-01;1,525495e-02;2,682485e+00;3,014621e+00;4,915080e-01;1,596890e+01;1,390453e+01;2,064375e+00;1,812986e+00;5,679170e-01;1,245069e+00;2,513894e-01;1,670628e+00;1,653634e+00;1,699350e-02;5,842949e+00
2850;1,000000e+00;2,859653e+03;2,850426e+03;2,505376e+01;9,912389e+01;3,563469e+00;3,928930e-01;1,487520e-02;3,897673e-01;1,616424e-02;2,749769e+00;3,062016e+00;5,049740e-01;1,619282e+01;1,405842e+01;2,134400e+00;1,877973e+00;5,882485e-01;1,289724e+00;2,564266e-01;1,730479e+00;1,713801e+00;1,667794e-02;5,749373e+00
2900;1,000000e+00;2,909909e+03;2,900448e+03;2,549833e+01;9,912374e+01;3,659155e+00;4,064342e-01;1,519635e-02;4,032389e-01;1,596261e-02;2,818323e+00;3,110447e+00;5,184843e-01;1,641843e+01;1,421281e+01;2,205617e+00;1,944126e+00;6,089498e-01;1,335176e+00;2,614908e-01;1,791810e+00;1,775121e+00;1,668904e-02;5,636149e+00
2950;1,000000e+00;2,960170e+03;2,950472e+03;2,595126e+01;9,912332e+01;3,759844e+00;4,202707e-01;1,616231e-02;4,171017e-01;1,703152e-02;2,889277e+00;3,159057e+00;5,322342e-01;1,664582e+01;1,436781e+01;2,278016e+00;2,011454e+00;6,300319e-01;1,381422e+00;2,665620e-01;1,854307e+00;1,837604e+00;1,670254e-02;5,512204e+00
3000;1,000000e+00;3,010435e+03;3,000496e+03;2,641413e+01;9,912258e+01;3,866432e+00;4,345563e-01;1,855491e-02;4,310595e-01;1,703989e-02;2,965221e+00;3,208741e+00;5,461132e-01;1,687530e+01;1,452369e+01;2,351612e+00;2,079951e+00;6,514808e-01;1,428471e+00;2,716605e-01;1,917536e+00;1,901243e+00;1,629297e-02;5,363980e+00
3050;1,000000e+00;3,060705e+03;3,050521e+03;2,688153e+01;9,912172e+01;3,974743e+00;4,489976e-01;2,059745e-02;4,453677e-01;1,810652e-02;3,041673e+00;3,259581e+00;5,607290e-01;1,710383e+01;1,467746e+01;2,426371e+00;2,149591e+00;6,732978e-01;1,476293e+00;2,767796e-01;1,982653e+00;1,966360e+00;1,629298e-02;5,330126e+00
3100;1,000000e+00;3,110981e+03;3,100547e+03;2,734299e+01;9,912108e+01;4,074792e+00;4,633976e-01;2,009439e-02;4,598817e-01;1,896701e-02;3,112451e+00;3,310592e+00;5,754843e-01;1,733347e+01;1,483111e+01;2,502356e+00;2,220437e+00;6,954965e-01;1,524941e+00;2,819186e-01;2,048655e+00;2,032363e+00;1,629260e-02;5,266773e+00
3150;1,000000e+00;3,161260e+03;3,150574e+03;2,781227e+01;9,912022e+01;4,178668e+00;4,780925e-01;2,014451e-02;4,746386e-01;1,976108e-02;3,186031e+00;3,362772e+00;5,904300e-01;1,756457e+01;1,498504e+01;2,579528e+00;2,292451e+00;7,180695e-01;1,574382e+00;2,870771e-01;2,115832e+00;2,099541e+00;1,629173e-02;5,184228e+00
3200;1,000000e+00;3,211545e+03;3,200601e+03;2,829245e+01;9,911904e+01;4,286906e+00;4,931035e-01;2,091927e-02;4,895979e-01;2,026351e-02;3,263022e+00;3,416044e+00;6,056557e-01;1,779912e+01;1,514121e+01;2,657908e+00;2,365653e+00;7,410288e-01;1,624625e+00;2,922547e-01;2,184726e+00;2,167910e+00;1,681634e-02;5,106941e+00
3250;1,000000e+00;3,261835e+03;3,250630e+03;2,877310e+01;9,911789e+01;4,394469e+00;5,082891e-01;2,107615e-02;5,046939e-01;1,974700e-02;3,340662e+00;3,469968e+00;6,210996e-01;1,803331e+01;1,529585e+01;2,737461e+00;2,440010e+00;7,643380e-01;1,675672e+00;2,974503e-01;2,254252e+00;2,237437e+00;1,681564e-02;5,023249e+00
3300;1,000000e+00;3,312130e+03;3,300659e+03;2,925948e+01;9,911660e+01;4,504931e+00;5,237631e-01;2,173006e-02;5,201190e-01;2,021380e-02;3,419105e+00;3,525064e+00;6,368759e-01;1,826763e+01;1,544942e+01;2,818209e+00;2,515545e+00;7,880414e-01;1,727504e+00;3,026639e-01;2,324980e+00;2,308165e+00;1,681554e-02;4,953037e+00
3350;1,000000e+00;3,362429e+03;3,350690e+03;2,975050e+01;9,911521e+01;4,617077e+00;5,394563e-01;2,233284e-02;5,357488e-01;2,042343e-02;3,499116e+00;3,581105e+00;6,527464e-01;1,850270e+01;1,560259e+01;2,900113e+00;2,592217e+00;8,120861e-01;1,780131e+00;3,078962e-01;2,396871e+00;2,380056e+00;1,681550e-02;4,873996e+00
3400;1,000000e+00;3,412734e+03;3,400721e+03;3,024749e+01;9,911369e+01;4,731187e+00;5,554032e-01;2,279492e-02;5,517558e-01;2,176969e-02;3,579464e+00;3,638514e+00;6,690929e-01;1,873870e+01;1,575544e+01;2,983250e+00;2,670103e+00;8,365282e-01;1,833575e+00;3,131473e-01;2,470004e+00;2,453189e+00;1,681499e-02;4,803741e+00
3450;1,000000e+00;3,463043e+03;3,450753e+03;3,074837e+01;9,911210e+01;4,844748e+00;5,715452e-01;2,269949e-02;5,679490e-01;2,262938e-02;3,659924e+00;3,698184e+00;6,856516e-01;1,897542e+01;1,590782e+01;3,067608e+00;2,749185e+00;8,613605e-01;1,887824e+00;3,184233e-01;2,544362e+00;2,527546e+00;1,681593e-02;4,733874e+00
3500;1,000000e+00;3,513357e+03;3,500786e+03;3,125254e+01;9,911047e+01;4,958806e+00;5,878791e-01;2,210827e-02;5,843778e-01;2,340697e-02;3,741033e+00;3,757159e+00;7,023948e-01;1,921426e+01;1,606112e+01;3,153136e+00;2,829424e+00;8,865556e-01;1,942869e+00;3,237119e-01;2,619916e+00;2,603100e+00;1,681538e-02;4,656809e+00
3550;1,000000e+00;3,563677e+03;3,550820e+03;3,176591e+01;9,910862e+01;5,078408e+00;6,045418e-01;2,251201e-02;6,011719e-01;2,526598e-02;3,824916e+00;3,817417e+00;7,195431e-01;1,945368e+01;1,621380e+01;3,239874e+00;2,910857e+00;9,121384e-01;1,998719e+00;3,290169e-01;2,696861e+00;2,680046e+00;1,681515e-02;4,591421e+00
3600;1,000000e+00;3,614001e+03;3,600855e+03;3,228156e+01;9,910676e+01;5,197207e+00;6,214278e-01;2,264542e-02;6,179750e-01;2,509179e-02;3,910066e+00;3,878201e+00;7,369216e-01;1,969435e+01;1,636654e+01;3,327810e+00;2,993473e+00;9,381028e-01;2,055370e+00;3,343374e-01;2,774882e+00;2,758067e+00;1,681490e-02;4,526374e+00
3650;1,000000e+00;3,664330e+03;3,650891e+03;3,280565e+01;9,910473e+01;5,320541e+00;6,385694e-01;2,362948e-02;6,350652e-01;2,558971e-02;3,997687e+00;3,940203e+00;7,546634e-01;1,993614e+01;1,651923e+01;3,416909e+00;3,077232e+00;9,644360e-01;2,112796e+00;3,396774e-01;2,854108e+00;2,837294e+00;1,681418e-02;4,482100e+00
3700;1,000000e+00;3,714665e+03;3,700927e+03;3,333354e+01;9,910265e+01;5,443396e+00;6,558235e-01;2,330478e-02;6,525899e-01;2,763510e-02;4,084043e+00;4,003237e+00;7,724755e-01;2,017987e+01;1,667266e+01;3,507203e+00;3,162166e+00;9,911445e-01;2,171022e+00;3,450368e-01;2,934559e+00;2,917746e+00;1,681345e-02;4,421293e+00
3750;1,000000e+00;3,765004e+03;3,750965e+03;3,385728e+01;9,910074e+01;5,560936e+00;6,731687e-01;2,083043e-02;6,702182e-01;2,894313e-02;4,167775e+00;4,066805e+00;7,903580e-01;2,042293e+01;1,682424e+01;3,598685e+00;3,248272e+00;1,018222e+00;2,230050e+00;3,504132e-01;3,016249e+00;2,999436e+00;1,681270e-02;4,342511e+00
3800;1,000000e+00;3,815348e+03;3,801004e+03;3,439851e+01;9,909842e+01;5,691265e+00;6,911570e-01;2,333225e-02;6,878304e-01;2,803943e-02;4,260905e+00;4,131639e+00;8,085980e-01;2,066779e+01;1,697637e+01;3,691412e+00;3,335605e+00;1,045704e+00;2,289901e+00;3,558066e-01;3,099225e+00;3,082413e+00;1,681193e-02;4,280174e+00
3850;1,000000e+00;3,865698e+03;3,851044e+03;3,493997e+01;9,909615e+01;5,817466e+00;7,091726e-01;2,295478e-02;7,058809e-01;2,863094e-02;4,350826e+00;4,197349e+00;8,273045e-01;2,091440e+01;1,712906e+01;3,785339e+00;3,424122e+00;1,073559e+00;2,350563e+00;3,612165e-01;3,183457e+00;3,166646e+00;1,681115e-02;4,248578e+00
3900;1,000000e+00;3,916052e+03;3,901085e+03;3,548944e+01;9,909374e+01;5,947153e+00;7,274633e-01;2,291865e-02;7,242600e-01;2,987869e-02;4,442632e+00;4,264222e+00;8,462858e-01;2,116282e+01;1,728234e+01;3,880478e+00;3,513837e+00;1,101796e+00;2,412041e+00;3,666415e-01;3,268963e+00;3,252153e+00;1,681034e-02;4,213693e+00
3950;1,000000e+00;3,966412e+03;3,951127e+03;3,604224e+01;9,909131e+01;6,076720e+00;7,459777e-01;2,260952e-02;7,427900e-01;3,034225e-02;4,535000e+00;4,331861e+00;8,654547e-01;2,141244e+01;1,743561e+01;3,976837e+00;3,604756e+00;1,130432e+00;2,474325e+00;3,720805e-01;3,355757e+00;3,338948e+00;1,680951e-02;4,160691e+00
4000;1,000000e+00;4,016777e+03;4,001170e+03;3,660534e+01;9,908869e+01;6,212504e+00;7,648242e-01;2,394371e-02;7,616145e-01;3,143148e-02;4,630690e+00;4,400703e+00;8,848874e-01;2,166345e+01;1,758909e+01;4,074358e+00;3,696824e+00;1,159421e+00;2,537403e+00;3,775340e-01;3,443792e+00;3,426983e+00;1,680866e-02;4,131068e+00
4050;1,000000e+00;4,067147e+03;4,051214e+03;3,717699e+01;9,908592e+01;6,352170e+00;7,839777e-01;2,610309e-02;7,806720e-01;3,239833e-02;4,729019e+00;4,470589e+00;9,046840e-01;2,191625e+01;1,774315e+01;4,173097e+00;3,790096e+00;1,188802e+00;2,601294e+00;3,830018e-01;3,533299e+00;3,516491e+00;1,680780e-02;4,095325e+00
4100;1,000000e+00;4,117522e+03;4,101260e+03;3,775399e+01;9,908309e+01;6,492284e+00;8,033473e-01;2,774031e-02;7,999270e-01;3,305652e-02;4,828212e+00;4,541440e+00;9,247413e-01;2,217157e+01;1,789851e+01;4,273059e+00;3,884575e+00;1,218567e+00;2,666008e+00;3,884838e-01;3,623952e+00;3,607145e+00;1,680690e-02;4,065240e+00
4150;1,000000e+00;4,167902e+03;4,151306e+03;3,833125e+01;9,908032e+01;6,629408e+00;8,228351e-01;2,795143e-02;8,193163e-01;3,297337e-02;4,926332e+00;4,612966e+00;9,449050e-01;2,242808e+01;1,805388e+01;4,374204e+00;3,980224e+00;1,248712e+00;2,731512e+00;3,939800e-01;3,715889e+00;3,699083e+00;1,680598e-02;4,028733e+00
4200;1,000000e+00;4,218287e+03;4,201354e+03;3,891559e+01;9,907746e+01;6,770853e+00;8,426433e-01;2,896644e-02;8,390304e-01;3,362879e-02;5,026584e+00;4,685580e+00;9,653373e-01;2,268468e+01;1,820813e+01;4,476553e+00;4,077063e+00;1,279231e+00;2,797832e+00;3,994901e-01;3,809132e+00;3,792327e+00;1,680504e-02;4,003896e+00
4250;1,000000e+00;4,268678e+03;4,251402e+03;3,950614e+01;9,907451e+01;6,914933e+00;8,627206e-01;3,020127e-02;8,590861e-01;3,511580e-02;5,127809e+00;4,759263e+00;9,859814e-01;2,294230e+01;1,836221e+01;4,580088e+00;4,175074e+00;1,310122e+00;2,864952e+00;4,050145e-01;3,903669e+00;3,886865e+00;1,680402e-02;3,984633e+00
4300;1,000000e+00;4,319074e+03;4,301452e+03;4,010097e+01;9,907154e+01;7,058975e+00;8,829566e-01;3,082228e-02;8,792292e-01;3,536060e-02;5,230606e+00;4,833685e+00;1,006949e+00;2,320185e+01;1,851703e+01;4,684821e+00;4,274267e+00;1,341387e+00;2,932880e+00;4,105537e-01;3,999507e+00;3,982704e+00;1,680289e-02;3,969007e+00
4350;1,000000e+00;4,369475e+03;4,351503e+03;4,069863e+01;9,906857e+01;7,202505e+00;9,033846e-01;3,080699e-02;8,995476e-01;3,498697e-02;5,333778e+00;4,908998e+00;1,028164e+00;2,346230e+01;1,867150e+01;4,790798e+00;4,374688e+00;1,373047e+00;3,001641e+00;4,161100e-01;4,096659e+00;4,079857e+00;1,680176e-02;3,930179e+00
4400;1,000000e+00;4,419881e+03;4,401555e+03;4,129997e+01;9,906559e+01;7,345280e+00;9,239740e-01;2,965289e-02;9,201129e-01;3,445669e-02;5,437084e+00;4,985190e+00;1,049510e+00;2,372484e+01;1,882684e+01;4,897998e+00;4,476315e+00;1,405106e+00;3,071209e+00;4,216835e-01;4,195154e+00;4,178353e+00;1,680026e-02;3,877678e+00
4450;1,000000e+00;4,470292e+03;4,451609e+03;4,191003e+01;9,906248e+01;7,491955e+00;9,448776e-01;2,944686e-02;9,409513e-01;3,421981e-02;5,542459e+00;5,062383e+00;1,071027e+00;2,398971e+01;1,898331e+01;5,006398e+00;4,579125e+00;1,437540e+00;3,141585e+00;4,272736e-01;4,294955e+00;4,278156e+00;1,679868e-02;3,825985e+00
4500;1,000000e+00;4,520709e+03;4,501663e+03;4,252296e+01;9,905937e+01;7,640837e+00;9,660269e-01;2,926394e-02;9,620564e-01;3,424231e-02;5,649247e+00;5,140619e+00;1,092824e+00;2,425256e+01;1,913655e+01;5,116012e+00;4,683133e+00;1,470361e+00;3,212772e+00;4,328790e-01;4,396125e+00;4,379327e+00;1,679747e-02;3,769746e+00
4550;1,000000e+00;4,571130e+03;4,551719e+03;4,314018e+01;9,905625e+01;7,788519e+00;9,873380e-01;2,824860e-02;9,832165e-01;3,225185e-02;5,757464e+00;5,219511e+00;1,114862e+00;2,451671e+01;1,928989e+01;5,226820e+00;4,788321e+00;1,503560e+00;3,284762e+00;4,384983e-01;4,500578e+00;4,483781e+00;1,679624e-02;3,729577e+00
4600;1,000000e+00;4,621558e+03;4,601776e+03;4,377454e+01;9,905282e+01;7,950644e+00;1,008994e+00;2,824495e-02;1,005796e+00;4,081159e-02;5,866797e+00;5,300490e+00;1,137535e+00;2,478134e+01;1,944246e+01;5,338879e+00;4,894748e+00;1,537159e+00;3,357589e+00;4,441306e-01;4,604534e+00;4,587740e+00;1,679465e-02;3,689095e+00
4650;1,000000e+00;4,671990e+03;4,651834e+03;4,440848e+01;9,904947e+01;8,108833e+00;1,030833e+00;2,736260e-02;1,028197e+00;4,513488e-02;5,977305e+00;5,382093e+00;1,160314e+00;2,504740e+01;1,959525e+01;5,452149e+00;5,002372e+00;1,571141e+00;3,431231e+00;4,497767e-01;4,709849e+00;4,693057e+00;1,679236e-02;3,645668e+00
4700;1,000000e+00;4,722428e+03;4,701893e+03;4,504992e+01;9,904604e+01;8,270072e+00;1,053004e+00;2,796689e-02;1,050732e+00;4,854048e-02;6,089829e+00;5,464499e+00;1,183430e+00;2,531535e+01;1,974872e+01;5,566633e+00;5,111195e+00;1,605511e+00;3,505684e+00;4,554380e-01;4,816563e+00;4,799773e+00;1,679077e-02;3,617438e+00
4750;1,000000e+00;4,772871e+03;4,751954e+03;4,568981e+01;9,904272e+01;8,426937e+00;1,075335e+00;2,706628e-02;1,073086e+00;4,892060e-02;6,202528e+00;5,547543e+00;1,206622e+00;2,558406e+01;1,990173e+01;5,682328e+00;5,221213e+00;1,640264e+00;3,580949e+00;4,611151e-01;4,924645e+00;4,907856e+00;1,678881e-02;3,579537e+00
4800;1,000000e+00;4,823319e+03;4,802016e+03;4,633369e+01;9,903938e+01;8,583966e+00;1,097871e+00;2,542572e-02;1,095649e+00;4,904284e-02;6,315978e+00;5,631482e+00;1,230000e+00;2,585413e+01;2,005489e+01;5,799233e+00;5,332424e+00;1,675395e+00;3,657029e+00;4,668085e-01;5,034113e+00;5,017325e+00;1,678714e-02;3,534588e+00
4850;1,000000e+00;4,873773e+03;4,852080e+03;4,699382e+01;9,903578e+01;8,752591e+00;1,120975e+00;2,891209e-02;1,118868e+00;5,266370e-02;6,431172e+00;5,716870e+00;1,253725e+00;2,612560e+01;2,020821e+01;5,917393e+00;5,444874e+00;1,710934e+00;3,733940e+00;4,725180e-01;5,145034e+00;5,128248e+00;1,678577e-02;3,493072e+00
4900;1,000000e+00;4,924232e+03;4,902144e+03;4,765247e+01;9,903229e+01;8,916902e+00;1,144100e+00;2,898934e-02;1,141997e+00;5,338306e-02;6,548433e+00;5,802827e+00;1,277783e+00;2,639760e+01;2,036084e+01;6,036759e+00;5,558515e+00;1,746855e+00;3,811660e+00;4,782441e-01;5,257357e+00;5,240572e+00;1,678439e-02;3,461737e+00
4950;1,000000e+00;4,974697e+03;4,952210e+03;4,831971e+01;9,902869e+01;9,085916e+00;1,167585e+00;3,092414e-02;1,165488e+00;5,514515e-02;6,666773e+00;5,889952e+00;1,302009e+00;2,667074e+01;2,051339e+01;6,157346e+00;5,673360e+00;1,783157e+00;3,890203e+00;4,839868e-01;5,371096e+00;5,354313e+00;1,678299e-02;3,426561e+00
5000;1,000000e+00;5,025166e+03;5,002277e+03;4,899161e+01;9,902507e+01;9,255480e+00;1,191261e+00;3,207531e-02;1,189143e+00;5,626140e-02;6,786740e+00;5,977910e+00;1,326497e+00;2,694551e+01;2,066637e+01;6,279138e+00;5,789393e+00;1,819839e+00;3,969554e+00;4,897455e-01;5,486213e+00;5,469431e+00;1,678152e-02;3,393733e+00
5050;1,000000e+00;5,075642e+03;5,052346e+03;4,966781e+01;9,902145e+01;9,424950e+00;1,215214e+00;3,366480e-02;1,213173e+00;5,852028e-02;6,904378e+00;6,066881e+00;1,351211e+00;2,722137e+01;2,081919e+01;6,402175e+00;5,906654e+00;1,856919e+00;4,049735e+00;4,955208e-01;5,603404e+00;5,586624e+00;1,677998e-02;3,354639e+00
