filename;Time / s;GaNFET1_Junction;GaNFET2_Junction;GaNFET3_Junction;GaNFET4_Junction;GaNFET5_Junction;GaNFET6_Junction;GaNFET_Package_temp;MOSFET7_Junction;MOSFET8_Junction;MOSFET7_Package_temp;MOSFET8_Package_temp
50;1,000000e+00;6,721010e+01;6,720184e+01;6,720141e+01;6,717631e+01;6,716930e+01;6,717964e+01;5,765303e+01;4,433675e+01;4,456618e+01;3,715597e+01;3,730000e+01
150;1,000000e+00;6,713731e+01;6,712840e+01;6,712764e+01;6,710149e+01;6,709626e+01;6,710722e+01;5,759624e+01;4,434020e+01;4,456886e+01;3,715797e+01;3,730158e+01
200;1,000000e+00;6,712852e+01;6,711818e+01;6,711994e+01;6,709428e+01;6,708664e+01;6,709955e+01;5,758963e+01;4,434639e+01;4,457476e+01;3,716176e+01;3,730518e+01
250;1,000000e+00;6,711031e+01;6,711069e+01;6,711208e+01;6,708459e+01;6,708089e+01;6,708258e+01;5,758112e+01;4,435414e+01;4,458218e+01;3,716649e+01;3,730972e+01
300;1,000000e+00;6,709880e+01;6,709708e+01;6,710036e+01;6,707085e+01;6,706395e+01;6,706890e+01;5,757065e+01;4,436343e+01;4,459147e+01;3,717217e+01;3,731540e+01
350;1,000000e+00;6,709196e+01;6,708528e+01;6,709460e+01;6,706780e+01;6,705346e+01;6,706299e+01;5,756499e+01;4,437422e+01;4,460208e+01;3,717878e+01;3,732189e+01
400;1,000000e+00;6,708540e+01;6,708410e+01;6,709042e+01;6,706760e+01;6,705499e+01;6,705729e+01;5,756290e+01;4,438628e+01;4,461394e+01;3,718615e+01;3,732914e+01
450;1,000000e+00;6,708264e+01;6,707818e+01;6,706910e+01;6,704684e+01;6,704077e+01;6,705858e+01;5,755469e+01;4,439927e+01;4,462705e+01;3,719411e+01;3,733717e+01
500;1,000000e+00;6,713343e+01;6,713398e+01;6,713835e+01;6,710773e+01;6,709767e+01;6,710251e+01;5,759819e+01;4,441504e+01;4,464273e+01;3,720375e+01;3,734676e+01
550;1,000000e+00;6,713822e+01;6,714300e+01;6,714534e+01;6,711880e+01;6,711121e+01;6,711161e+01;5,760521e+01;4,443378e+01;4,466163e+01;3,721523e+01;3,735835e+01
600;1,000000e+00;6,713128e+01;6,714844e+01;6,713039e+01;6,709950e+01;6,711369e+01;6,710151e+01;5,759963e+01;4,445250e+01;4,468017e+01;3,722669e+01;3,736969e+01
650;1,000000e+00;6,715248e+01;6,714675e+01;6,714514e+01;6,712129e+01;6,711674e+01;6,712692e+01;5,761052e+01;4,447314e+01;4,470054e+01;3,723933e+01;3,738216e+01
700;1,000000e+00;6,716842e+01;6,715791e+01;6,717987e+01;6,715331e+01;6,712496e+01;6,714141e+01;5,762554e+01;4,449468e+01;4,472240e+01;3,725251e+01;3,739554e+01
750;1,000000e+00;6,718879e+01;6,718220e+01;6,718221e+01;6,715604e+01;6,715286e+01;6,716154e+01;5,763814e+01;4,451851e+01;4,474642e+01;3,726710e+01;3,741025e+01
800;1,000000e+00;6,720903e+01;6,718497e+01;6,720346e+01;6,717434e+01;6,715331e+01;6,717980e+01;5,764862e+01;4,454336e+01;4,477209e+01;3,728232e+01;3,742596e+01
850;1,000000e+00;6,722181e+01;6,720554e+01;6,722059e+01;6,719429e+01;6,717528e+01;6,719520e+01;5,766251e+01;4,457054e+01;4,479951e+01;3,729895e+01;3,744274e+01
900;1,000000e+00;6,723300e+01;6,722454e+01;6,723262e+01;6,720599e+01;6,719507e+01;6,720702e+01;5,767354e+01;4,459979e+01;4,482860e+01;3,731686e+01;3,746055e+01
950;1,000000e+00;6,724417e+01;6,723597e+01;6,724512e+01;6,721866e+01;6,720707e+01;6,721816e+01;5,768268e+01;4,463135e+01;4,485951e+01;3,733618e+01;3,747947e+01
1000;1,000000e+00;6,725616e+01;6,724955e+01;6,725761e+01;6,723144e+01;6,721897e+01;6,722923e+01;5,769220e+01;4,466350e+01;4,489218e+01;3,735585e+01;3,749947e+01
1050;1,000000e+00;6,726789e+01;6,726159e+01;6,726762e+01;6,724215e+01;6,723114e+01;6,724072e+01;5,770098e+01;4,470164e+01;4,493047e+01;3,737927e+01;3,752297e+01
1100;1,000000e+00;6,727953e+01;6,727404e+01;6,727951e+01;6,725291e+01;6,724320e+01;6,725174e+01;5,770998e+01;4,473735e+01;4,496628e+01;3,740113e+01;3,754490e+01
1150;1,000000e+00;6,729120e+01;6,728574e+01;6,729192e+01;6,726320e+01;6,725354e+01;6,726153e+01;5,771851e+01;4,477478e+01;4,500399e+01;3,742405e+01;3,756799e+01
1200;1,000000e+00;6,730304e+01;6,729851e+01;6,730532e+01;6,727873e+01;6,726885e+01;6,727622e+01;5,772929e+01;4,481389e+01;4,504302e+01;3,744799e+01;3,759188e+01
1250;1,000000e+00;6,731540e+01;6,731031e+01;6,731803e+01;6,729195e+01;6,728032e+01;6,728837e+01;5,773879e+01;4,485394e+01;4,508384e+01;3,747252e+01;3,761686e+01
1300;1,000000e+00;6,732827e+01;6,732286e+01;6,733108e+01;6,730501e+01;6,729354e+01;6,730127e+01;5,774880e+01;4,489609e+01;4,512613e+01;3,749832e+01;3,764275e+01
1350;1,000000e+00;6,734152e+01;6,733572e+01;6,734431e+01;6,731829e+01;6,730618e+01;6,731477e+01;5,775895e+01;4,494012e+01;4,517029e+01;3,752526e+01;3,766978e+01
1400;1,000000e+00;6,735448e+01;6,734862e+01;6,735715e+01;6,733176e+01;6,731947e+01;6,732830e+01;5,776913e+01;4,498604e+01;4,521617e+01;3,755338e+01;3,769786e+01
1450;1,000000e+00;6,736751e+01;6,736149e+01;6,737046e+01;6,734496e+01;6,733251e+01;6,734181e+01;5,777931e+01;4,503361e+01;4,526376e+01;3,758250e+01;3,772699e+01
1500;1,000000e+00;6,738240e+01;6,737511e+01;6,738505e+01;6,735838e+01;6,734566e+01;6,735532e+01;5,779004e+01;4,508303e+01;4,531321e+01;3,761275e+01;3,775726e+01
1550;1,000000e+00;6,739476e+01;6,738857e+01;6,739881e+01;6,737247e+01;6,735892e+01;6,736857e+01;5,780037e+01;4,513498e+01;4,536509e+01;3,764457e+01;3,778903e+01
1600;1,000000e+00;6,740777e+01;6,740118e+01;6,741361e+01;6,738619e+01;6,737192e+01;6,738131e+01;5,781067e+01;4,518786e+01;4,541811e+01;3,767694e+01;3,782149e+01
1650;1,000000e+00;6,742002e+01;6,741509e+01;6,742719e+01;6,740019e+01;6,738526e+01;6,739437e+01;5,782100e+01;4,524197e+01;4,547260e+01;3,771005e+01;3,785484e+01
1700;1,000000e+00;6,743209e+01;6,742849e+01;6,744159e+01;6,741438e+01;6,739869e+01;6,740550e+01;5,783114e+01;4,529879e+01;4,552867e+01;3,774483e+01;3,788916e+01
1750;1,000000e+00;6,744504e+01;6,744193e+01;6,745565e+01;6,742868e+01;6,741250e+01;6,741822e+01;5,784161e+01;4,535622e+01;4,558634e+01;3,777998e+01;3,792446e+01
1800;1,000000e+00;6,745819e+01;6,745583e+01;6,747031e+01;6,744351e+01;6,742605e+01;6,743108e+01;5,785231e+01;4,541631e+01;4,564574e+01;3,781674e+01;3,796082e+01
1850;1,000000e+00;6,747182e+01;6,746976e+01;6,748496e+01;6,745816e+01;6,744007e+01;6,744443e+01;5,786317e+01;4,547701e+01;4,570680e+01;3,785389e+01;3,799819e+01
1900;1,000000e+00;6,748580e+01;6,748385e+01;6,749970e+01;6,747310e+01;6,745439e+01;6,745730e+01;5,787412e+01;4,553951e+01;4,576957e+01;3,789214e+01;3,803661e+01
1950;1,000000e+00;6,750026e+01;6,749792e+01;6,751440e+01;6,748757e+01;6,746796e+01;6,747147e+01;5,788513e+01;4,560382e+01;4,583399e+01;3,793150e+01;3,807604e+01
2000;1,000000e+00;6,751500e+01;6,751223e+01;6,752880e+01;6,750253e+01;6,748256e+01;6,748598e+01;5,789641e+01;4,567011e+01;4,590021e+01;3,797207e+01;3,811656e+01
2050;1,000000e+00;6,752988e+01;6,752681e+01;6,754362e+01;6,751714e+01;6,749675e+01;6,750102e+01;5,790777e+01;4,576969e+01;4,599979e+01;3,803354e+01;3,817803e+01
2100;1,000000e+00;6,754359e+01;6,754141e+01;6,755875e+01;6,753268e+01;6,751251e+01;6,751546e+01;5,791927e+01;4,583925e+01;4,606955e+01;3,807611e+01;3,822072e+01
2150;1,000000e+00;6,755811e+01;6,755599e+01;6,757394e+01;6,754743e+01;6,752700e+01;6,753007e+01;5,793063e+01;4,591075e+01;4,614127e+01;3,811987e+01;3,826462e+01
2200;1,000000e+00;6,757367e+01;6,757141e+01;6,758951e+01;6,756346e+01;6,754245e+01;6,754633e+01;5,794279e+01;4,598363e+01;4,621464e+01;3,816447e+01;3,830952e+01
2250;1,000000e+00;6,758909e+01;6,758658e+01;6,760511e+01;6,757908e+01;6,755830e+01;6,756184e+01;5,795480e+01;4,605930e+01;4,628964e+01;3,821077e+01;3,835542e+01
2300;1,000000e+00;6,760421e+01;6,760180e+01;6,762096e+01;6,759548e+01;6,757391e+01;6,757707e+01;5,796684e+01;4,613502e+01;4,636652e+01;3,825712e+01;3,840247e+01
2350;1,000000e+00;6,761774e+01;6,761702e+01;6,763672e+01;6,761100e+01;6,758924e+01;6,759097e+01;5,797835e+01;4,621116e+01;4,644278e+01;3,830372e+01;3,844916e+01
2400;1,000000e+00;6,763439e+01;6,763183e+01;6,765229e+01;6,762666e+01;6,760491e+01;6,760755e+01;5,799059e+01;4,629281e+01;4,652636e+01;3,835368e+01;3,850028e+01
2450;1,000000e+00;6,765178e+01;6,764405e+01;6,766803e+01;6,764173e+01;6,761997e+01;6,762504e+01;5,800257e+01;4,637581e+01;4,660827e+01;3,840447e+01;3,855041e+01
2500;1,000000e+00;6,766794e+01;6,765638e+01;6,768186e+01;6,765306e+01;6,762885e+01;6,764151e+01;5,801276e+01;4,645796e+01;4,669176e+01;3,845474e+01;3,860149e+01
2550;1,000000e+00;6,768503e+01;6,767404e+01;6,769370e+01;6,767071e+01;6,764609e+01;6,765854e+01;5,802546e+01;4,656021e+01;4,679626e+01;3,851764e+01;3,866575e+01
2600;1,000000e+00;6,770263e+01;6,769169e+01;6,771127e+01;6,768869e+01;6,766415e+01;6,767641e+01;5,803922e+01;4,664796e+01;4,688343e+01;3,857132e+01;3,871909e+01
2650;1,000000e+00;6,772009e+01;6,770933e+01;6,772911e+01;6,770684e+01;6,768199e+01;6,769378e+01;5,805292e+01;4,673660e+01;4,697180e+01;3,862555e+01;3,877316e+01
2700;1,000000e+00;6,773659e+01;6,772778e+01;6,774791e+01;6,772575e+01;6,770034e+01;6,771053e+01;5,806681e+01;4,682846e+01;4,706352e+01;3,868175e+01;3,882927e+01
2750;1,000000e+00;6,775355e+01;6,774596e+01;6,776622e+01;6,774422e+01;6,771845e+01;6,772761e+01;5,808062e+01;4,692078e+01;4,715581e+01;3,873823e+01;3,888574e+01
2800;1,000000e+00;6,777183e+01;6,776416e+01;6,778450e+01;6,776252e+01;6,773650e+01;6,774552e+01;5,809467e+01;4,701488e+01;4,724960e+01;3,879581e+01;3,894312e+01
2850;1,000000e+00;6,779030e+01;6,778276e+01;6,780288e+01;6,778074e+01;6,775521e+01;6,776420e+01;5,810899e+01;4,710969e+01;4,734515e+01;3,885381e+01;3,900157e+01
2900;1,000000e+00;6,780909e+01;6,780165e+01;6,782135e+01;6,779979e+01;6,777394e+01;6,778311e+01;5,812354e+01;4,720684e+01;4,744257e+01;3,891325e+01;3,906117e+01
2950;1,000000e+00;6,782800e+01;6,782106e+01;6,784013e+01;6,781859e+01;6,779310e+01;6,780216e+01;5,813825e+01;4,730574e+01;4,754168e+01;3,897375e+01;3,912180e+01
3000;1,000000e+00;6,784744e+01;6,784024e+01;6,785912e+01;6,783785e+01;6,781212e+01;6,782179e+01;5,815314e+01;4,740555e+01;4,764247e+01;3,903482e+01;3,918346e+01
3050;1,000000e+00;6,786608e+01;6,785975e+01;6,787786e+01;6,785680e+01;6,783151e+01;6,784055e+01;5,816783e+01;4,753206e+01;4,776925e+01;3,911260e+01;3,926141e+01
3100;1,000000e+00;6,788520e+01;6,787909e+01;6,789787e+01;6,787625e+01;6,785075e+01;6,785971e+01;5,818283e+01;4,763637e+01;4,787374e+01;3,917641e+01;3,932533e+01
3150;1,000000e+00;6,790328e+01;6,789876e+01;6,791613e+01;6,789536e+01;6,787040e+01;6,787903e+01;5,819754e+01;4,774240e+01;4,797955e+01;3,924127e+01;3,939004e+01
3200;1,000000e+00;6,792392e+01;6,791791e+01;6,793540e+01;6,791463e+01;6,789009e+01;6,789863e+01;5,821270e+01;4,785073e+01;4,808847e+01;3,930753e+01;3,945666e+01
3250;1,000000e+00;6,794413e+01;6,793885e+01;6,795604e+01;6,793454e+01;6,791021e+01;6,791814e+01;5,822834e+01;4,796064e+01;4,819839e+01;3,937476e+01;3,952390e+01
3300;1,000000e+00;6,796355e+01;6,795869e+01;6,797576e+01;6,795409e+01;6,793034e+01;6,793771e+01;5,824358e+01;4,807214e+01;4,831003e+01;3,944297e+01;3,959219e+01
3350;1,000000e+00;6,798254e+01;6,797875e+01;6,799584e+01;6,797419e+01;6,795007e+01;6,795714e+01;5,825884e+01;4,818532e+01;4,842345e+01;3,951220e+01;3,966156e+01
3400;1,000000e+00;6,800189e+01;6,799796e+01;6,801581e+01;6,799426e+01;6,797000e+01;6,797604e+01;5,827398e+01;4,830036e+01;4,853850e+01;3,958255e+01;3,973193e+01
3450;1,000000e+00;6,802173e+01;6,801777e+01;6,803659e+01;6,801397e+01;6,798995e+01;6,799577e+01;5,828943e+01;4,841719e+01;4,865552e+01;3,965401e+01;3,980350e+01
3500;1,000000e+00;6,804138e+01;6,803740e+01;6,805706e+01;6,803430e+01;6,800998e+01;6,801562e+01;5,830489e+01;4,853585e+01;4,877421e+01;3,972658e+01;3,987609e+01
3550;1,000000e+00;6,806123e+01;6,805784e+01;6,807760e+01;6,805468e+01;6,802995e+01;6,803559e+01;5,832051e+01;4,866493e+01;4,890345e+01;3,980567e+01;3,995527e+01
3600;1,000000e+00;6,808139e+01;6,807805e+01;6,809883e+01;6,807529e+01;6,805016e+01;6,805552e+01;5,833629e+01;4,878724e+01;4,902582e+01;3,988047e+01;4,003011e+01
3650;1,000000e+00;6,810099e+01;6,809719e+01;6,811900e+01;6,809571e+01;6,807020e+01;6,807514e+01;5,835162e+01;4,891123e+01;4,914998e+01;3,995630e+01;4,010604e+01
3700;1,000000e+00;6,812111e+01;6,811762e+01;6,814036e+01;6,811616e+01;6,809039e+01;6,809538e+01;5,836745e+01;4,903709e+01;4,927589e+01;4,003326e+01;4,018303e+01
3750;1,000000e+00;6,814110e+01;6,813816e+01;6,816128e+01;6,813749e+01;6,810953e+01;6,811547e+01;5,838318e+01;4,916477e+01;4,940367e+01;4,011134e+01;4,026117e+01
3800;1,000000e+00;6,816131e+01;6,815936e+01;6,818244e+01;6,815883e+01;6,813035e+01;6,813565e+01;5,839928e+01;4,929434e+01;4,953340e+01;4,019058e+01;4,034050e+01
3850;1,000000e+00;6,818166e+01;6,818083e+01;6,820376e+01;6,818009e+01;6,815164e+01;6,815593e+01;5,841552e+01;4,942573e+01;4,966490e+01;4,027092e+01;4,042090e+01
3900;1,000000e+00;6,820168e+01;6,820206e+01;6,822559e+01;6,820187e+01;6,817284e+01;6,817627e+01;5,843182e+01;4,955897e+01;4,979825e+01;4,035239e+01;4,050244e+01
3950;1,000000e+00;6,822211e+01;6,822338e+01;6,824720e+01;6,822334e+01;6,819438e+01;6,819648e+01;5,844813e+01;4,969408e+01;4,993349e+01;4,043500e+01;4,058513e+01
4000;1,000000e+00;6,824311e+01;6,824531e+01;6,826891e+01;6,824503e+01;6,821539e+01;6,821745e+01;5,846467e+01;4,983138e+01;5,007049e+01;4,051896e+01;4,066890e+01
4050;1,000000e+00;6,826424e+01;6,826740e+01;6,829048e+01;6,826647e+01;6,823735e+01;6,823856e+01;5,848135e+01;4,997826e+01;5,021634e+01;4,060890e+01;4,075818e+01
4100;1,000000e+00;6,828577e+01;6,828968e+01;6,831256e+01;6,828883e+01;6,825954e+01;6,826001e+01;5,849835e+01;5,012048e+01;5,035711e+01;4,069587e+01;4,084425e+01
4150;1,000000e+00;6,830740e+01;6,831128e+01;6,833477e+01;6,831087e+01;6,828146e+01;6,828154e+01;5,851523e+01;5,026476e+01;5,049974e+01;4,078411e+01;4,093145e+01
4200;1,000000e+00;6,832890e+01;6,833383e+01;6,835716e+01;6,833301e+01;6,830384e+01;6,830296e+01;5,853229e+01;5,041121e+01;5,064422e+01;4,087368e+01;4,101977e+01
4250;1,000000e+00;6,835053e+01;6,835644e+01;6,837962e+01;6,835529e+01;6,832636e+01;6,832450e+01;5,854944e+01;5,055956e+01;5,079057e+01;4,096440e+01;4,110923e+01
4300;1,000000e+00;6,837226e+01;6,837912e+01;6,840223e+01;6,837768e+01;6,834935e+01;6,834616e+01;5,856672e+01;5,070954e+01;5,093869e+01;4,105612e+01;4,119978e+01
4350;1,000000e+00;6,839358e+01;6,840174e+01;6,842433e+01;6,839977e+01;6,837163e+01;6,836740e+01;5,858369e+01;5,086041e+01;5,108564e+01;4,114836e+01;4,128955e+01
4400;1,000000e+00;6,841495e+01;6,842398e+01;6,844660e+01;6,842159e+01;6,839393e+01;6,838877e+01;5,860063e+01;5,101335e+01;5,123414e+01;4,124187e+01;4,138026e+01
4450;1,000000e+00;6,843704e+01;6,844673e+01;6,846891e+01;6,844460e+01;6,841675e+01;6,841087e+01;5,861804e+01;5,116811e+01;5,138446e+01;4,133648e+01;4,147208e+01
4500;1,000000e+00;6,845864e+01;6,846910e+01;6,849122e+01;6,846691e+01;6,843878e+01;6,843235e+01;5,863507e+01;5,132484e+01;5,153672e+01;4,143229e+01;4,156509e+01
4550;1,000000e+00;6,848027e+01;6,849124e+01;6,851407e+01;6,848972e+01;6,846096e+01;6,845397e+01;5,865225e+01;5,154803e+01;5,175571e+01;4,156980e+01;4,169996e+01
4600;1,000000e+00;6,850189e+01;6,851386e+01;6,853667e+01;6,851218e+01;6,848355e+01;6,847554e+01;5,866945e+01;5,170822e+01;5,191220e+01;4,166772e+01;4,179555e+01
4650;1,000000e+00;6,852355e+01;6,853662e+01;6,855950e+01;6,853521e+01;6,850635e+01;6,849722e+01;5,868682e+01;5,187023e+01;5,207123e+01;4,176674e+01;4,189270e+01
4700;1,000000e+00;6,854545e+01;6,855996e+01;6,858284e+01;6,855810e+01;6,852932e+01;6,851911e+01;5,870440e+01;5,203398e+01;5,223350e+01;4,186682e+01;4,199184e+01
4750;1,000000e+00;6,856741e+01;6,858289e+01;6,860574e+01;6,858091e+01;6,855255e+01;6,854092e+01;5,872188e+01;5,219606e+01;5,240022e+01;4,196581e+01;4,209375e+01
4800;1,000000e+00;6,858952e+01;6,860596e+01;6,862879e+01;6,860385e+01;6,857557e+01;6,856299e+01;5,873945e+01;5,236026e+01;5,256953e+01;4,206611e+01;4,219725e+01
4850;1,000000e+00;6,861176e+01;6,862907e+01;6,865159e+01;6,862697e+01;6,859868e+01;6,858522e+01;5,875706e+01;5,252691e+01;5,274067e+01;4,216790e+01;4,230185e+01
4900;1,000000e+00;6,863373e+01;6,865223e+01;6,867474e+01;6,865009e+01;6,862224e+01;6,860718e+01;5,877471e+01;5,269543e+01;5,291415e+01;4,227083e+01;4,240789e+01
4950;1,000000e+00;6,865614e+01;6,867550e+01;6,869876e+01;6,867336e+01;6,864556e+01;6,862962e+01;5,879259e+01;5,286582e+01;5,308976e+01;4,237489e+01;4,251523e+01
5000;1,000000e+00;6,867847e+01;6,869855e+01;6,872203e+01;6,869701e+01;6,866833e+01;6,865194e+01;5,881030e+01;5,303747e+01;5,326585e+01;4,247972e+01;4,262283e+01
5050;1,000000e+00;6,870086e+01;6,872169e+01;6,874560e+01;6,872028e+01;6,869154e+01;6,867440e+01;5,882810e+01;5,322796e+01;5,346075e+01;4,259633e+01;4,274221e+01
