vds;ids;eon;eoff;vdsreal;idsreal;rdson
-500;-0,1;8,03329e-10;3,68158e-09;0,451885;0,1;4,51885
-500;-0,123285;1,4185e-09;2,67738e-09;0,459246;0,123285;3,72509
-500;-0,151991;2,5462e-09;8,91356e-09;0,466619;0,151991;3,07004
-500;-0,187382;4,24993e-09;7,31312e-09;0,474006;0,187382;2,52963
-500;-0,231013;7,29637e-09;6,25076e-09;0,481414;0,231013;2,08393
-500;-0,284804;1,04158e-08;7,40581e-09;0,48885;0,284804;1,71644
-500;-0,351119;1,53815e-08;9,01152e-09;0,49632;0,351119;1,41354
-500;-0,432876;2,14801e-08;1,7754e-08;0,503836;0,432876;1,16393
-500;-0,53367;2,98604e-08;2,61663e-08;0,511407;0,53367;0,958283
-500;-0,657933;3,80867e-08;3,79384e-08;0,519047;0,657933;0,788906
-500;-0,811131;5,09635e-08;3,694e-08;0,526774;0,811131;0,649432
-500;-1;6,77299e-08;2,73777e-08;0,534608;1;0,534608
-500;-1,23285;8,62886e-08;3,39883e-08;0,542574;1,23285;0,440099
-500;-1,51991;1,12015e-07;6,04455e-08;0,550703;1,51991;0,362326
-500;-1,87382;1,4601e-07;6,46043e-08;0,559034;1,87382;0,29834
-500;-2,31013;1,89917e-07;8,58316e-08;0,567613;2,31013;0,245706
-500;-2,84804;2,41799e-07;7,77583e-08;0,576499;2,84804;0,20242
-500;-3,51119;3,07603e-07;1,67408e-07;0,585761;3,51119;0,166827
-500;-4,32876;4,02798e-07;1,49866e-07;0,595489;4,32876;0,137566
-500;-5,3367;5,12105e-07;2,22318e-07;0,605788;5,3367;0,113514
-500;-6,57933;6,62352e-07;3,37219e-07;0,616791;6,57933;0,0937467
-500;-8,11131;8,59645e-07;3,89731e-07;0,62866;8,11131;0,0775041
-500;-10;1,10202e-06;4,31785e-07;0,641593;10;0,0641593
-500;-12,3285;1,43785e-06;9,15954e-07;0,655834;12,3285;0,0531968
-500;-15,1991;1,89427e-06;1,05346e-06;0,671682;15,1991;0,0441922
-500;-18,7382;2,52409e-06;8,99487e-07;0,6895;18,7382;0,0367965
-500;-23,1013;3,36154e-06;1,13147e-06;0,709734;23,1013;0,0307227
-500;-28,4804;4,53085e-06;1,74569e-06;0,732927;28,4804;0,0257345
-500;-35,1119;6,17854e-06;2,70126e-06;0,759741;35,1119;0,0216377
-500;-43,2876;8,53488e-06;3,39446e-06;0,79098;43,2876;0,0182727
-500;-53,367;1,17781e-05;7,39482e-06;0,827624;53,367;0,0155082
-500;-65,7933;1,63529e-05;8,16208e-06;0,870861;65,7933;0,0132363
-500;-81,1131;2,3464e-05;9,87391e-06;0,922135;81,1131;0,0113685
-500;-100;3,32959e-05;1,74027e-05;0,983197;100;0,00983197
-398,107;-0,1;8,03329e-10;3,68158e-09;0,451885;0,1;4,51885
-398,107;-0,123285;1,4185e-09;2,67738e-09;0,459246;0,123285;3,72509
-398,107;-0,151991;2,5462e-09;8,91356e-09;0,466619;0,151991;3,07004
-398,107;-0,187382;4,24993e-09;7,31312e-09;0,474006;0,187382;2,52963
-398,107;-0,231013;7,29637e-09;6,25076e-09;0,481414;0,231013;2,08393
-398,107;-0,284804;1,04158e-08;7,40581e-09;0,48885;0,284804;1,71644
-398,107;-0,351119;1,53815e-08;9,01152e-09;0,49632;0,351119;1,41354
-398,107;-0,432876;2,14801e-08;1,7754e-08;0,503836;0,432876;1,16393
-398,107;-0,53367;2,98604e-08;2,61663e-08;0,511407;0,53367;0,958283
-398,107;-0,657933;3,80867e-08;3,79384e-08;0,519047;0,657933;0,788906
-398,107;-0,811131;5,09635e-08;3,694e-08;0,526774;0,811131;0,649432
-398,107;-1;6,77299e-08;2,73777e-08;0,534608;1;0,534608
-398,107;-1,23285;8,62886e-08;3,39883e-08;0,542574;1,23285;0,440099
-398,107;-1,51991;1,12015e-07;6,04455e-08;0,550703;1,51991;0,362326
-398,107;-1,87382;1,4601e-07;6,46043e-08;0,559034;1,87382;0,29834
-398,107;-2,31013;1,89917e-07;8,58316e-08;0,567613;2,31013;0,245706
-398,107;-2,84804;2,41799e-07;7,77583e-08;0,576499;2,84804;0,20242
-398,107;-3,51119;3,07603e-07;1,67408e-07;0,585761;3,51119;0,166827
-398,107;-4,32876;4,02798e-07;1,49866e-07;0,595489;4,32876;0,137566
-398,107;-5,3367;5,12105e-07;2,22318e-07;0,605788;5,3367;0,113514
-398,107;-6,57933;6,62352e-07;3,37219e-07;0,616791;6,57933;0,0937467
-398,107;-8,11131;8,59645e-07;3,89731e-07;0,62866;8,11131;0,0775041
-398,107;-10;1,10202e-06;4,31785e-07;0,641593;10;0,0641593
-398,107;-12,3285;1,43785e-06;9,15954e-07;0,655834;12,3285;0,0531968
-398,107;-15,1991;1,89427e-06;1,05346e-06;0,671682;15,1991;0,0441922
-398,107;-18,7382;2,52409e-06;8,99487e-07;0,6895;18,7382;0,0367965
-398,107;-23,1013;3,36154e-06;1,13147e-06;0,709734;23,1013;0,0307227
-398,107;-28,4804;4,53085e-06;1,74569e-06;0,732927;28,4804;0,0257345
-398,107;-35,1119;6,17854e-06;2,70126e-06;0,759741;35,1119;0,0216377
-398,107;-43,2876;8,53488e-06;3,39446e-06;0,79098;43,2876;0,0182727
-398,107;-53,367;1,17781e-05;7,39482e-06;0,827624;53,367;0,0155082
-398,107;-65,7933;1,63529e-05;8,16208e-06;0,870861;65,7933;0,0132363
-398,107;-81,1131;2,3464e-05;9,87391e-06;0,922135;81,1131;0,0113685
-398,107;-100;3,32959e-05;1,74027e-05;0,983197;100;0,00983197
-316,228;-0,1;8,03329e-10;3,68158e-09;0,451885;0,1;4,51885
-316,228;-0,123285;1,4185e-09;2,67738e-09;0,459246;0,123285;3,72509
-316,228;-0,151991;2,5462e-09;8,91356e-09;0,466619;0,151991;3,07004
-316,228;-0,187382;4,24993e-09;7,31312e-09;0,474006;0,187382;2,52963
-316,228;-0,231013;7,29637e-09;6,25076e-09;0,481414;0,231013;2,08393
-316,228;-0,284804;1,04158e-08;7,40581e-09;0,48885;0,284804;1,71644
-316,228;-0,351119;1,53815e-08;9,01152e-09;0,49632;0,351119;1,41354
-316,228;-0,432876;2,14801e-08;1,7754e-08;0,503836;0,432876;1,16393
-316,228;-0,53367;2,98604e-08;2,61663e-08;0,511407;0,53367;0,958283
-316,228;-0,657933;3,80867e-08;3,79384e-08;0,519047;0,657933;0,788906
-316,228;-0,811131;5,09635e-08;3,694e-08;0,526774;0,811131;0,649432
-316,228;-1;6,77299e-08;2,73777e-08;0,534608;1;0,534608
-316,228;-1,23285;8,62886e-08;3,39883e-08;0,542574;1,23285;0,440099
-316,228;-1,51991;1,12015e-07;6,04455e-08;0,550703;1,51991;0,362326
-316,228;-1,87382;1,4601e-07;6,46043e-08;0,559034;1,87382;0,29834
-316,228;-2,31013;1,89917e-07;8,58316e-08;0,567613;2,31013;0,245706
-316,228;-2,84804;2,41799e-07;7,77583e-08;0,576499;2,84804;0,20242
-316,228;-3,51119;3,07603e-07;1,67408e-07;0,585761;3,51119;0,166827
-316,228;-4,32876;4,02798e-07;1,49866e-07;0,595489;4,32876;0,137566
-316,228;-5,3367;5,12105e-07;2,22318e-07;0,605788;5,3367;0,113514
-316,228;-6,57933;6,62352e-07;3,37219e-07;0,616791;6,57933;0,0937467
-316,228;-8,11131;8,59645e-07;3,89731e-07;0,62866;8,11131;0,0775041
-316,228;-10;1,10202e-06;4,31785e-07;0,641593;10;0,0641593
-316,228;-12,3285;1,43785e-06;9,15954e-07;0,655834;12,3285;0,0531968
-316,228;-15,1991;1,89427e-06;1,05346e-06;0,671682;15,1991;0,0441922
-316,228;-18,7382;2,52409e-06;8,99487e-07;0,6895;18,7382;0,0367965
-316,228;-23,1013;3,36154e-06;1,13147e-06;0,709734;23,1013;0,0307227
-316,228;-28,4804;4,53085e-06;1,74569e-06;0,732927;28,4804;0,0257345
-316,228;-35,1119;6,17854e-06;2,70126e-06;0,759741;35,1119;0,0216377
-316,228;-43,2876;8,53488e-06;3,39446e-06;0,79098;43,2876;0,0182727
-316,228;-53,367;1,17781e-05;7,39482e-06;0,827624;53,367;0,0155082
-316,228;-65,7933;1,63529e-05;8,16208e-06;0,870861;65,7933;0,0132363
-316,228;-81,1131;2,3464e-05;9,87391e-06;0,922135;81,1131;0,0113685
-316,228;-100;3,32959e-05;1,74027e-05;0,983197;100;0,00983197
-251,189;-0,1;8,03329e-10;3,68158e-09;0,451885;0,1;4,51885
-251,189;-0,123285;1,4185e-09;2,67738e-09;0,459246;0,123285;3,72509
-251,189;-0,151991;2,5462e-09;8,91356e-09;0,466619;0,151991;3,07004
-251,189;-0,187382;4,24993e-09;7,31312e-09;0,474006;0,187382;2,52963
-251,189;-0,231013;7,29637e-09;6,25076e-09;0,481414;0,231013;2,08393
-251,189;-0,284804;1,04158e-08;7,40581e-09;0,48885;0,284804;1,71644
-251,189;-0,351119;1,53815e-08;9,01152e-09;0,49632;0,351119;1,41354
-251,189;-0,432876;2,14801e-08;1,7754e-08;0,503836;0,432876;1,16393
-251,189;-0,53367;2,98604e-08;2,61663e-08;0,511407;0,53367;0,958283
-251,189;-0,657933;3,80867e-08;3,79384e-08;0,519047;0,657933;0,788906
-251,189;-0,811131;5,09635e-08;3,694e-08;0,526774;0,811131;0,649432
-251,189;-1;6,77299e-08;2,73777e-08;0,534608;1;0,534608
-251,189;-1,23285;8,62886e-08;3,39883e-08;0,542574;1,23285;0,440099
-251,189;-1,51991;1,12015e-07;6,04455e-08;0,550703;1,51991;0,362326
-251,189;-1,87382;1,4601e-07;6,46043e-08;0,559034;1,87382;0,29834
-251,189;-2,31013;1,89917e-07;8,58316e-08;0,567613;2,31013;0,245706
-251,189;-2,84804;2,41799e-07;7,77583e-08;0,576499;2,84804;0,20242
-251,189;-3,51119;3,07603e-07;1,67408e-07;0,585761;3,51119;0,166827
-251,189;-4,32876;4,02798e-07;1,49866e-07;0,595489;4,32876;0,137566
-251,189;-5,3367;5,12105e-07;2,22318e-07;0,605788;5,3367;0,113514
-251,189;-6,57933;6,62352e-07;3,37219e-07;0,616791;6,57933;0,0937467
-251,189;-8,11131;8,59645e-07;3,89731e-07;0,62866;8,11131;0,0775041
-251,189;-10;1,10202e-06;4,31785e-07;0,641593;10;0,0641593
-251,189;-12,3285;1,43785e-06;9,15954e-07;0,655834;12,3285;0,0531968
-251,189;-15,1991;1,89427e-06;1,05346e-06;0,671682;15,1991;0,0441922
-251,189;-18,7382;2,52409e-06;8,99487e-07;0,6895;18,7382;0,0367965
-251,189;-23,1013;3,36154e-06;1,13147e-06;0,709734;23,1013;0,0307227
-251,189;-28,4804;4,53085e-06;1,74569e-06;0,732927;28,4804;0,0257345
-251,189;-35,1119;6,17854e-06;2,70126e-06;0,759741;35,1119;0,0216377
-251,189;-43,2876;8,53488e-06;3,39446e-06;0,79098;43,2876;0,0182727
-251,189;-53,367;1,17781e-05;7,39482e-06;0,827624;53,367;0,0155082
-251,189;-65,7933;1,63529e-05;8,16208e-06;0,870861;65,7933;0,0132363
-251,189;-81,1131;2,3464e-05;9,87391e-06;0,922135;81,1131;0,0113685
-251,189;-100;3,32959e-05;1,74027e-05;0,983197;100;0,00983197
-199,526;-0,1;8,03329e-10;3,68158e-09;0,451885;0,1;4,51885
-199,526;-0,123285;1,4185e-09;2,67738e-09;0,459246;0,123285;3,72509
-199,526;-0,151991;2,5462e-09;8,91356e-09;0,466619;0,151991;3,07004
-199,526;-0,187382;4,24993e-09;7,31312e-09;0,474006;0,187382;2,52963
-199,526;-0,231013;7,29637e-09;6,25076e-09;0,481414;0,231013;2,08393
-199,526;-0,284804;1,04158e-08;7,40581e-09;0,48885;0,284804;1,71644
-199,526;-0,351119;1,53815e-08;9,01152e-09;0,49632;0,351119;1,41354
-199,526;-0,432876;2,14801e-08;1,7754e-08;0,503836;0,432876;1,16393
-199,526;-0,53367;2,98604e-08;2,61663e-08;0,511407;0,53367;0,958283
-199,526;-0,657933;3,80867e-08;3,79384e-08;0,519047;0,657933;0,788906
-199,526;-0,811131;5,09635e-08;3,694e-08;0,526774;0,811131;0,649432
-199,526;-1;6,77299e-08;2,73777e-08;0,534608;1;0,534608
-199,526;-1,23285;8,62886e-08;3,39883e-08;0,542574;1,23285;0,440099
-199,526;-1,51991;1,12015e-07;6,04455e-08;0,550703;1,51991;0,362326
-199,526;-1,87382;1,4601e-07;6,46043e-08;0,559034;1,87382;0,29834
-199,526;-2,31013;1,89917e-07;8,58316e-08;0,567613;2,31013;0,245706
-199,526;-2,84804;2,41799e-07;7,77583e-08;0,576499;2,84804;0,20242
-199,526;-3,51119;3,07603e-07;1,67408e-07;0,585761;3,51119;0,166827
-199,526;-4,32876;4,02798e-07;1,49866e-07;0,595489;4,32876;0,137566
-199,526;-5,3367;5,12105e-07;2,22318e-07;0,605788;5,3367;0,113514
-199,526;-6,57933;6,62352e-07;3,37219e-07;0,616791;6,57933;0,0937467
-199,526;-8,11131;8,59645e-07;3,89731e-07;0,62866;8,11131;0,0775041
-199,526;-10;1,10202e-06;4,31785e-07;0,641593;10;0,0641593
-199,526;-12,3285;1,43785e-06;9,15954e-07;0,655834;12,3285;0,0531968
-199,526;-15,1991;1,89427e-06;1,05346e-06;0,671682;15,1991;0,0441922
-199,526;-18,7382;2,52409e-06;8,99487e-07;0,6895;18,7382;0,0367965
-199,526;-23,1013;3,36154e-06;1,13147e-06;0,709734;23,1013;0,0307227
-199,526;-28,4804;4,53085e-06;1,74569e-06;0,732927;28,4804;0,0257345
-199,526;-35,1119;6,17854e-06;2,70126e-06;0,759741;35,1119;0,0216377
-199,526;-43,2876;8,53488e-06;3,39446e-06;0,79098;43,2876;0,0182727
-199,526;-53,367;1,17781e-05;7,39482e-06;0,827624;53,367;0,0155082
-199,526;-65,7933;1,63529e-05;8,16208e-06;0,870861;65,7933;0,0132363
-199,526;-81,1131;2,3464e-05;9,87391e-06;0,922135;81,1131;0,0113685
-199,526;-100;3,32959e-05;1,74027e-05;0,983197;100;0,00983197
-158,489;-0,1;8,03329e-10;3,68158e-09;0,451885;0,1;4,51885
-158,489;-0,123285;1,4185e-09;2,67738e-09;0,459246;0,123285;3,72509
-158,489;-0,151991;2,5462e-09;8,91356e-09;0,466619;0,151991;3,07004
-158,489;-0,187382;4,24993e-09;7,31312e-09;0,474006;0,187382;2,52963
-158,489;-0,231013;7,29637e-09;6,25076e-09;0,481414;0,231013;2,08393
-158,489;-0,284804;1,04158e-08;7,40581e-09;0,48885;0,284804;1,71644
-158,489;-0,351119;1,53815e-08;9,01152e-09;0,49632;0,351119;1,41354
-158,489;-0,432876;2,14801e-08;1,7754e-08;0,503836;0,432876;1,16393
-158,489;-0,53367;2,98604e-08;2,61663e-08;0,511407;0,53367;0,958283
-158,489;-0,657933;3,80867e-08;3,79384e-08;0,519047;0,657933;0,788906
-158,489;-0,811131;5,09635e-08;3,694e-08;0,526774;0,811131;0,649432
-158,489;-1;6,77299e-08;2,73777e-08;0,534608;1;0,534608
-158,489;-1,23285;8,62886e-08;3,39883e-08;0,542574;1,23285;0,440099
-158,489;-1,51991;1,12015e-07;6,04455e-08;0,550703;1,51991;0,362326
-158,489;-1,87382;1,4601e-07;6,46043e-08;0,559034;1,87382;0,29834
-158,489;-2,31013;1,89917e-07;8,58316e-08;0,567613;2,31013;0,245706
-158,489;-2,84804;2,41799e-07;7,77583e-08;0,576499;2,84804;0,20242
-158,489;-3,51119;3,07603e-07;1,67408e-07;0,585761;3,51119;0,166827
-158,489;-4,32876;4,02798e-07;1,49866e-07;0,595489;4,32876;0,137566
-158,489;-5,3367;5,12105e-07;2,22318e-07;0,605788;5,3367;0,113514
-158,489;-6,57933;6,62352e-07;3,37219e-07;0,616791;6,57933;0,0937467
-158,489;-8,11131;8,59645e-07;3,89731e-07;0,62866;8,11131;0,0775041
-158,489;-10;1,10202e-06;4,31785e-07;0,641593;10;0,0641593
-158,489;-12,3285;1,43785e-06;9,15954e-07;0,655834;12,3285;0,0531968
-158,489;-15,1991;1,89427e-06;1,05346e-06;0,671682;15,1991;0,0441922
-158,489;-18,7382;2,52409e-06;8,99487e-07;0,6895;18,7382;0,0367965
-158,489;-23,1013;3,36154e-06;1,13147e-06;0,709734;23,1013;0,0307227
-158,489;-28,4804;4,53085e-06;1,74569e-06;0,732927;28,4804;0,0257345
-158,489;-35,1119;6,17854e-06;2,70126e-06;0,759741;35,1119;0,0216377
-158,489;-43,2876;8,53488e-06;3,39446e-06;0,79098;43,2876;0,0182727
-158,489;-53,367;1,17781e-05;7,39482e-06;0,827624;53,367;0,0155082
-158,489;-65,7933;1,63529e-05;8,16208e-06;0,870861;65,7933;0,0132363
-158,489;-81,1131;2,3464e-05;9,87391e-06;0,922135;81,1131;0,0113685
-158,489;-100;3,32959e-05;1,74027e-05;0,983197;100;0,00983197
-125,893;-0,1;8,03329e-10;3,68158e-09;0,451885;0,1;4,51885
-125,893;-0,123285;1,4185e-09;2,67738e-09;0,459246;0,123285;3,72509
-125,893;-0,151991;2,5462e-09;8,91356e-09;0,466619;0,151991;3,07004
-125,893;-0,187382;4,24993e-09;7,31312e-09;0,474006;0,187382;2,52963
-125,893;-0,231013;7,29637e-09;6,25076e-09;0,481414;0,231013;2,08393
-125,893;-0,284804;1,04158e-08;7,40581e-09;0,48885;0,284804;1,71644
-125,893;-0,351119;1,53815e-08;9,01152e-09;0,49632;0,351119;1,41354
-125,893;-0,432876;2,14801e-08;1,7754e-08;0,503836;0,432876;1,16393
-125,893;-0,53367;2,98604e-08;2,61663e-08;0,511407;0,53367;0,958283
-125,893;-0,657933;3,80867e-08;3,79384e-08;0,519047;0,657933;0,788906
-125,893;-0,811131;5,09635e-08;3,694e-08;0,526774;0,811131;0,649432
-125,893;-1;6,77299e-08;2,73777e-08;0,534608;1;0,534608
-125,893;-1,23285;8,62886e-08;3,39883e-08;0,542574;1,23285;0,440099
-125,893;-1,51991;1,12015e-07;6,04455e-08;0,550703;1,51991;0,362326
-125,893;-1,87382;1,4601e-07;6,46043e-08;0,559034;1,87382;0,29834
-125,893;-2,31013;1,89917e-07;8,58316e-08;0,567613;2,31013;0,245706
-125,893;-2,84804;2,41799e-07;7,77583e-08;0,576499;2,84804;0,20242
-125,893;-3,51119;3,07603e-07;1,67408e-07;0,585761;3,51119;0,166827
-125,893;-4,32876;4,02798e-07;1,49866e-07;0,595489;4,32876;0,137566
-125,893;-5,3367;5,12105e-07;2,22318e-07;0,605788;5,3367;0,113514
-125,893;-6,57933;6,62352e-07;3,37219e-07;0,616791;6,57933;0,0937467
-125,893;-8,11131;8,59645e-07;3,89731e-07;0,62866;8,11131;0,0775041
-125,893;-10;1,10202e-06;4,31785e-07;0,641593;10;0,0641593
-125,893;-12,3285;1,43785e-06;9,15954e-07;0,655834;12,3285;0,0531968
-125,893;-15,1991;1,89427e-06;1,05346e-06;0,671682;15,1991;0,0441922
-125,893;-18,7382;2,52409e-06;8,99487e-07;0,6895;18,7382;0,0367965
-125,893;-23,1013;3,36154e-06;1,13147e-06;0,709734;23,1013;0,0307227
-125,893;-28,4804;4,53085e-06;1,74569e-06;0,732927;28,4804;0,0257345
-125,893;-35,1119;6,17854e-06;2,70126e-06;0,759741;35,1119;0,0216377
-125,893;-43,2876;8,53488e-06;3,39446e-06;0,79098;43,2876;0,0182727
-125,893;-53,367;1,17781e-05;7,39482e-06;0,827624;53,367;0,0155082
-125,893;-65,7933;1,63529e-05;8,16208e-06;0,870861;65,7933;0,0132363
-125,893;-81,1131;2,3464e-05;9,87391e-06;0,922135;81,1131;0,0113685
-125,893;-100;3,32959e-05;1,74027e-05;0,983197;100;0,00983197
-100;-0,1;8,03329e-10;3,68158e-09;0,451885;0,1;4,51885
-100;-0,123285;1,4185e-09;2,67738e-09;0,459246;0,123285;3,72509
-100;-0,151991;2,5462e-09;8,91356e-09;0,466619;0,151991;3,07004
-100;-0,187382;4,24993e-09;7,31312e-09;0,474006;0,187382;2,52963
-100;-0,231013;7,29637e-09;6,25076e-09;0,481414;0,231013;2,08393
-100;-0,284804;1,04158e-08;7,40581e-09;0,48885;0,284804;1,71644
-100;-0,351119;1,53815e-08;9,01152e-09;0,49632;0,351119;1,41354
-100;-0,432876;2,14801e-08;1,7754e-08;0,503836;0,432876;1,16393
-100;-0,53367;2,98604e-08;2,61663e-08;0,511407;0,53367;0,958283
-100;-0,657933;3,80867e-08;3,79384e-08;0,519047;0,657933;0,788906
-100;-0,811131;5,09635e-08;3,694e-08;0,526774;0,811131;0,649432
-100;-1;6,77299e-08;2,73777e-08;0,534608;1;0,534608
-100;-1,23285;8,62886e-08;3,39883e-08;0,542574;1,23285;0,440099
-100;-1,51991;1,12015e-07;6,04455e-08;0,550703;1,51991;0,362326
-100;-1,87382;1,4601e-07;6,46043e-08;0,559034;1,87382;0,29834
-100;-2,31013;1,89917e-07;8,58316e-08;0,567613;2,31013;0,245706
-100;-2,84804;2,41799e-07;7,77583e-08;0,576499;2,84804;0,20242
-100;-3,51119;3,07603e-07;1,67408e-07;0,585761;3,51119;0,166827
-100;-4,32876;4,02798e-07;1,49866e-07;0,595489;4,32876;0,137566
-100;-5,3367;5,12105e-07;2,22318e-07;0,605788;5,3367;0,113514
-100;-6,57933;6,62352e-07;3,37219e-07;0,616791;6,57933;0,0937467
-100;-8,11131;8,59645e-07;3,89731e-07;0,62866;8,11131;0,0775041
-100;-10;1,10202e-06;4,31785e-07;0,641593;10;0,0641593
-100;-12,3285;1,43785e-06;9,15954e-07;0,655834;12,3285;0,0531968
-100;-15,1991;1,89427e-06;1,05346e-06;0,671682;15,1991;0,0441922
-100;-18,7382;2,52409e-06;8,99487e-07;0,6895;18,7382;0,0367965
-100;-23,1013;3,36154e-06;1,13147e-06;0,709734;23,1013;0,0307227
-100;-28,4804;4,53085e-06;1,74569e-06;0,732927;28,4804;0,0257345
-100;-35,1119;6,17854e-06;2,70126e-06;0,759741;35,1119;0,0216377
-100;-43,2876;8,53488e-06;3,39446e-06;0,79098;43,2876;0,0182727
-100;-53,367;1,17781e-05;7,39482e-06;0,827624;53,367;0,0155082
-100;-65,7933;1,63529e-05;8,16208e-06;0,870861;65,7933;0,0132363
-100;-81,1131;2,3464e-05;9,87391e-06;0,922135;81,1131;0,0113685
-100;-100;3,32959e-05;1,74027e-05;0,983197;100;0,00983197
-79,4328;-0,1;8,03329e-10;3,68158e-09;0,451885;0,1;4,51885
-79,4328;-0,123285;1,4185e-09;2,67738e-09;0,459246;0,123285;3,72509
-79,4328;-0,151991;2,5462e-09;8,91356e-09;0,466619;0,151991;3,07004
-79,4328;-0,187382;4,24993e-09;7,31312e-09;0,474006;0,187382;2,52963
-79,4328;-0,231013;7,29637e-09;6,25076e-09;0,481414;0,231013;2,08393
-79,4328;-0,284804;1,04158e-08;7,40581e-09;0,48885;0,284804;1,71644
-79,4328;-0,351119;1,53815e-08;9,01152e-09;0,49632;0,351119;1,41354
-79,4328;-0,432876;2,14801e-08;1,7754e-08;0,503836;0,432876;1,16393
-79,4328;-0,53367;2,98604e-08;2,61663e-08;0,511407;0,53367;0,958283
-79,4328;-0,657933;3,80867e-08;3,79384e-08;0,519047;0,657933;0,788906
-79,4328;-0,811131;5,09635e-08;3,694e-08;0,526774;0,811131;0,649432
-79,4328;-1;6,77299e-08;2,73777e-08;0,534608;1;0,534608
-79,4328;-1,23285;8,62886e-08;3,39883e-08;0,542574;1,23285;0,440099
-79,4328;-1,51991;1,12015e-07;6,04455e-08;0,550703;1,51991;0,362326
-79,4328;-1,87382;1,4601e-07;6,46043e-08;0,559034;1,87382;0,29834
-79,4328;-2,31013;1,89917e-07;8,58316e-08;0,567613;2,31013;0,245706
-79,4328;-2,84804;2,41799e-07;7,77583e-08;0,576499;2,84804;0,20242
-79,4328;-3,51119;3,07603e-07;1,67408e-07;0,585761;3,51119;0,166827
-79,4328;-4,32876;4,02798e-07;1,49866e-07;0,595489;4,32876;0,137566
-79,4328;-5,3367;5,12105e-07;2,22318e-07;0,605788;5,3367;0,113514
-79,4328;-6,57933;6,62352e-07;3,37219e-07;0,616791;6,57933;0,0937467
-79,4328;-8,11131;8,59645e-07;3,89731e-07;0,62866;8,11131;0,0775041
-79,4328;-10;1,10202e-06;4,31785e-07;0,641593;10;0,0641593
-79,4328;-12,3285;1,43785e-06;9,15954e-07;0,655834;12,3285;0,0531968
-79,4328;-15,1991;1,89427e-06;1,05346e-06;0,671682;15,1991;0,0441922
-79,4328;-18,7382;2,52409e-06;8,99487e-07;0,6895;18,7382;0,0367965
-79,4328;-23,1013;3,36154e-06;1,13147e-06;0,709734;23,1013;0,0307227
-79,4328;-28,4804;4,53085e-06;1,74569e-06;0,732927;28,4804;0,0257345
-79,4328;-35,1119;6,17854e-06;2,70126e-06;0,759741;35,1119;0,0216377
-79,4328;-43,2876;8,53488e-06;3,39446e-06;0,79098;43,2876;0,0182727
-79,4328;-53,367;1,17781e-05;7,39482e-06;0,827624;53,367;0,0155082
-79,4328;-65,7933;1,63529e-05;8,16208e-06;0,870861;65,7933;0,0132363
-79,4328;-81,1131;2,3464e-05;9,87391e-06;0,922135;81,1131;0,0113685
-79,4328;-100;3,32959e-05;1,74027e-05;0,983197;100;0,00983197
-63,0957;-0,1;8,03329e-10;3,68158e-09;0,451885;0,1;4,51885
-63,0957;-0,123285;1,4185e-09;2,67738e-09;0,459246;0,123285;3,72509
-63,0957;-0,151991;2,5462e-09;8,91356e-09;0,466619;0,151991;3,07004
-63,0957;-0,187382;4,24993e-09;7,31312e-09;0,474006;0,187382;2,52963
-63,0957;-0,231013;7,29637e-09;6,25076e-09;0,481414;0,231013;2,08393
-63,0957;-0,284804;1,04158e-08;7,40581e-09;0,48885;0,284804;1,71644
-63,0957;-0,351119;1,53815e-08;9,01152e-09;0,49632;0,351119;1,41354
-63,0957;-0,432876;2,14801e-08;1,7754e-08;0,503836;0,432876;1,16393
-63,0957;-0,53367;2,98604e-08;2,61663e-08;0,511407;0,53367;0,958283
-63,0957;-0,657933;3,80867e-08;3,79384e-08;0,519047;0,657933;0,788906
-63,0957;-0,811131;5,09635e-08;3,694e-08;0,526774;0,811131;0,649432
-63,0957;-1;6,77299e-08;2,73777e-08;0,534608;1;0,534608
-63,0957;-1,23285;8,62886e-08;3,39883e-08;0,542574;1,23285;0,440099
-63,0957;-1,51991;1,12015e-07;6,04455e-08;0,550703;1,51991;0,362326
-63,0957;-1,87382;1,4601e-07;6,46043e-08;0,559034;1,87382;0,29834
-63,0957;-2,31013;1,89917e-07;8,58316e-08;0,567613;2,31013;0,245706
-63,0957;-2,84804;2,41799e-07;7,77583e-08;0,576499;2,84804;0,20242
-63,0957;-3,51119;3,07603e-07;1,67408e-07;0,585761;3,51119;0,166827
-63,0957;-4,32876;4,02798e-07;1,49866e-07;0,595489;4,32876;0,137566
-63,0957;-5,3367;5,12105e-07;2,22318e-07;0,605788;5,3367;0,113514
-63,0957;-6,57933;6,62352e-07;3,37219e-07;0,616791;6,57933;0,0937467
-63,0957;-8,11131;8,59645e-07;3,89731e-07;0,62866;8,11131;0,0775041
-63,0957;-10;1,10202e-06;4,31785e-07;0,641593;10;0,0641593
-63,0957;-12,3285;1,43785e-06;9,15954e-07;0,655834;12,3285;0,0531968
-63,0957;-15,1991;1,89427e-06;1,05346e-06;0,671682;15,1991;0,0441922
-63,0957;-18,7382;2,52409e-06;8,99487e-07;0,6895;18,7382;0,0367965
-63,0957;-23,1013;3,36154e-06;1,13147e-06;0,709734;23,1013;0,0307227
-63,0957;-28,4804;4,53085e-06;1,74569e-06;0,732927;28,4804;0,0257345
-63,0957;-35,1119;6,17854e-06;2,70126e-06;0,759741;35,1119;0,0216377
-63,0957;-43,2876;8,53488e-06;3,39446e-06;0,79098;43,2876;0,0182727
-63,0957;-53,367;1,17781e-05;7,39482e-06;0,827624;53,367;0,0155082
-63,0957;-65,7933;1,63529e-05;8,16208e-06;0,870861;65,7933;0,0132363
-63,0957;-81,1131;2,3464e-05;9,87391e-06;0,922135;81,1131;0,0113685
-63,0957;-100;3,32959e-05;1,74027e-05;0,983197;100;0,00983197
-50,1187;-0,1;8,03329e-10;3,68158e-09;0,451885;0,1;4,51885
-50,1187;-0,123285;1,4185e-09;2,67738e-09;0,459246;0,123285;3,72509
-50,1187;-0,151991;2,5462e-09;8,91356e-09;0,466619;0,151991;3,07004
-50,1187;-0,187382;4,24993e-09;7,31312e-09;0,474006;0,187382;2,52963
-50,1187;-0,231013;7,29637e-09;6,25076e-09;0,481414;0,231013;2,08393
-50,1187;-0,284804;1,04158e-08;7,40581e-09;0,48885;0,284804;1,71644
-50,1187;-0,351119;1,53815e-08;9,01152e-09;0,49632;0,351119;1,41354
-50,1187;-0,432876;2,14801e-08;1,7754e-08;0,503836;0,432876;1,16393
-50,1187;-0,53367;2,98604e-08;2,61663e-08;0,511407;0,53367;0,958283
-50,1187;-0,657933;3,80867e-08;3,79384e-08;0,519047;0,657933;0,788906
-50,1187;-0,811131;5,09635e-08;3,694e-08;0,526774;0,811131;0,649432
-50,1187;-1;6,77299e-08;2,73777e-08;0,534608;1;0,534608
-50,1187;-1,23285;8,62886e-08;3,39883e-08;0,542574;1,23285;0,440099
-50,1187;-1,51991;1,12015e-07;6,04455e-08;0,550703;1,51991;0,362326
-50,1187;-1,87382;1,4601e-07;6,46043e-08;0,559034;1,87382;0,29834
-50,1187;-2,31013;1,89917e-07;8,58316e-08;0,567613;2,31013;0,245706
-50,1187;-2,84804;2,41799e-07;7,77583e-08;0,576499;2,84804;0,20242
-50,1187;-3,51119;3,07603e-07;1,67408e-07;0,585761;3,51119;0,166827
-50,1187;-4,32876;4,02798e-07;1,49866e-07;0,595489;4,32876;0,137566
-50,1187;-5,3367;5,12105e-07;2,22318e-07;0,605788;5,3367;0,113514
-50,1187;-6,57933;6,62352e-07;3,37219e-07;0,616791;6,57933;0,0937467
-50,1187;-8,11131;8,59645e-07;3,89731e-07;0,62866;8,11131;0,0775041
-50,1187;-10;1,10202e-06;4,31785e-07;0,641593;10;0,0641593
-50,1187;-12,3285;1,43785e-06;9,15954e-07;0,655834;12,3285;0,0531968
-50,1187;-15,1991;1,89427e-06;1,05346e-06;0,671682;15,1991;0,0441922
-50,1187;-18,7382;2,52409e-06;8,99487e-07;0,6895;18,7382;0,0367965
-50,1187;-23,1013;3,36154e-06;1,13147e-06;0,709734;23,1013;0,0307227
-50,1187;-28,4804;4,53085e-06;1,74569e-06;0,732927;28,4804;0,0257345
-50,1187;-35,1119;6,17854e-06;2,70126e-06;0,759741;35,1119;0,0216377
-50,1187;-43,2876;8,53488e-06;3,39446e-06;0,79098;43,2876;0,0182727
-50,1187;-53,367;1,17781e-05;7,39482e-06;0,827624;53,367;0,0155082
-50,1187;-65,7933;1,63529e-05;8,16208e-06;0,870861;65,7933;0,0132363
-50,1187;-81,1131;2,3464e-05;9,87391e-06;0,922135;81,1131;0,0113685
-50,1187;-100;3,32959e-05;1,74027e-05;0,983197;100;0,00983197
-39,8107;-0,1;8,03329e-10;3,68158e-09;0,451885;0,1;4,51885
-39,8107;-0,123285;1,4185e-09;2,67738e-09;0,459246;0,123285;3,72509
-39,8107;-0,151991;2,5462e-09;8,91356e-09;0,466619;0,151991;3,07004
-39,8107;-0,187382;4,24993e-09;7,31312e-09;0,474006;0,187382;2,52963
-39,8107;-0,231013;7,29637e-09;6,25076e-09;0,481414;0,231013;2,08393
-39,8107;-0,284804;1,04158e-08;7,40581e-09;0,48885;0,284804;1,71644
-39,8107;-0,351119;1,53815e-08;9,01152e-09;0,49632;0,351119;1,41354
-39,8107;-0,432876;2,14801e-08;1,7754e-08;0,503836;0,432876;1,16393
-39,8107;-0,53367;2,98604e-08;2,61663e-08;0,511407;0,53367;0,958283
-39,8107;-0,657933;3,80867e-08;3,79384e-08;0,519047;0,657933;0,788906
-39,8107;-0,811131;5,09635e-08;3,694e-08;0,526774;0,811131;0,649432
-39,8107;-1;6,77299e-08;2,73777e-08;0,534608;1;0,534608
-39,8107;-1,23285;8,62886e-08;3,39883e-08;0,542574;1,23285;0,440099
-39,8107;-1,51991;1,12015e-07;6,04455e-08;0,550703;1,51991;0,362326
-39,8107;-1,87382;1,4601e-07;6,46043e-08;0,559034;1,87382;0,29834
-39,8107;-2,31013;1,89917e-07;8,58316e-08;0,567613;2,31013;0,245706
-39,8107;-2,84804;2,41799e-07;7,77583e-08;0,576499;2,84804;0,20242
-39,8107;-3,51119;3,07603e-07;1,67408e-07;0,585761;3,51119;0,166827
-39,8107;-4,32876;4,02798e-07;1,49866e-07;0,595489;4,32876;0,137566
-39,8107;-5,3367;5,12105e-07;2,22318e-07;0,605788;5,3367;0,113514
-39,8107;-6,57933;6,62352e-07;3,37219e-07;0,616791;6,57933;0,0937467
-39,8107;-8,11131;8,59645e-07;3,89731e-07;0,62866;8,11131;0,0775041
-39,8107;-10;1,10202e-06;4,31785e-07;0,641593;10;0,0641593
-39,8107;-12,3285;1,43785e-06;9,15954e-07;0,655834;12,3285;0,0531968
-39,8107;-15,1991;1,89427e-06;1,05346e-06;0,671682;15,1991;0,0441922
-39,8107;-18,7382;2,52409e-06;8,99487e-07;0,6895;18,7382;0,0367965
-39,8107;-23,1013;3,36154e-06;1,13147e-06;0,709734;23,1013;0,0307227
-39,8107;-28,4804;4,53085e-06;1,74569e-06;0,732927;28,4804;0,0257345
-39,8107;-35,1119;6,17854e-06;2,70126e-06;0,759741;35,1119;0,0216377
-39,8107;-43,2876;8,53488e-06;3,39446e-06;0,79098;43,2876;0,0182727
-39,8107;-53,367;1,17781e-05;7,39482e-06;0,827624;53,367;0,0155082
-39,8107;-65,7933;1,63529e-05;8,16208e-06;0,870861;65,7933;0,0132363
-39,8107;-81,1131;2,3464e-05;9,87391e-06;0,922135;81,1131;0,0113685
-39,8107;-100;3,32959e-05;1,74027e-05;0,983197;100;0,00983197
-31,6228;-0,1;8,03329e-10;3,68158e-09;0,451885;0,1;4,51885
-31,6228;-0,123285;1,4185e-09;2,67738e-09;0,459246;0,123285;3,72509
-31,6228;-0,151991;2,5462e-09;8,91356e-09;0,466619;0,151991;3,07004
-31,6228;-0,187382;4,24993e-09;7,31312e-09;0,474006;0,187382;2,52963
-31,6228;-0,231013;7,29637e-09;6,25076e-09;0,481414;0,231013;2,08393
-31,6228;-0,284804;1,04158e-08;7,40581e-09;0,48885;0,284804;1,71644
-31,6228;-0,351119;1,53815e-08;9,01152e-09;0,49632;0,351119;1,41354
-31,6228;-0,432876;2,14801e-08;1,7754e-08;0,503836;0,432876;1,16393
-31,6228;-0,53367;2,98604e-08;2,61663e-08;0,511407;0,53367;0,958283
-31,6228;-0,657933;3,80867e-08;3,79384e-08;0,519047;0,657933;0,788906
-31,6228;-0,811131;5,09635e-08;3,694e-08;0,526774;0,811131;0,649432
-31,6228;-1;6,77299e-08;2,73777e-08;0,534608;1;0,534608
-31,6228;-1,23285;8,62886e-08;3,39883e-08;0,542574;1,23285;0,440099
-31,6228;-1,51991;1,12015e-07;6,04455e-08;0,550703;1,51991;0,362326
-31,6228;-1,87382;1,4601e-07;6,46043e-08;0,559034;1,87382;0,29834
-31,6228;-2,31013;1,89917e-07;8,58316e-08;0,567613;2,31013;0,245706
-31,6228;-2,84804;2,41799e-07;7,77583e-08;0,576499;2,84804;0,20242
-31,6228;-3,51119;3,07603e-07;1,67408e-07;0,585761;3,51119;0,166827
-31,6228;-4,32876;4,02798e-07;1,49866e-07;0,595489;4,32876;0,137566
-31,6228;-5,3367;5,12105e-07;2,22318e-07;0,605788;5,3367;0,113514
-31,6228;-6,57933;6,62352e-07;3,37219e-07;0,616791;6,57933;0,0937467
-31,6228;-8,11131;8,59645e-07;3,89731e-07;0,62866;8,11131;0,0775041
-31,6228;-10;1,10202e-06;4,31785e-07;0,641593;10;0,0641593
-31,6228;-12,3285;1,43785e-06;9,15954e-07;0,655834;12,3285;0,0531968
-31,6228;-15,1991;1,89427e-06;1,05346e-06;0,671682;15,1991;0,0441922
-31,6228;-18,7382;2,52409e-06;8,99487e-07;0,6895;18,7382;0,0367965
-31,6228;-23,1013;3,36154e-06;1,13147e-06;0,709734;23,1013;0,0307227
-31,6228;-28,4804;4,53085e-06;1,74569e-06;0,732927;28,4804;0,0257345
-31,6228;-35,1119;6,17854e-06;2,70126e-06;0,759741;35,1119;0,0216377
-31,6228;-43,2876;8,53488e-06;3,39446e-06;0,79098;43,2876;0,0182727
-31,6228;-53,367;1,17781e-05;7,39482e-06;0,827624;53,367;0,0155082
-31,6228;-65,7933;1,63529e-05;8,16208e-06;0,870861;65,7933;0,0132363
-31,6228;-81,1131;2,3464e-05;9,87391e-06;0,922135;81,1131;0,0113685
-31,6228;-100;3,32959e-05;1,74027e-05;0,983197;100;0,00983197
-25,1189;-0,1;8,03329e-10;3,68158e-09;0,451885;0,1;4,51885
-25,1189;-0,123285;1,4185e-09;2,67738e-09;0,459246;0,123285;3,72509
-25,1189;-0,151991;2,5462e-09;8,91356e-09;0,466619;0,151991;3,07004
-25,1189;-0,187382;4,24993e-09;7,31312e-09;0,474006;0,187382;2,52963
-25,1189;-0,231013;7,29637e-09;6,25076e-09;0,481414;0,231013;2,08393
-25,1189;-0,284804;1,04158e-08;7,40581e-09;0,48885;0,284804;1,71644
-25,1189;-0,351119;1,53815e-08;9,01152e-09;0,49632;0,351119;1,41354
-25,1189;-0,432876;2,14801e-08;1,7754e-08;0,503836;0,432876;1,16393
-25,1189;-0,53367;2,98604e-08;2,61663e-08;0,511407;0,53367;0,958283
-25,1189;-0,657933;3,80867e-08;3,79384e-08;0,519047;0,657933;0,788906
-25,1189;-0,811131;5,09635e-08;3,694e-08;0,526774;0,811131;0,649432
-25,1189;-1;6,77299e-08;2,73777e-08;0,534608;1;0,534608
-25,1189;-1,23285;8,62886e-08;3,39883e-08;0,542574;1,23285;0,440099
-25,1189;-1,51991;1,12015e-07;6,04455e-08;0,550703;1,51991;0,362326
-25,1189;-1,87382;1,4601e-07;6,46043e-08;0,559034;1,87382;0,29834
-25,1189;-2,31013;1,89917e-07;8,58316e-08;0,567613;2,31013;0,245706
-25,1189;-2,84804;2,41799e-07;7,77583e-08;0,576499;2,84804;0,20242
-25,1189;-3,51119;3,07603e-07;1,67408e-07;0,585761;3,51119;0,166827
-25,1189;-4,32876;4,02798e-07;1,49866e-07;0,595489;4,32876;0,137566
-25,1189;-5,3367;5,12105e-07;2,22318e-07;0,605788;5,3367;0,113514
-25,1189;-6,57933;6,62352e-07;3,37219e-07;0,616791;6,57933;0,0937467
-25,1189;-8,11131;8,59645e-07;3,89731e-07;0,62866;8,11131;0,0775041
-25,1189;-10;1,10202e-06;4,31785e-07;0,641593;10;0,0641593
-25,1189;-12,3285;1,43785e-06;9,15954e-07;0,655834;12,3285;0,0531968
-25,1189;-15,1991;1,89427e-06;1,05346e-06;0,671682;15,1991;0,0441922
-25,1189;-18,7382;2,52409e-06;8,99487e-07;0,6895;18,7382;0,0367965
-25,1189;-23,1013;3,36154e-06;1,13147e-06;0,709734;23,1013;0,0307227
-25,1189;-28,4804;4,53085e-06;1,74569e-06;0,732927;28,4804;0,0257345
-25,1189;-35,1119;6,17854e-06;2,70126e-06;0,759741;35,1119;0,0216377
-25,1189;-43,2876;8,53488e-06;3,39446e-06;0,79098;43,2876;0,0182727
-25,1189;-53,367;1,17781e-05;7,39482e-06;0,827624;53,367;0,0155082
-25,1189;-65,7933;1,63529e-05;8,16208e-06;0,870861;65,7933;0,0132363
-25,1189;-81,1131;2,3464e-05;9,87391e-06;0,922135;81,1131;0,0113685
-25,1189;-100;3,32959e-05;1,74027e-05;0,983197;100;0,00983197
-19,9526;-0,1;8,03329e-10;3,68158e-09;0,451885;0,1;4,51885
-19,9526;-0,123285;1,4185e-09;2,67738e-09;0,459246;0,123285;3,72509
-19,9526;-0,151991;2,5462e-09;8,91356e-09;0,466619;0,151991;3,07004
-19,9526;-0,187382;4,24993e-09;7,31312e-09;0,474006;0,187382;2,52963
-19,9526;-0,231013;7,29637e-09;6,25076e-09;0,481414;0,231013;2,08393
-19,9526;-0,284804;1,04158e-08;7,40581e-09;0,48885;0,284804;1,71644
-19,9526;-0,351119;1,53815e-08;9,01152e-09;0,49632;0,351119;1,41354
-19,9526;-0,432876;2,14801e-08;1,7754e-08;0,503836;0,432876;1,16393
-19,9526;-0,53367;2,98604e-08;2,61663e-08;0,511407;0,53367;0,958283
-19,9526;-0,657933;3,80867e-08;3,79384e-08;0,519047;0,657933;0,788906
-19,9526;-0,811131;5,09635e-08;3,694e-08;0,526774;0,811131;0,649432
-19,9526;-1;6,77299e-08;2,73777e-08;0,534608;1;0,534608
-19,9526;-1,23285;8,62886e-08;3,39883e-08;0,542574;1,23285;0,440099
-19,9526;-1,51991;1,12015e-07;6,04455e-08;0,550703;1,51991;0,362326
-19,9526;-1,87382;1,4601e-07;6,46043e-08;0,559034;1,87382;0,29834
-19,9526;-2,31013;1,89917e-07;8,58316e-08;0,567613;2,31013;0,245706
-19,9526;-2,84804;2,41799e-07;7,77583e-08;0,576499;2,84804;0,20242
-19,9526;-3,51119;3,07603e-07;1,67408e-07;0,585761;3,51119;0,166827
-19,9526;-4,32876;4,02798e-07;1,49866e-07;0,595489;4,32876;0,137566
-19,9526;-5,3367;5,12105e-07;2,22318e-07;0,605788;5,3367;0,113514
-19,9526;-6,57933;6,62352e-07;3,37219e-07;0,616791;6,57933;0,0937467
-19,9526;-8,11131;8,59645e-07;3,89731e-07;0,62866;8,11131;0,0775041
-19,9526;-10;1,10202e-06;4,31785e-07;0,641593;10;0,0641593
-19,9526;-12,3285;1,43785e-06;9,15954e-07;0,655834;12,3285;0,0531968
-19,9526;-15,1991;1,89427e-06;1,05346e-06;0,671682;15,1991;0,0441922
-19,9526;-18,7382;2,52409e-06;8,99487e-07;0,6895;18,7382;0,0367965
-19,9526;-23,1013;3,36154e-06;1,13147e-06;0,709734;23,1013;0,0307227
-19,9526;-28,4804;4,53085e-06;1,74569e-06;0,732927;28,4804;0,0257345
-19,9526;-35,1119;6,17854e-06;2,70126e-06;0,759741;35,1119;0,0216377
-19,9526;-43,2876;8,53488e-06;3,39446e-06;0,79098;43,2876;0,0182727
-19,9526;-53,367;1,17781e-05;7,39482e-06;0,827624;53,367;0,0155082
-19,9526;-65,7933;1,63529e-05;8,16208e-06;0,870861;65,7933;0,0132363
-19,9526;-81,1131;2,3464e-05;9,87391e-06;0,922135;81,1131;0,0113685
-19,9526;-100;3,32959e-05;1,74027e-05;0,983197;100;0,00983197
-15,8489;-0,1;8,03329e-10;3,68158e-09;0,451885;0,1;4,51885
-15,8489;-0,123285;1,4185e-09;2,67738e-09;0,459246;0,123285;3,72509
-15,8489;-0,151991;2,5462e-09;8,91356e-09;0,466619;0,151991;3,07004
-15,8489;-0,187382;4,24993e-09;7,31312e-09;0,474006;0,187382;2,52963
-15,8489;-0,231013;7,29637e-09;6,25076e-09;0,481414;0,231013;2,08393
-15,8489;-0,284804;1,04158e-08;7,40581e-09;0,48885;0,284804;1,71644
-15,8489;-0,351119;1,53815e-08;9,01152e-09;0,49632;0,351119;1,41354
-15,8489;-0,432876;2,14801e-08;1,7754e-08;0,503836;0,432876;1,16393
-15,8489;-0,53367;2,98604e-08;2,61663e-08;0,511407;0,53367;0,958283
-15,8489;-0,657933;3,80867e-08;3,79384e-08;0,519047;0,657933;0,788906
-15,8489;-0,811131;5,09635e-08;3,694e-08;0,526774;0,811131;0,649432
-15,8489;-1;6,77299e-08;2,73777e-08;0,534608;1;0,534608
-15,8489;-1,23285;8,62886e-08;3,39883e-08;0,542574;1,23285;0,440099
-15,8489;-1,51991;1,12015e-07;6,04455e-08;0,550703;1,51991;0,362326
-15,8489;-1,87382;1,4601e-07;6,46043e-08;0,559034;1,87382;0,29834
-15,8489;-2,31013;1,89917e-07;8,58316e-08;0,567613;2,31013;0,245706
-15,8489;-2,84804;2,41799e-07;7,77583e-08;0,576499;2,84804;0,20242
-15,8489;-3,51119;3,07603e-07;1,67408e-07;0,585761;3,51119;0,166827
-15,8489;-4,32876;4,02798e-07;1,49866e-07;0,595489;4,32876;0,137566
-15,8489;-5,3367;5,12105e-07;2,22318e-07;0,605788;5,3367;0,113514
-15,8489;-6,57933;6,62352e-07;3,37219e-07;0,616791;6,57933;0,0937467
-15,8489;-8,11131;8,59645e-07;3,89731e-07;0,62866;8,11131;0,0775041
-15,8489;-10;1,10202e-06;4,31785e-07;0,641593;10;0,0641593
-15,8489;-12,3285;1,43785e-06;9,15954e-07;0,655834;12,3285;0,0531968
-15,8489;-15,1991;1,89427e-06;1,05346e-06;0,671682;15,1991;0,0441922
-15,8489;-18,7382;2,52409e-06;8,99487e-07;0,6895;18,7382;0,0367965
-15,8489;-23,1013;3,36154e-06;1,13147e-06;0,709734;23,1013;0,0307227
-15,8489;-28,4804;4,53085e-06;1,74569e-06;0,732927;28,4804;0,0257345
-15,8489;-35,1119;6,17854e-06;2,70126e-06;0,759741;35,1119;0,0216377
-15,8489;-43,2876;8,53488e-06;3,39446e-06;0,79098;43,2876;0,0182727
-15,8489;-53,367;1,17781e-05;7,39482e-06;0,827624;53,367;0,0155082
-15,8489;-65,7933;1,63529e-05;8,16208e-06;0,870861;65,7933;0,0132363
-15,8489;-81,1131;2,3464e-05;9,87391e-06;0,922135;81,1131;0,0113685
-15,8489;-100;3,32959e-05;1,74027e-05;0,983197;100;0,00983197
-12,5893;-0,1;8,03329e-10;3,68158e-09;0,451885;0,1;4,51885
-12,5893;-0,123285;1,4185e-09;2,67738e-09;0,459246;0,123285;3,72509
-12,5893;-0,151991;2,5462e-09;8,91356e-09;0,466619;0,151991;3,07004
-12,5893;-0,187382;4,24993e-09;7,31312e-09;0,474006;0,187382;2,52963
-12,5893;-0,231013;7,29637e-09;6,25076e-09;0,481414;0,231013;2,08393
-12,5893;-0,284804;1,04158e-08;7,40581e-09;0,48885;0,284804;1,71644
-12,5893;-0,351119;1,53815e-08;9,01152e-09;0,49632;0,351119;1,41354
-12,5893;-0,432876;2,14801e-08;1,7754e-08;0,503836;0,432876;1,16393
-12,5893;-0,53367;2,98604e-08;2,61663e-08;0,511407;0,53367;0,958283
-12,5893;-0,657933;3,80867e-08;3,79384e-08;0,519047;0,657933;0,788906
-12,5893;-0,811131;5,09635e-08;3,694e-08;0,526774;0,811131;0,649432
-12,5893;-1;6,77299e-08;2,73777e-08;0,534608;1;0,534608
-12,5893;-1,23285;8,62886e-08;3,39883e-08;0,542574;1,23285;0,440099
-12,5893;-1,51991;1,12015e-07;6,04455e-08;0,550703;1,51991;0,362326
-12,5893;-1,87382;1,4601e-07;6,46043e-08;0,559034;1,87382;0,29834
-12,5893;-2,31013;1,89917e-07;8,58316e-08;0,567613;2,31013;0,245706
-12,5893;-2,84804;2,41799e-07;7,77583e-08;0,576499;2,84804;0,20242
-12,5893;-3,51119;3,07603e-07;1,67408e-07;0,585761;3,51119;0,166827
-12,5893;-4,32876;4,02798e-07;1,49866e-07;0,595489;4,32876;0,137566
-12,5893;-5,3367;5,12105e-07;2,22318e-07;0,605788;5,3367;0,113514
-12,5893;-6,57933;6,62352e-07;3,37219e-07;0,616791;6,57933;0,0937467
-12,5893;-8,11131;8,59645e-07;3,89731e-07;0,62866;8,11131;0,0775041
-12,5893;-10;1,10202e-06;4,31785e-07;0,641593;10;0,0641593
-12,5893;-12,3285;1,43785e-06;9,15954e-07;0,655834;12,3285;0,0531968
-12,5893;-15,1991;1,89427e-06;1,05346e-06;0,671682;15,1991;0,0441922
-12,5893;-18,7382;2,52409e-06;8,99487e-07;0,6895;18,7382;0,0367965
-12,5893;-23,1013;3,36154e-06;1,13147e-06;0,709734;23,1013;0,0307227
-12,5893;-28,4804;4,53085e-06;1,74569e-06;0,732927;28,4804;0,0257345
-12,5893;-35,1119;6,17854e-06;2,70126e-06;0,759741;35,1119;0,0216377
-12,5893;-43,2876;8,53488e-06;3,39446e-06;0,79098;43,2876;0,0182727
-12,5893;-53,367;1,17781e-05;7,39482e-06;0,827624;53,367;0,0155082
-12,5893;-65,7933;1,63529e-05;8,16208e-06;0,870861;65,7933;0,0132363
-12,5893;-81,1131;2,3464e-05;9,87391e-06;0,922135;81,1131;0,0113685
-12,5893;-100;3,32959e-05;1,74027e-05;0,983197;100;0,00983197
-10;-0,1;8,03329e-10;3,68158e-09;0,451885;0,1;4,51885
-10;-0,123285;1,4185e-09;2,67738e-09;0,459246;0,123285;3,72509
-10;-0,151991;2,5462e-09;8,91356e-09;0,466619;0,151991;3,07004
-10;-0,187382;4,24993e-09;7,31312e-09;0,474006;0,187382;2,52963
-10;-0,231013;7,29637e-09;6,25076e-09;0,481414;0,231013;2,08393
-10;-0,284804;1,04158e-08;7,40581e-09;0,48885;0,284804;1,71644
-10;-0,351119;1,53815e-08;9,01152e-09;0,49632;0,351119;1,41354
-10;-0,432876;2,14801e-08;1,7754e-08;0,503836;0,432876;1,16393
-10;-0,53367;2,98604e-08;2,61663e-08;0,511407;0,53367;0,958283
-10;-0,657933;3,80867e-08;3,79384e-08;0,519047;0,657933;0,788906
-10;-0,811131;5,09635e-08;3,694e-08;0,526774;0,811131;0,649432
-10;-1;6,77299e-08;2,73777e-08;0,534608;1;0,534608
-10;-1,23285;8,62886e-08;3,39883e-08;0,542574;1,23285;0,440099
-10;-1,51991;1,12015e-07;6,04455e-08;0,550703;1,51991;0,362326
-10;-1,87382;1,4601e-07;6,46043e-08;0,559034;1,87382;0,29834
-10;-2,31013;1,89917e-07;8,58316e-08;0,567613;2,31013;0,245706
-10;-2,84804;2,41799e-07;7,77583e-08;0,576499;2,84804;0,20242
-10;-3,51119;3,07603e-07;1,67408e-07;0,585761;3,51119;0,166827
-10;-4,32876;4,02798e-07;1,49866e-07;0,595489;4,32876;0,137566
-10;-5,3367;5,12105e-07;2,22318e-07;0,605788;5,3367;0,113514
-10;-6,57933;6,62352e-07;3,37219e-07;0,616791;6,57933;0,0937467
-10;-8,11131;8,59645e-07;3,89731e-07;0,62866;8,11131;0,0775041
-10;-10;1,10202e-06;4,31785e-07;0,641593;10;0,0641593
-10;-12,3285;1,43785e-06;9,15954e-07;0,655834;12,3285;0,0531968
-10;-15,1991;1,89427e-06;1,05346e-06;0,671682;15,1991;0,0441922
-10;-18,7382;2,52409e-06;8,99487e-07;0,6895;18,7382;0,0367965
-10;-23,1013;3,36154e-06;1,13147e-06;0,709734;23,1013;0,0307227
-10;-28,4804;4,53085e-06;1,74569e-06;0,732927;28,4804;0,0257345
-10;-35,1119;6,17854e-06;2,70126e-06;0,759741;35,1119;0,0216377
-10;-43,2876;8,53488e-06;3,39446e-06;0,79098;43,2876;0,0182727
-10;-53,367;1,17781e-05;7,39482e-06;0,827624;53,367;0,0155082
-10;-65,7933;1,63529e-05;8,16208e-06;0,870861;65,7933;0,0132363
-10;-81,1131;2,3464e-05;9,87391e-06;0,922135;81,1131;0,0113685
-10;-100;3,32959e-05;1,74027e-05;0,983197;100;0,00983197
-7,94328;-0,1;8,03329e-10;3,68158e-09;0,451885;0,1;4,51885
-7,94328;-0,123285;1,4185e-09;2,67738e-09;0,459246;0,123285;3,72509
-7,94328;-0,151991;2,5462e-09;8,91356e-09;0,466619;0,151991;3,07004
-7,94328;-0,187382;4,24993e-09;7,31312e-09;0,474006;0,187382;2,52963
-7,94328;-0,231013;7,29637e-09;6,25076e-09;0,481414;0,231013;2,08393
-7,94328;-0,284804;1,04158e-08;7,40581e-09;0,48885;0,284804;1,71644
-7,94328;-0,351119;1,53815e-08;9,01152e-09;0,49632;0,351119;1,41354
-7,94328;-0,432876;2,14801e-08;1,7754e-08;0,503836;0,432876;1,16393
-7,94328;-0,53367;2,98604e-08;2,61663e-08;0,511407;0,53367;0,958283
-7,94328;-0,657933;3,80867e-08;3,79384e-08;0,519047;0,657933;0,788906
-7,94328;-0,811131;5,09635e-08;3,694e-08;0,526774;0,811131;0,649432
-7,94328;-1;6,77299e-08;2,73777e-08;0,534608;1;0,534608
-7,94328;-1,23285;8,62886e-08;3,39883e-08;0,542574;1,23285;0,440099
-7,94328;-1,51991;1,12015e-07;6,04455e-08;0,550703;1,51991;0,362326
-7,94328;-1,87382;1,4601e-07;6,46043e-08;0,559034;1,87382;0,29834
-7,94328;-2,31013;1,89917e-07;8,58316e-08;0,567613;2,31013;0,245706
-7,94328;-2,84804;2,41799e-07;7,77583e-08;0,576499;2,84804;0,20242
-7,94328;-3,51119;3,07603e-07;1,67408e-07;0,585761;3,51119;0,166827
-7,94328;-4,32876;4,02798e-07;1,49866e-07;0,595489;4,32876;0,137566
-7,94328;-5,3367;5,12105e-07;2,22318e-07;0,605788;5,3367;0,113514
-7,94328;-6,57933;6,62352e-07;3,37219e-07;0,616791;6,57933;0,0937467
-7,94328;-8,11131;8,59645e-07;3,89731e-07;0,62866;8,11131;0,0775041
-7,94328;-10;1,10202e-06;4,31785e-07;0,641593;10;0,0641593
-7,94328;-12,3285;1,43785e-06;9,15954e-07;0,655834;12,3285;0,0531968
-7,94328;-15,1991;1,89427e-06;1,05346e-06;0,671682;15,1991;0,0441922
-7,94328;-18,7382;2,52409e-06;8,99487e-07;0,6895;18,7382;0,0367965
-7,94328;-23,1013;3,36154e-06;1,13147e-06;0,709734;23,1013;0,0307227
-7,94328;-28,4804;4,53085e-06;1,74569e-06;0,732927;28,4804;0,0257345
-7,94328;-35,1119;6,17854e-06;2,70126e-06;0,759741;35,1119;0,0216377
-7,94328;-43,2876;8,53488e-06;3,39446e-06;0,79098;43,2876;0,0182727
-7,94328;-53,367;1,17781e-05;7,39482e-06;0,827624;53,367;0,0155082
-7,94328;-65,7933;1,63529e-05;8,16208e-06;0,870861;65,7933;0,0132363
-7,94328;-81,1131;2,3464e-05;9,87391e-06;0,922135;81,1131;0,0113685
-7,94328;-100;3,32959e-05;1,74027e-05;0,983197;100;0,00983197
-6,30957;-0,1;8,03329e-10;3,68158e-09;0,451885;0,1;4,51885
-6,30957;-0,123285;1,4185e-09;2,67738e-09;0,459246;0,123285;3,72509
-6,30957;-0,151991;2,5462e-09;8,91356e-09;0,466619;0,151991;3,07004
-6,30957;-0,187382;4,24993e-09;7,31312e-09;0,474006;0,187382;2,52963
-6,30957;-0,231013;7,29637e-09;6,25076e-09;0,481414;0,231013;2,08393
-6,30957;-0,284804;1,04158e-08;7,40581e-09;0,48885;0,284804;1,71644
-6,30957;-0,351119;1,53815e-08;9,01152e-09;0,49632;0,351119;1,41354
-6,30957;-0,432876;2,14801e-08;1,7754e-08;0,503836;0,432876;1,16393
-6,30957;-0,53367;2,98604e-08;2,61663e-08;0,511407;0,53367;0,958283
-6,30957;-0,657933;3,80867e-08;3,79384e-08;0,519047;0,657933;0,788906
-6,30957;-0,811131;5,09635e-08;3,694e-08;0,526774;0,811131;0,649432
-6,30957;-1;6,77299e-08;2,73777e-08;0,534608;1;0,534608
-6,30957;-1,23285;8,62886e-08;3,39883e-08;0,542574;1,23285;0,440099
-6,30957;-1,51991;1,12015e-07;6,04455e-08;0,550703;1,51991;0,362326
-6,30957;-1,87382;1,4601e-07;6,46043e-08;0,559034;1,87382;0,29834
-6,30957;-2,31013;1,89917e-07;8,58316e-08;0,567613;2,31013;0,245706
-6,30957;-2,84804;2,41799e-07;7,77583e-08;0,576499;2,84804;0,20242
-6,30957;-3,51119;3,07603e-07;1,67408e-07;0,585761;3,51119;0,166827
-6,30957;-4,32876;4,02798e-07;1,49866e-07;0,595489;4,32876;0,137566
-6,30957;-5,3367;5,12105e-07;2,22318e-07;0,605788;5,3367;0,113514
-6,30957;-6,57933;6,62352e-07;3,37219e-07;0,616791;6,57933;0,0937467
-6,30957;-8,11131;8,59645e-07;3,89731e-07;0,62866;8,11131;0,0775041
-6,30957;-10;1,10202e-06;4,31785e-07;0,641593;10;0,0641593
-6,30957;-12,3285;1,43785e-06;9,15954e-07;0,655834;12,3285;0,0531968
-6,30957;-15,1991;1,89427e-06;1,05346e-06;0,671682;15,1991;0,0441922
-6,30957;-18,7382;2,52409e-06;8,99487e-07;0,6895;18,7382;0,0367965
-6,30957;-23,1013;3,36154e-06;1,13147e-06;0,709734;23,1013;0,0307227
-6,30957;-28,4804;4,53085e-06;1,74569e-06;0,732927;28,4804;0,0257345
-6,30957;-35,1119;6,17854e-06;2,70126e-06;0,759741;35,1119;0,0216377
-6,30957;-43,2876;8,53488e-06;3,39446e-06;0,79098;43,2876;0,0182727
-6,30957;-53,367;1,17781e-05;7,39482e-06;0,827624;53,367;0,0155082
-6,30957;-65,7933;1,63529e-05;8,16208e-06;0,870861;65,7933;0,0132363
-6,30957;-81,1131;2,3464e-05;9,87391e-06;0,922135;81,1131;0,0113685
-6,30957;-100;3,32959e-05;1,74027e-05;0,983197;100;0,00983197
-5,01187;-0,1;8,03329e-10;3,68158e-09;0,451885;0,1;4,51885
-5,01187;-0,123285;1,4185e-09;2,67738e-09;0,459246;0,123285;3,72509
-5,01187;-0,151991;2,5462e-09;8,91356e-09;0,466619;0,151991;3,07004
-5,01187;-0,187382;4,24993e-09;7,31312e-09;0,474006;0,187382;2,52963
-5,01187;-0,231013;7,29637e-09;6,25076e-09;0,481414;0,231013;2,08393
-5,01187;-0,284804;1,04158e-08;7,40581e-09;0,48885;0,284804;1,71644
-5,01187;-0,351119;1,53815e-08;9,01152e-09;0,49632;0,351119;1,41354
-5,01187;-0,432876;2,14801e-08;1,7754e-08;0,503836;0,432876;1,16393
-5,01187;-0,53367;2,98604e-08;2,61663e-08;0,511407;0,53367;0,958283
-5,01187;-0,657933;3,80867e-08;3,79384e-08;0,519047;0,657933;0,788906
-5,01187;-0,811131;5,09635e-08;3,694e-08;0,526774;0,811131;0,649432
-5,01187;-1;6,77299e-08;2,73777e-08;0,534608;1;0,534608
-5,01187;-1,23285;8,62886e-08;3,39883e-08;0,542574;1,23285;0,440099
-5,01187;-1,51991;1,12015e-07;6,04455e-08;0,550703;1,51991;0,362326
-5,01187;-1,87382;1,4601e-07;6,46043e-08;0,559034;1,87382;0,29834
-5,01187;-2,31013;1,89917e-07;8,58316e-08;0,567613;2,31013;0,245706
-5,01187;-2,84804;2,41799e-07;7,77583e-08;0,576499;2,84804;0,20242
-5,01187;-3,51119;3,07603e-07;1,67408e-07;0,585761;3,51119;0,166827
-5,01187;-4,32876;4,02798e-07;1,49866e-07;0,595489;4,32876;0,137566
-5,01187;-5,3367;5,12105e-07;2,22318e-07;0,605788;5,3367;0,113514
-5,01187;-6,57933;6,62352e-07;3,37219e-07;0,616791;6,57933;0,0937467
-5,01187;-8,11131;8,59645e-07;3,89731e-07;0,62866;8,11131;0,0775041
-5,01187;-10;1,10202e-06;4,31785e-07;0,641593;10;0,0641593
-5,01187;-12,3285;1,43785e-06;9,15954e-07;0,655834;12,3285;0,0531968
-5,01187;-15,1991;1,89427e-06;1,05346e-06;0,671682;15,1991;0,0441922
-5,01187;-18,7382;2,52409e-06;8,99487e-07;0,6895;18,7382;0,0367965
-5,01187;-23,1013;3,36154e-06;1,13147e-06;0,709734;23,1013;0,0307227
-5,01187;-28,4804;4,53085e-06;1,74569e-06;0,732927;28,4804;0,0257345
-5,01187;-35,1119;6,17854e-06;2,70126e-06;0,759741;35,1119;0,0216377
-5,01187;-43,2876;8,53488e-06;3,39446e-06;0,79098;43,2876;0,0182727
-5,01187;-53,367;1,17781e-05;7,39482e-06;0,827624;53,367;0,0155082
-5,01187;-65,7933;1,63529e-05;8,16208e-06;0,870861;65,7933;0,0132363
-5,01187;-81,1131;2,3464e-05;9,87391e-06;0,922135;81,1131;0,0113685
-5,01187;-100;3,32959e-05;1,74027e-05;0,983197;100;0,00983197
-3,98107;-0,1;8,03329e-10;3,68158e-09;0,451885;0,1;4,51885
-3,98107;-0,123285;1,4185e-09;2,67738e-09;0,459246;0,123285;3,72509
-3,98107;-0,151991;2,5462e-09;8,91356e-09;0,466619;0,151991;3,07004
-3,98107;-0,187382;4,24993e-09;7,31312e-09;0,474006;0,187382;2,52963
-3,98107;-0,231013;7,29637e-09;6,25076e-09;0,481414;0,231013;2,08393
-3,98107;-0,284804;1,04158e-08;7,40581e-09;0,48885;0,284804;1,71644
-3,98107;-0,351119;1,53815e-08;9,01152e-09;0,49632;0,351119;1,41354
-3,98107;-0,432876;2,14801e-08;1,7754e-08;0,503836;0,432876;1,16393
-3,98107;-0,53367;2,98604e-08;2,61663e-08;0,511407;0,53367;0,958283
-3,98107;-0,657933;3,80867e-08;3,79384e-08;0,519047;0,657933;0,788906
-3,98107;-0,811131;5,09635e-08;3,694e-08;0,526774;0,811131;0,649432
-3,98107;-1;6,77299e-08;2,73777e-08;0,534608;1;0,534608
-3,98107;-1,23285;8,62886e-08;3,39883e-08;0,542574;1,23285;0,440099
-3,98107;-1,51991;1,12015e-07;6,04455e-08;0,550703;1,51991;0,362326
-3,98107;-1,87382;1,4601e-07;6,46043e-08;0,559034;1,87382;0,29834
-3,98107;-2,31013;1,89917e-07;8,58316e-08;0,567613;2,31013;0,245706
-3,98107;-2,84804;2,41799e-07;7,77583e-08;0,576499;2,84804;0,20242
-3,98107;-3,51119;3,07603e-07;1,67408e-07;0,585761;3,51119;0,166827
-3,98107;-4,32876;4,02798e-07;1,49866e-07;0,595489;4,32876;0,137566
-3,98107;-5,3367;5,12105e-07;2,22318e-07;0,605788;5,3367;0,113514
-3,98107;-6,57933;6,62352e-07;3,37219e-07;0,616791;6,57933;0,0937467
-3,98107;-8,11131;8,59645e-07;3,89731e-07;0,62866;8,11131;0,0775041
-3,98107;-10;1,10202e-06;4,31785e-07;0,641593;10;0,0641593
-3,98107;-12,3285;1,43785e-06;9,15954e-07;0,655834;12,3285;0,0531968
-3,98107;-15,1991;1,89427e-06;1,05346e-06;0,671682;15,1991;0,0441922
-3,98107;-18,7382;2,52409e-06;8,99487e-07;0,6895;18,7382;0,0367965
-3,98107;-23,1013;3,36154e-06;1,13147e-06;0,709734;23,1013;0,0307227
-3,98107;-28,4804;4,53085e-06;1,74569e-06;0,732927;28,4804;0,0257345
-3,98107;-35,1119;6,17854e-06;2,70126e-06;0,759741;35,1119;0,0216377
-3,98107;-43,2876;8,53488e-06;3,39446e-06;0,79098;43,2876;0,0182727
-3,98107;-53,367;1,17781e-05;7,39482e-06;0,827624;53,367;0,0155082
-3,98107;-65,7933;1,63529e-05;8,16208e-06;0,870861;65,7933;0,0132363
-3,98107;-81,1131;2,3464e-05;9,87391e-06;0,922135;81,1131;0,0113685
-3,98107;-100;3,32959e-05;1,74027e-05;0,983197;100;0,00983197
-3,16228;-0,1;8,03329e-10;3,68158e-09;0,451885;0,1;4,51885
-3,16228;-0,123285;1,4185e-09;2,67738e-09;0,459246;0,123285;3,72509
-3,16228;-0,151991;2,5462e-09;8,91356e-09;0,466619;0,151991;3,07004
-3,16228;-0,187382;4,24993e-09;7,31312e-09;0,474006;0,187382;2,52963
-3,16228;-0,231013;7,29637e-09;6,25076e-09;0,481414;0,231013;2,08393
-3,16228;-0,284804;1,04158e-08;7,40581e-09;0,48885;0,284804;1,71644
-3,16228;-0,351119;1,53815e-08;9,01152e-09;0,49632;0,351119;1,41354
-3,16228;-0,432876;2,14801e-08;1,7754e-08;0,503836;0,432876;1,16393
-3,16228;-0,53367;2,98604e-08;2,61663e-08;0,511407;0,53367;0,958283
-3,16228;-0,657933;3,80867e-08;3,79384e-08;0,519047;0,657933;0,788906
-3,16228;-0,811131;5,09635e-08;3,694e-08;0,526774;0,811131;0,649432
-3,16228;-1;6,77299e-08;2,73777e-08;0,534608;1;0,534608
-3,16228;-1,23285;8,62886e-08;3,39883e-08;0,542574;1,23285;0,440099
-3,16228;-1,51991;1,12015e-07;6,04455e-08;0,550703;1,51991;0,362326
-3,16228;-1,87382;1,4601e-07;6,46043e-08;0,559034;1,87382;0,29834
-3,16228;-2,31013;1,89917e-07;8,58316e-08;0,567613;2,31013;0,245706
-3,16228;-2,84804;2,41799e-07;7,77583e-08;0,576499;2,84804;0,20242
-3,16228;-3,51119;3,07603e-07;1,67408e-07;0,585761;3,51119;0,166827
-3,16228;-4,32876;4,02798e-07;1,49866e-07;0,595489;4,32876;0,137566
-3,16228;-5,3367;5,12105e-07;2,22318e-07;0,605788;5,3367;0,113514
-3,16228;-6,57933;6,62352e-07;3,37219e-07;0,616791;6,57933;0,0937467
-3,16228;-8,11131;8,59645e-07;3,89731e-07;0,62866;8,11131;0,0775041
-3,16228;-10;1,10202e-06;4,31785e-07;0,641593;10;0,0641593
-3,16228;-12,3285;1,43785e-06;9,15954e-07;0,655834;12,3285;0,0531968
-3,16228;-15,1991;1,89427e-06;1,05346e-06;0,671682;15,1991;0,0441922
-3,16228;-18,7382;2,52409e-06;8,99487e-07;0,6895;18,7382;0,0367965
-3,16228;-23,1013;3,36154e-06;1,13147e-06;0,709734;23,1013;0,0307227
-3,16228;-28,4804;4,53085e-06;1,74569e-06;0,732927;28,4804;0,0257345
-3,16228;-35,1119;6,17854e-06;2,70126e-06;0,759741;35,1119;0,0216377
-3,16228;-43,2876;8,53488e-06;3,39446e-06;0,79098;43,2876;0,0182727
-3,16228;-53,367;1,17781e-05;7,39482e-06;0,827624;53,367;0,0155082
-3,16228;-65,7933;1,63529e-05;8,16208e-06;0,870861;65,7933;0,0132363
-3,16228;-81,1131;2,3464e-05;9,87391e-06;0,922135;81,1131;0,0113685
-3,16228;-100;3,32959e-05;1,74027e-05;0,983197;100;0,00983197
-2,51189;-0,1;8,03329e-10;3,68158e-09;0,451885;0,1;4,51885
-2,51189;-0,123285;1,4185e-09;2,67738e-09;0,459246;0,123285;3,72509
-2,51189;-0,151991;2,5462e-09;8,91356e-09;0,466619;0,151991;3,07004
-2,51189;-0,187382;4,24993e-09;7,31312e-09;0,474006;0,187382;2,52963
-2,51189;-0,231013;7,29637e-09;6,25076e-09;0,481414;0,231013;2,08393
-2,51189;-0,284804;1,04158e-08;7,40581e-09;0,48885;0,284804;1,71644
-2,51189;-0,351119;1,53815e-08;9,01152e-09;0,49632;0,351119;1,41354
-2,51189;-0,432876;2,14801e-08;1,7754e-08;0,503836;0,432876;1,16393
-2,51189;-0,53367;2,98604e-08;2,61663e-08;0,511407;0,53367;0,958283
-2,51189;-0,657933;3,80867e-08;3,79384e-08;0,519047;0,657933;0,788906
-2,51189;-0,811131;5,09635e-08;3,694e-08;0,526774;0,811131;0,649432
-2,51189;-1;6,77299e-08;2,73777e-08;0,534608;1;0,534608
-2,51189;-1,23285;8,62886e-08;3,39883e-08;0,542574;1,23285;0,440099
-2,51189;-1,51991;1,12015e-07;6,04455e-08;0,550703;1,51991;0,362326
-2,51189;-1,87382;1,4601e-07;6,46043e-08;0,559034;1,87382;0,29834
-2,51189;-2,31013;1,89917e-07;8,58316e-08;0,567613;2,31013;0,245706
-2,51189;-2,84804;2,41799e-07;7,77583e-08;0,576499;2,84804;0,20242
-2,51189;-3,51119;3,07603e-07;1,67408e-07;0,585761;3,51119;0,166827
-2,51189;-4,32876;4,02798e-07;1,49866e-07;0,595489;4,32876;0,137566
-2,51189;-5,3367;5,12105e-07;2,22318e-07;0,605788;5,3367;0,113514
-2,51189;-6,57933;6,62352e-07;3,37219e-07;0,616791;6,57933;0,0937467
-2,51189;-8,11131;8,59645e-07;3,89731e-07;0,62866;8,11131;0,0775041
-2,51189;-10;1,10202e-06;4,31785e-07;0,641593;10;0,0641593
-2,51189;-12,3285;1,43785e-06;9,15954e-07;0,655834;12,3285;0,0531968
-2,51189;-15,1991;1,89427e-06;1,05346e-06;0,671682;15,1991;0,0441922
-2,51189;-18,7382;2,52409e-06;8,99487e-07;0,6895;18,7382;0,0367965
-2,51189;-23,1013;3,36154e-06;1,13147e-06;0,709734;23,1013;0,0307227
-2,51189;-28,4804;4,53085e-06;1,74569e-06;0,732927;28,4804;0,0257345
-2,51189;-35,1119;6,17854e-06;2,70126e-06;0,759741;35,1119;0,0216377
-2,51189;-43,2876;8,53488e-06;3,39446e-06;0,79098;43,2876;0,0182727
-2,51189;-53,367;1,17781e-05;7,39482e-06;0,827624;53,367;0,0155082
-2,51189;-65,7933;1,63529e-05;8,16208e-06;0,870861;65,7933;0,0132363
-2,51189;-81,1131;2,3464e-05;9,87391e-06;0,922135;81,1131;0,0113685
-2,51189;-100;3,32959e-05;1,74027e-05;0,983197;100;0,00983197
-1,99526;-0,1;8,03329e-10;3,68158e-09;0,451885;0,1;4,51885
-1,99526;-0,123285;1,4185e-09;2,67738e-09;0,459246;0,123285;3,72509
-1,99526;-0,151991;2,5462e-09;8,91356e-09;0,466619;0,151991;3,07004
-1,99526;-0,187382;4,24993e-09;7,31312e-09;0,474006;0,187382;2,52963
-1,99526;-0,231013;7,29637e-09;6,25076e-09;0,481414;0,231013;2,08393
-1,99526;-0,284804;1,04158e-08;7,40581e-09;0,48885;0,284804;1,71644
-1,99526;-0,351119;1,53815e-08;9,01152e-09;0,49632;0,351119;1,41354
-1,99526;-0,432876;2,14801e-08;1,7754e-08;0,503836;0,432876;1,16393
-1,99526;-0,53367;2,98604e-08;2,61663e-08;0,511407;0,53367;0,958283
-1,99526;-0,657933;3,80867e-08;3,79384e-08;0,519047;0,657933;0,788906
-1,99526;-0,811131;5,09635e-08;3,694e-08;0,526774;0,811131;0,649432
-1,99526;-1;6,77299e-08;2,73777e-08;0,534608;1;0,534608
-1,99526;-1,23285;8,62886e-08;3,39883e-08;0,542574;1,23285;0,440099
-1,99526;-1,51991;1,12015e-07;6,04455e-08;0,550703;1,51991;0,362326
-1,99526;-1,87382;1,4601e-07;6,46043e-08;0,559034;1,87382;0,29834
-1,99526;-2,31013;1,89917e-07;8,58316e-08;0,567613;2,31013;0,245706
-1,99526;-2,84804;2,41799e-07;7,77583e-08;0,576499;2,84804;0,20242
-1,99526;-3,51119;3,07603e-07;1,67408e-07;0,585761;3,51119;0,166827
-1,99526;-4,32876;4,02798e-07;1,49866e-07;0,595489;4,32876;0,137566
-1,99526;-5,3367;5,12105e-07;2,22318e-07;0,605788;5,3367;0,113514
-1,99526;-6,57933;6,62352e-07;3,37219e-07;0,616791;6,57933;0,0937467
-1,99526;-8,11131;8,59645e-07;3,89731e-07;0,62866;8,11131;0,0775041
-1,99526;-10;1,10202e-06;4,31785e-07;0,641593;10;0,0641593
-1,99526;-12,3285;1,43785e-06;9,15954e-07;0,655834;12,3285;0,0531968
-1,99526;-15,1991;1,89427e-06;1,05346e-06;0,671682;15,1991;0,0441922
-1,99526;-18,7382;2,52409e-06;8,99487e-07;0,6895;18,7382;0,0367965
-1,99526;-23,1013;3,36154e-06;1,13147e-06;0,709734;23,1013;0,0307227
-1,99526;-28,4804;4,53085e-06;1,74569e-06;0,732927;28,4804;0,0257345
-1,99526;-35,1119;6,17854e-06;2,70126e-06;0,759741;35,1119;0,0216377
-1,99526;-43,2876;8,53488e-06;3,39446e-06;0,79098;43,2876;0,0182727
-1,99526;-53,367;1,17781e-05;7,39482e-06;0,827624;53,367;0,0155082
-1,99526;-65,7933;1,63529e-05;8,16208e-06;0,870861;65,7933;0,0132363
-1,99526;-81,1131;2,3464e-05;9,87391e-06;0,922135;81,1131;0,0113685
-1,99526;-100;3,32959e-05;1,74027e-05;0,983197;100;0,00983197
-1,58489;-0,1;8,03329e-10;3,68158e-09;0,451885;0,1;4,51885
-1,58489;-0,123285;1,4185e-09;2,67738e-09;0,459246;0,123285;3,72509
-1,58489;-0,151991;2,5462e-09;8,91356e-09;0,466619;0,151991;3,07004
-1,58489;-0,187382;4,24993e-09;7,31312e-09;0,474006;0,187382;2,52963
-1,58489;-0,231013;7,29637e-09;6,25076e-09;0,481414;0,231013;2,08393
-1,58489;-0,284804;1,04158e-08;7,40581e-09;0,48885;0,284804;1,71644
-1,58489;-0,351119;1,53815e-08;9,01152e-09;0,49632;0,351119;1,41354
-1,58489;-0,432876;2,14801e-08;1,7754e-08;0,503836;0,432876;1,16393
-1,58489;-0,53367;2,98604e-08;2,61663e-08;0,511407;0,53367;0,958283
-1,58489;-0,657933;3,80867e-08;3,79384e-08;0,519047;0,657933;0,788906
-1,58489;-0,811131;5,09635e-08;3,694e-08;0,526774;0,811131;0,649432
-1,58489;-1;6,77299e-08;2,73777e-08;0,534608;1;0,534608
-1,58489;-1,23285;8,62886e-08;3,39883e-08;0,542574;1,23285;0,440099
-1,58489;-1,51991;1,12015e-07;6,04455e-08;0,550703;1,51991;0,362326
-1,58489;-1,87382;1,4601e-07;6,46043e-08;0,559034;1,87382;0,29834
-1,58489;-2,31013;1,89917e-07;8,58316e-08;0,567613;2,31013;0,245706
-1,58489;-2,84804;2,41799e-07;7,77583e-08;0,576499;2,84804;0,20242
-1,58489;-3,51119;3,07603e-07;1,67408e-07;0,585761;3,51119;0,166827
-1,58489;-4,32876;4,02798e-07;1,49866e-07;0,595489;4,32876;0,137566
-1,58489;-5,3367;5,12105e-07;2,22318e-07;0,605788;5,3367;0,113514
-1,58489;-6,57933;6,62352e-07;3,37219e-07;0,616791;6,57933;0,0937467
-1,58489;-8,11131;8,59645e-07;3,89731e-07;0,62866;8,11131;0,0775041
-1,58489;-10;1,10202e-06;4,31785e-07;0,641593;10;0,0641593
-1,58489;-12,3285;1,43785e-06;9,15954e-07;0,655834;12,3285;0,0531968
-1,58489;-15,1991;1,89427e-06;1,05346e-06;0,671682;15,1991;0,0441922
-1,58489;-18,7382;2,52409e-06;8,99487e-07;0,6895;18,7382;0,0367965
-1,58489;-23,1013;3,36154e-06;1,13147e-06;0,709734;23,1013;0,0307227
-1,58489;-28,4804;4,53085e-06;1,74569e-06;0,732927;28,4804;0,0257345
-1,58489;-35,1119;6,17854e-06;2,70126e-06;0,759741;35,1119;0,0216377
-1,58489;-43,2876;8,53488e-06;3,39446e-06;0,79098;43,2876;0,0182727
-1,58489;-53,367;1,17781e-05;7,39482e-06;0,827624;53,367;0,0155082
-1,58489;-65,7933;1,63529e-05;8,16208e-06;0,870861;65,7933;0,0132363
-1,58489;-81,1131;2,3464e-05;9,87391e-06;0,922135;81,1131;0,0113685
-1,58489;-100;3,32959e-05;1,74027e-05;0,983197;100;0,00983197
-1,25893;-0,1;8,03329e-10;3,68158e-09;0,451885;0,1;4,51885
-1,25893;-0,123285;1,4185e-09;2,67738e-09;0,459246;0,123285;3,72509
-1,25893;-0,151991;2,5462e-09;8,91356e-09;0,466619;0,151991;3,07004
-1,25893;-0,187382;4,24993e-09;7,31312e-09;0,474006;0,187382;2,52963
-1,25893;-0,231013;7,29637e-09;6,25076e-09;0,481414;0,231013;2,08393
-1,25893;-0,284804;1,04158e-08;7,40581e-09;0,48885;0,284804;1,71644
-1,25893;-0,351119;1,53815e-08;9,01152e-09;0,49632;0,351119;1,41354
-1,25893;-0,432876;2,14801e-08;1,7754e-08;0,503836;0,432876;1,16393
-1,25893;-0,53367;2,98604e-08;2,61663e-08;0,511407;0,53367;0,958283
-1,25893;-0,657933;3,80867e-08;3,79384e-08;0,519047;0,657933;0,788906
-1,25893;-0,811131;5,09635e-08;3,694e-08;0,526774;0,811131;0,649432
-1,25893;-1;6,77299e-08;2,73777e-08;0,534608;1;0,534608
-1,25893;-1,23285;8,62886e-08;3,39883e-08;0,542574;1,23285;0,440099
-1,25893;-1,51991;1,12015e-07;6,04455e-08;0,550703;1,51991;0,362326
-1,25893;-1,87382;1,4601e-07;6,46043e-08;0,559034;1,87382;0,29834
-1,25893;-2,31013;1,89917e-07;8,58316e-08;0,567613;2,31013;0,245706
-1,25893;-2,84804;2,41799e-07;7,77583e-08;0,576499;2,84804;0,20242
-1,25893;-3,51119;3,07603e-07;1,67408e-07;0,585761;3,51119;0,166827
-1,25893;-4,32876;4,02798e-07;1,49866e-07;0,595489;4,32876;0,137566
-1,25893;-5,3367;5,12105e-07;2,22318e-07;0,605788;5,3367;0,113514
-1,25893;-6,57933;6,62352e-07;3,37219e-07;0,616791;6,57933;0,0937467
-1,25893;-8,11131;8,59645e-07;3,89731e-07;0,62866;8,11131;0,0775041
-1,25893;-10;1,10202e-06;4,31785e-07;0,641593;10;0,0641593
-1,25893;-12,3285;1,43785e-06;9,15954e-07;0,655834;12,3285;0,0531968
-1,25893;-15,1991;1,89427e-06;1,05346e-06;0,671682;15,1991;0,0441922
-1,25893;-18,7382;2,52409e-06;8,99487e-07;0,6895;18,7382;0,0367965
-1,25893;-23,1013;3,36154e-06;1,13147e-06;0,709734;23,1013;0,0307227
-1,25893;-28,4804;4,53085e-06;1,74569e-06;0,732927;28,4804;0,0257345
-1,25893;-35,1119;6,17854e-06;2,70126e-06;0,759741;35,1119;0,0216377
-1,25893;-43,2876;8,53488e-06;3,39446e-06;0,79098;43,2876;0,0182727
-1,25893;-53,367;1,17781e-05;7,39482e-06;0,827624;53,367;0,0155082
-1,25893;-65,7933;1,63529e-05;8,16208e-06;0,870861;65,7933;0,0132363
-1,25893;-81,1131;2,3464e-05;9,87391e-06;0,922135;81,1131;0,0113685
-1,25893;-100;3,32959e-05;1,74027e-05;0,983197;100;0,00983197
-1;-0,1;8,03329e-10;3,68158e-09;0,451885;0,1;4,51885
-1;-0,123285;1,4185e-09;2,67738e-09;0,459246;0,123285;3,72509
-1;-0,151991;2,5462e-09;8,91356e-09;0,466619;0,151991;3,07004
-1;-0,187382;4,24993e-09;7,31312e-09;0,474006;0,187382;2,52963
-1;-0,231013;7,29637e-09;6,25076e-09;0,481414;0,231013;2,08393
-1;-0,284804;1,04158e-08;7,40581e-09;0,48885;0,284804;1,71644
-1;-0,351119;1,53815e-08;9,01152e-09;0,49632;0,351119;1,41354
-1;-0,432876;2,14801e-08;1,7754e-08;0,503836;0,432876;1,16393
-1;-0,53367;2,98604e-08;2,61663e-08;0,511407;0,53367;0,958283
-1;-0,657933;3,80867e-08;3,79384e-08;0,519047;0,657933;0,788906
-1;-0,811131;5,09635e-08;3,694e-08;0,526774;0,811131;0,649432
-1;-1;6,77299e-08;2,73777e-08;0,534608;1;0,534608
-1;-1,23285;8,62886e-08;3,39883e-08;0,542574;1,23285;0,440099
-1;-1,51991;1,12015e-07;6,04455e-08;0,550703;1,51991;0,362326
-1;-1,87382;1,4601e-07;6,46043e-08;0,559034;1,87382;0,29834
-1;-2,31013;1,89917e-07;8,58316e-08;0,567613;2,31013;0,245706
-1;-2,84804;2,41799e-07;7,77583e-08;0,576499;2,84804;0,20242
-1;-3,51119;3,07603e-07;1,67408e-07;0,585761;3,51119;0,166827
-1;-4,32876;4,02798e-07;1,49866e-07;0,595489;4,32876;0,137566
-1;-5,3367;5,12105e-07;2,22318e-07;0,605788;5,3367;0,113514
-1;-6,57933;6,62352e-07;3,37219e-07;0,616791;6,57933;0,0937467
-1;-8,11131;8,59645e-07;3,89731e-07;0,62866;8,11131;0,0775041
-1;-10;1,10202e-06;4,31785e-07;0,641593;10;0,0641593
-1;-12,3285;1,43785e-06;9,15954e-07;0,655834;12,3285;0,0531968
-1;-15,1991;1,89427e-06;1,05346e-06;0,671682;15,1991;0,0441922
-1;-18,7382;2,52409e-06;8,99487e-07;0,6895;18,7382;0,0367965
-1;-23,1013;3,36154e-06;1,13147e-06;0,709734;23,1013;0,0307227
-1;-28,4804;4,53085e-06;1,74569e-06;0,732927;28,4804;0,0257345
-1;-35,1119;6,17854e-06;2,70126e-06;0,759741;35,1119;0,0216377
-1;-43,2876;8,53488e-06;3,39446e-06;0,79098;43,2876;0,0182727
-1;-53,367;1,17781e-05;7,39482e-06;0,827624;53,367;0,0155082
-1;-65,7933;1,63529e-05;8,16208e-06;0,870861;65,7933;0,0132363
-1;-81,1131;2,3464e-05;9,87391e-06;0,922135;81,1131;0,0113685
-1;-100;3,32959e-05;1,74027e-05;0,983197;100;0,00983197
