vds;ids;eon;eoff;vdsreal;idsreal;rdson
-601;-0,1;0,00234368;4,58444e-06;0,605835;0,0998992;6,06446
-601;-0,125893;0,00378281;5,78165e-06;0,612366;0,125764;4,86916
-601;-0,158489;0,00476222;7,34581e-06;0,618958;0,158326;3,90938
-601;-0,199526;0,00599521;8,40332e-06;0,625549;0,199319;3,13844
-601;-0,251189;0,00754744;1,05761e-05;0,632202;0,250924;2,51949
-601;-0,316228;0,00624724;1,26646e-05;0,638855;0,315892;2,02239
-601;-0,398107;0,0116233;1,71596e-05;0,64563;0,39768;1,62349
-601;-0,501187;0,00487292;2,0334e-05;0,652405;0,500643;1,30313
-601;-0,630957;0,0189575;2,62931e-05;0,659302;0,630265;1,04607
-601;-0,794328;0,0238657;3,637e-05;0,666321;0,793448;0,839779
-601;-1;0,0274591;3,87095e-05;0,673523;0,998879;0,674279
-575,44;-0,1;0,00180472;4,38932e-06;0,605835;0,0998947;6,06473
-575,44;-0,125893;0,00362176;5,53578e-06;0,612366;0,125759;4,86938
-575,44;-0,158489;0,00455948;7,03242e-06;0,618958;0,158319;3,90956
-575,44;-0,199526;0,000983605;8,04511e-06;0,625549;0,199309;3,13859
-575,44;-0,251189;0,00722612;1,01253e-05;0,632202;0,250913;2,51961
-575,44;-0,316228;0,00909704;1,21249e-05;0,638855;0,315877;2,02248
-575,44;-0,398107;0,0114524;1,64285e-05;0,64563;0,397661;1,62357
-575,44;-0,501187;0,0144175;1,94646e-05;0,652405;0,500619;1,3032
-575,44;-0,630957;0,0181503;2,51755e-05;0,659363;0,630234;1,04622
-575,44;-0,794328;0,0228496;3,48222e-05;0,666382;0,793408;0,839898
-575,44;-1;0,0287656;3,70555e-05;0,673523;0,99883;0,674312
-524,807;-0,1;0,0026235;4,00282e-06;0,605774;0,0998846;6,06474
-524,807;-0,125893;0,00222685;5,048e-06;0,612366;0,125746;4,86988
-524,807;-0,158489;0,00415786;6,41309e-06;0,618896;0,158302;3,90958
-524,807;-0,199526;0,00523437;7,33603e-06;0,625549;0,199288;3,13891
-524,807;-0,251189;0,0065896;9,23313e-06;0,632141;0,250886;2,51963
-524,807;-0,316228;0,000151132;1,10569e-05;0,638855;0,315843;2,0227
-524,807;-0,398107;0,00700414;1,49827e-05;0,645569;0,397617;1,62359
-524,807;-0,501187;0,0131475;1,7751e-05;0,652405;0,500564;1,30334
-524,807;-0,630957;0,00897597;2,2958e-05;0,659302;0,630165;1,04624
-524,807;-0,794328;0,0208368;3,17506e-05;0,666321;0,79332;0,839915
-524,807;-1;0,0122027;3,37856e-05;0,673463;0,998717;0,674328
-478,63;-0,1;0,00112819;3,65044e-06;0,605835;0,0998734;6,06603
-478,63;-0,125893;0,0030118;4,60353e-06;0,612366;0,125731;4,87043
-478,63;-0,158489;0,00379158;5,84871e-06;0,618958;0,158284;3,91041
-478,63;-0,199526;0,00477325;6,69062e-06;0,625549;0,199265;3,13928
-478,63;-0,251189;0,00600909;8,42009e-06;0,632172;0,250857;2,52005
-478,63;-0,316228;0,00756489;1,00816e-05;0,638855;0,315806;2,02294
-478,63;-0,398107;0,00952349;1,36625e-05;0,645599;0,39757;1,62386
-478,63;-0,501187;0,0119892;1,61855e-05;0,65241;0,500504;1,30351
-478,63;-0,630957;0,00135942;2,09364e-05;0,659332;0,630088;1,04641
-478,63;-0,794328;0,019001;2,8953e-05;0,666351;0,793222;0,840056
-478,63;-1;0,0239205;3,08026e-05;0,6735;0,998593;0,674449
-436,516;-0,1;0,00218162;3,32901e-06;0,605835;0,0998612;6,06677
-436,516;-0,125893;0,00274646;4,19794e-06;0,612366;0,125716;4,87103
-436,516;-0,158489;0,00345753;5,33275e-06;0,618958;0,158265;3,9109
-436,516;-0,199526;0,00435271;6,10063e-06;0,625549;0,19924;3,13967
-436,516;-0,251189;0,00547965;7,67736e-06;0,632172;0,250825;2,52037
-436,516;-0,316228;0,00689837;9,19309e-06;0,638855;0,315765;2,0232
-436,516;-0,398107;0,00868439;1,24611e-05;0,645599;0,397518;1,62407
-436,516;-0,501187;0,0109328;1,47577e-05;0,652405;0,500438;1,30367
-436,516;-0,630957;0,0137634;1,90921e-05;0,659332;0,630004;1,04655
-436,516;-0,794328;0,00727131;2,63965e-05;0,666351;0,793116;0,840169
-436,516;-1;0,0218128;2,80812e-05;0,673501;0,998457;0,674542
-398,107;-0,1;0,00198939;3,03588e-06;0,605835;0,0998478;6,06758
-398,107;-0,125893;0,00250446;3,82843e-06;0,612366;0,125699;4,87169
-398,107;-0,158489;0,00315287;4,86337e-06;0,618958;0,158243;3,91144
-398,107;-0,199526;0,00396917;5,56279e-06;0,625549;0,199213;3,14011
-398,107;-0,251189;0,00167762;7,00075e-06;0,632172;0,25079;2,52072
-398,107;-0,316228;0,00199398;8,38307e-06;0,638855;0,31572;2,02348
-398,107;-0,398107;0,00791913;1,13621e-05;0,645599;0,397462;1,62431
-398,107;-0,501187;0,00456854;1,34553e-05;0,652405;0,500366;1,30386
-398,107;-0,630957;0,00695915;1,74115e-05;0,659332;0,629912;1,0467
-398,107;-0,794328;0,00648453;2,40677e-05;0,666351;0,792999;0,840293
-398,107;-1;0,000618696;2,56005e-05;0,673498;0,998308;0,67464
-363,078;-0,1;0,00181408;2,76859e-06;0,605835;0,0998331;6,06848
-363,078;-0,125893;0,00223883;3,49106e-06;0,612366;0,12568;4,87241
-363,078;-0,158489;0,00287502;4,43473e-06;0,618927;0,158219;3,91183
-363,078;-0,199526;0,00120905;5,07291e-06;0,625549;0,199182;3,14058
-363,078;-0,251189;0,00455644;6,38375e-06;0,632172;0,250751;2,52111
-363,078;-0,316228;0,00573611;7,6443e-06;0,638855;0,315671;2,0238
-363,078;-0,398107;0,0072212;1,03614e-05;0,645599;0,397399;1,62456
-363,078;-0,501187;0,00909078;1,22674e-05;0,652405;0,500287;1,30406
-363,078;-0,630957;0,00121161;1,58777e-05;0,659332;0,629812;1,04687
-363,078;-0,794328;0,0144074;2,19438e-05;0,666351;0,79287;0,840429
-363,078;-1;0,0181374;2,33371e-05;0,673483;0,998145;0,674735
-331,131;-0,1;0,0016542;2,52482e-06;0,605835;0,0998171;6,06945
-331,131;-0,125893;0,00148686;3,18349e-06;0,612366;0,12566;4,87321
-331,131;-0,158489;0,00262162;4,0438e-06;0,618927;0,158193;3,91248
-331,131;-0,199526;0,00330036;4,62588e-06;0,625549;0,199149;3,14111
-331,131;-0,251189;0,00366972;5,82053e-06;0,632172;0,250709;2,52153
-331,131;-0,316228;0,00523051;6,96955e-06;0,638855;0,315618;2,02414
-331,131;-0,398107;0,00542888;9,44873e-06;0,645599;0,397331;1,62484
-331,131;-0,501187;0,00828945;1,11852e-05;0,652405;0,5002;1,30429
-331,131;-0,630957;0,0104356;1,44793e-05;0,65931;0,629701;1,04702
-331,131;-0,794328;0,00166855;2,00062e-05;0,666321;0,79273;0,84054
-331,131;-1;0,0165386;2,12751e-05;0,673506;0,997966;0,674879
-301,995;-0,1;0,00150838;2,30223e-06;0,605804;0,0997994;6,07022
-301,995;-0,125893;0,00189889;2,90317e-06;0,612366;0,125637;4,87408
-301,995;-0,158489;0,00239051;3,68734e-06;0,618927;0,158165;3,91319
-301,995;-0,199526;0,00300941;4,21796e-06;0,625519;0,199113;3,14153
-301,995;-0,251189;0,00378854;5,30761e-06;0,632172;0,250663;2,522
-301,995;-0,316228;0,00476939;6,35488e-06;0,638855;0,315559;2,02452
-301,995;-0,398107;0,00305369;8,6159e-06;0,645599;0,397256;1,62515
-301,995;-0,501187;0,00734582;1,01971e-05;0,652405;0,500105;1,30454
-301,995;-0,630957;0,00125464;1,32036e-05;0,659302;0,62958;1,04721
-301,995;-0,794328;0,0119791;1,8239e-05;0,666321;0,792576;0,840703
-301,995;-1;0,00329538;1,93918e-05;0,673516;0,99777;0,675021
-275,423;-0,1;0,00137539;2,09943e-06;0,605804;0,09978;6,0714
-275,423;-0,125893;0,000313508;2,64723e-06;0,612366;0,125613;4,87503
-275,423;-0,158489;0,00098171;3,36242e-06;0,618927;0,158133;3,91396
-275,423;-0,199526;0,00231605;3,84613e-06;0,625519;0,199073;3,14216
-275,423;-0,251189;0,00345449;4,83915e-06;0,632172;0,250612;2,52251
-275,423;-0,316228;0,0034832;5,79399e-06;0,638855;0,315494;2,02493
-275,423;-0,398107;0,00018196;7,85671e-06;0,645593;0,397174;1,62547
-275,423;-0,501187;0,000380684;9,3132e-06;0,652405;0,5;1,30481
-275,423;-0,630957;0,00867644;1,20401e-05;0,659302;0,629447;1,04743
-275,423;-0,794328;0,00424396;1,66283e-05;0,666321;0,792407;0,840882
-275,423;-1;0,000605484;1,76754e-05;0,673474;0,997555;0,675124
-251,189;-0,1;0,0012541;1,91433e-06;0,605797;0,0997588;6,07262
-251,189;-0,125893;0,00157878;2,41376e-06;0,612335;0,125586;4,87584
-251,189;-0,158489;0,000834835;3,06597e-06;0,618912;0,158099;3,91471
-251,189;-0,199526;0,00250207;3,50736e-06;0,625511;0,199029;3,14281
-251,189;-0,251189;0,00141409;4,41214e-06;0,632142;0,250556;2,52295
-251,189;-0,316228;0,00174425;5,28269e-06;0,638825;0,315424;2,02529
-251,189;-0,398107;0,00499189;7,16373e-06;0,645569;0,397084;1,62577
-251,189;-0,501187;0,00628424;8,49087e-06;0,65238;0,499886;1,30506
-251,189;-0,630957;0,00791118;1,09803e-05;0,659282;0,629301;1,04764
-251,189;-0,794328;0,00646989;1,51591e-05;0,666306;0,792221;0,84106
-251,189;-1;0,0125377;1,611e-05;0,673474;0,997319;0,675285
-229,087;-0,1;0,000328273;1,74585e-06;0,605774;0,0997356;6,0738
-229,087;-0,125893;0,00143953;2,20118e-06;0,612325;0,125556;4,87691
-229,087;-0,158489;0,00181221;2,7956e-06;0,618896;0,158061;3,91555
-229,087;-0,199526;0,00228137;3,1977e-06;0,625504;0,198981;3,14353
-229,087;-0,251189;0,000635782;4,02273e-06;0,632141;0,250496;2,52356
-229,087;-0,316228;0,00361551;4,8168e-06;0,638812;0,315346;2,02575
-229,087;-0,398107;0,00455152;6,5323e-06;0,645561;0,396985;1,62616
-229,087;-0,501187;0,00371958;7,74092e-06;0,65236;0,49976;1,30535
-229,087;-0,630957;0,00434931;1,00122e-05;0,659272;0,629142;1,04789
-229,087;-0,794328;0,00908066;1,3819e-05;0,66629;0,792018;0,841257
-229,087;-1;0,0114315;1,46832e-05;0,673467;0,99706;0,675453
-208,93;-0,1;0,000258856;1,59198e-06;0,605774;0,0997101;6,07535
-208,93;-0,125893;0,00130546;2,00712e-06;0,61232;0,125524;4,87813
-208,93;-0,158489;0,00165232;2,54903e-06;0,618896;0,15802;3,91657
-208,93;-0,199526;0,00208008;2,91551e-06;0,625493;0,198929;3,1443
-208,93;-0,251189;0,00261858;3,66755e-06;0,632132;0,250429;2,5242
-208,93;-0,316228;0,0032965;4,39072e-06;0,638809;0,315261;2,02629
-208,93;-0,398107;0,00408679;5,9572e-06;0,645554;0,396877;1,62658
-208,93;-0,501187;0,00522425;7,05756e-06;0,652365;0,499622;1,30572
-208,93;-0,630957;0,00657673;9,12929e-06;0,659268;0,628966;1,04818
-208,93;-0,794328;0,003096;1,25966e-05;0,666276;0,791795;0,841475
-208,93;-1;0,0104227;1,33812e-05;0,673447;0,996777;0,675624
-190,546;-0,1;0,000950604;1,45158e-06;0,605767;0,0996821;6,07699
-190,546;-0,125893;0,0011967;1,83005e-06;0,612305;0,125488;4,87939
-190,546;-0,158489;0,0015065;2,32412e-06;0,618881;0,157975;3,9176
-190,546;-0,199526;0,000893506;2,65823e-06;0,625488;0,198871;3,14519
-190,546;-0,251189;0,00238748;3,34391e-06;0,632118;0,250355;2,52488
-190,546;-0,316228;0,00300555;4,00329e-06;0,638794;0,315168;2,02684
-190,546;-0,398107;0,00110276;5,43159e-06;0,645538;0,396758;1,62703
-190,546;-0,501187;0,00459028;6,43311e-06;0,652356;0,499471;1,30609
-190,546;-0,630957;0,00599622;8,32416e-06;0,659246;0,628774;1,04846
-190,546;-0,794328;0,00620892;1,14818e-05;0,666275;0,791551;0,841734
-190,546;-1;0,00950265;1,21938e-05;0,673442;0,996466;0,67583
-173,78;-0,1;0,000866694;1,32364e-06;0,605768;0,0996514;6,07887
-173,78;-0,125893;0,00109106;1,66881e-06;0,61232;0,125449;4,88103
-173,78;-0,158489;0,00137351;2,11899e-06;0,61889;0,157925;3,91889
-173,78;-0,199526;0,00139872;2,42365e-06;0,625488;0,198808;3,14619
-173,78;-0,251189;0,00217671;3,04822e-06;0,632123;0,250275;2,52571
-173,78;-0,316228;0,00161654;3,64915e-06;0,638809;0,315065;2,02754
-173,78;-0,398107;0,00344958;4,95231e-06;0,645547;0,396628;1,62759
-173,78;-0,501187;0,00434259;5,86407e-06;0,652352;0,499306;1,30652
-173,78;-0,630957;0,00546678;7,59028e-06;0,659262;0,628564;1,04884
-173,78;-0,794328;0,00688199;1,04662e-05;0,666275;0,791283;0,842019
-173,78;-1;0,00866356;1,11107e-05;0,673439;0,996125;0,676059
-158,489;-0,1;0,000790168;1,20699e-06;0,605748;0,0996178;6,08072
-158,489;-0,125893;0,000994721;1,52143e-06;0,612301;0,125406;4,88255
-158,489;-0,158489;0,000217224;1,93188e-06;0,618879;0,15787;3,92017
-158,489;-0,199526;0,000984114;2,20968e-06;0,625458;0,198739;3,14714
-158,489;-0,251189;0,00109516;2,77895e-06;0,63211;0,250187;2,52655
-158,489;-0,316228;0,00249821;3,32668e-06;0,63879;0,314953;2,02821
-158,489;-0,398107;0,00223673;4,51552e-06;0,645523;0,396486;1,62811
-158,489;-0,501187;0,00270949;5,29829e-06;0,65233;0,499124;1,30695
-158,489;-0,630957;0,00498393;6,92112e-06;0,659229;0,628333;1,04917
-158,489;-0,794328;0,00627412;9,53861e-06;0,66626;0,790989;0,842312
-158,489;-1;0,00789829;1,01244e-05;0,673416;0,995751;0,67629
-144,544;-0,1;0,000720375;1,10059e-06;0,605732;0,0995809;6,08281
-144,544;-0,125893;0,000838249;1,3872e-06;0,612287;0,125359;4,88426
-144,544;-0,158489;0,00114161;1,76113e-06;0,618862;0,157811;3,92154
-144,544;-0,199526;7,6932e-05;2,01444e-06;0,625458;0,198663;3,14834
-144,544;-0,251189;0,000361834;2,53323e-06;0,632093;0,25009;2,52746
-144,544;-0,316228;0,0022775;3,03215e-06;0,638767;0,31483;2,02893
-144,544;-0,398107;0,00286707;4,11738e-06;0,645515;0,396329;1,62873
-144,544;-0,501187;0,00360926;4,82751e-06;0,652323;0,498925;1,30746
-144,544;-0,630957;0,000239123;6,3109e-06;0,659235;0,62808;1,0496
-144,544;-0,794328;0,00319429;8,6932e-06;0,666245;0,790667;0,842636
-144,544;-1;0,00720036;9,22382e-06;0,673401;0,995341;0,676553
-131,826;-0,1;0,000656723;1,0035e-06;0,605716;0,0995405;6,08512
-131,826;-0,125893;0,000557263;1,26485e-06;0,612273;0,125308;4,88615
-131,826;-0,158489;0,00104073;1,60583e-06;0,618844;0,157745;3,92306
-131,826;-0,199526;0,00131014;1,83657e-06;0,625443;0,19858;3,14958
-131,826;-0,251189;0,00164928;2,30921e-06;0,632073;0,249984;2,52845
-131,826;-0,316228;0,000854619;2,76393e-06;0,638749;0,314696;2,02974
-131,826;-0,398107;0,000884076;3,75381e-06;0,645493;0,396158;1,62938
-131,826;-0,501187;5,99282e-05;4,3984e-06;0,65231;0,498707;1,308
-131,826;-0,630957;0,00414195;5,75418e-06;0,659206;0,627802;1,05002
-131,826;-0,794328;0,00521413;7,92183e-06;0,666229;0,790314;0,842993
-131,826;-1;0,00656384;8,40332e-06;0,673386;0,994892;0,676843
-120,226;-0,1;0,000561296;9,15024e-07;0,605708;0,0994962;6,08775
-120,226;-0,125893;0,000753642;1,15321e-06;0,612257;0,125251;4,88822
-120,226;-0,158489;0,000948727;1,46381e-06;0,618825;0,157674;3,92472
-120,226;-0,199526;0,00119431;1,67405e-06;0,625432;0,198488;3,15098
-120,226;-0,251189;0,00122203;2,10479e-06;0,632058;0,249868;2,52957
-120,226;-0,316228;0,00189264;2,51923e-06;0,638744;0,314548;2,03068
-120,226;-0,398107;0,00238256;3,42261e-06;0,645489;0,39597;1,63015
-120,226;-0,501187;0,000453323;4,00699e-06;0,652285;0,498468;1,30858
-120,226;-0,630957;0,00377568;5,24661e-06;0,659195;0,627498;1,05051
-120,226;-0,794328;0,00475583;7,21961e-06;0,666208;0,789927;0,84338
-120,226;-1;0,00598333;7,65454e-06;0,67337;0,994399;0,677163
-109,648;-0,1;0,000413169;8,34261e-07;0,605698;0,0994476;6,09063
-109,648;-0,125893;0,00068699;1,05135e-06;0,612253;0,12519;4,89061
-109,648;-0,158489;0,000734792;1,33441e-06;0,618815;0,157595;3,92662
-109,648;-0,199526;0,00104021;1,52609e-06;0,625418;0,198388;3,1525
-109,648;-0,251189;0,000337431;1,91844e-06;0,63205;0,249741;2,53083
-109,648;-0,316228;0,000695943;2,296e-06;0,63874;0,314386;2,03171
-109,648;-0,398107;0,00217179;3,11993e-06;0,64547;0,395764;1,63095
-109,648;-0,501187;0,000691847;3,65009e-06;0,652289;0,498206;1,30928
-109,648;-0,630957;0,00308763;4,78351e-06;0,659176;0,627164;1,05104
-109,648;-0,794328;0,00254408;6,57793e-06;0,666199;0,789502;0,843821
-109,648;-1;0,0054539;6,97281e-06;0,673355;0,993859;0,677516
-100;-0,1;0,000286196;7,606e-07;0,605683;0,0993943;6,09373
-100;-0,125893;0,000626203;9,58447e-07;0,61224;0,125122;4,89315
-100;-0,158489;0,000129469;1,21637e-06;0,618799;0,157509;3,92867
-100;-0,199526;0,000542837;1,39105e-06;0,625404;0,198278;3,15417
-100;-0,251189;0,00124919;1,74856e-06;0,632037;0,249601;2,53219
-100;-0,316228;0,00157253;2,09245e-06;0,638714;0,314208;2,03277
-100;-0,398107;0,00197957;2,84472e-06;0,645453;0,395538;1,63184
-100;-0,501187;0,00249196;3,32436e-06;0,652257;0,497918;1,30997
-100;-0,630957;0,00112404;4,36127e-06;0,659151;0,626798;1,05162
-100;-0,794328;0,00394893;5,99306e-06;0,666178;0,789037;0,844292
-100;-1;0,00228488;6,35022e-06;0,67334;0,993267;0,677904
-91,2011;-0,1;0,000120672;6,9345e-07;0,605661;0,0993359;6,0971
-91,2011;-0,125893;0,00045914;8,73726e-07;0,612219;0,125047;4,89589
-91,2011;-0,158489;0,000718498;1,10874e-06;0,618781;0,157414;3,93092
-91,2011;-0,199526;0,000108556;1,26792e-06;0,62538;0,198158;3,15597
-91,2011;-0,251189;0,00113858;1,59349e-06;0,632017;0,249448;2,53367
-91,2011;-0,316228;0,00143328;1,90665e-06;0,63869;0,314013;2,03396
-91,2011;-0,398107;2,05969e-05;2,59318e-06;0,645436;0,39529;1,63282
-91,2011;-0,501187;0,00185018;3,37453e-06;0,652232;0,497603;1,31075
-91,2011;-0,630957;0,00285912;3,97628e-06;0,659134;0,626397;1,05226
-91,2011;-0,794328;0,00359914;5,45988e-06;0,666153;0,788526;0,844808
-91,2011;-1;0,00453069;5,78258e-06;0,673317;0,992617;0,678325
-83,1764;-0,1;6,76298e-06;6,322e-07;0,605647;0,0992719;6,1009
-83,1764;-0,125893;0,000257976;7,96485e-07;0,612205;0,124966;4,89898
-83,1764;-0,158489;0,000648509;1,0106e-06;0,618771;0,15731;3,93345
-83,1764;-0,199526;0,000824337;1,15565e-06;0,625363;0,198026;3,15798
-83,1764;-0,251189;0,000671609;1,45211e-06;0,632003;0,24928;2,53531
-83,1764;-0,316228;0,00107116;1,7375e-06;0,638679;0,3138;2,03531
-83,1764;-0,398107;2,94328e-05;2,36394e-06;0,645412;0,395018;1,63388
-83,1764;-0,501187;0,000239175;3,07281e-06;0,652227;0,497257;1,31165
-83,1764;-0,630957;0,00260572;3,62517e-06;0,659116;0,625957;1,05297
-83,1764;-0,794328;0,00328012;4,97326e-06;0,666138;0,787967;0,845388
-83,1764;-1;0,00137123;5,26593e-06;0,673294;0,991905;0,678789
-75,8578;-0,1;0,000376618;5,76314e-07;0,605627;0,0992016;6,10501
-75,8578;-0,125893;4,07811e-05;7,26024e-07;0,61218;0,124877;4,90228
-75,8578;-0,158489;3,50655e-05;9,21053e-07;0,618749;0,157197;3,93615
-75,8578;-0,199526;0,000738962;1,05321e-06;0,625345;0,197881;3,1602
-75,8578;-0,251189;0,000945691;1,32318e-06;0,631978;0,249096;2,53709
-75,8578;-0,316228;0,00119045;1,58313e-06;0,638653;0,313565;2,03675
-75,8578;-0,398107;0,00149855;2,15485e-06;0,645392;0,39472;1,63506
-75,8578;-0,501187;0,00188639;2,79769e-06;0,652194;0,496878;1,31258
-75,8578;-0,630957;0,00170918;3,30468e-06;0,65909;0,625475;1,05374
-75,8578;-0,794328;0,000270472;4,53016e-06;0,666115;0,787353;0,846018
-75,8578;-1;0,00376462;4,79445e-06;0,673271;0,991125;0,6793
-69,1831;-0,1;0,000343213;5,25382e-07;0,605616;0,0991246;6,10964
-69,1831;-0,125893;0,000432039;6,61763e-07;0,612155;0,124779;4,90593
-69,1831;-0,158489;0,000543852;8,39413e-07;0,618724;0,157072;3,93911
-69,1831;-0,199526;0,000684603;9,59844e-07;0,625323;0,197723;3,16262
-69,1831;-0,251189;0,000627738;1,2056e-06;0,631951;0,248894;2,53904
-69,1831;-0,316228;0,00108481;1,44239e-06;0,638637;0,313309;2,03836
-69,1831;-0,398107;0,00085732;1,96422e-06;0,645377;0,394393;1,63638
-69,1831;-0,501187;0,00124673;2,54682e-06;0,65217;0,496463;1,31363
-69,1831;-0,630957;0,00216384;3,01283e-06;0,659071;0,624947;1,0546
-69,1831;-0,794328;0,0012735;4,12576e-06;0,666092;0,786681;0,846712
-69,1831;-1;0,000643383;4,3647e-06;0,673241;0,990269;0,679857
-63,0957;-0,1;0,000308677;4,78933e-07;0,605588;0,0990402;6,11457
-63,0957;-0,125893;0,000325889;6,03177e-07;0,612124;0,124671;4,90991
-63,0957;-0,158489;0,000268439;7,64936e-07;0,618691;0,156935;3,94233
-63,0957;-0,199526;0,000623817;8,74628e-07;0,625299;0,197549;3,16529
-63,0957;-0,251189;0,000785255;1,09838e-06;0,631929;0,248673;2,54121
-63,0957;-0,316228;0,000988472;1,31398e-06;0,638603;0,313027;2,04009
-63,0957;-0,398107;0,00124428;1,79035e-06;0,645343;0,394035;1,63778
-63,0957;-0,501187;0,00156628;2,31829e-06;0,652146;0,496007;1,31479
-63,0957;-0,630957;0,00144935;2,74635e-06;0,659037;0,624367;1,05553
-63,0957;-0,794328;0,00160293;3,75696e-06;0,666058;0,785943;0,847463
-63,0957;-1;0,000341809;3,97308e-06;0,673214;0,98933;0,680474
-57,544;-0,1;0,00014322;4,36572e-07;0,605568;0,0989476;6,12008
-57,544;-0,125893;0,000274499;5,49742e-07;0,612097;0,124553;4,91433
-57,544;-0,158489;0,000194224;6,97037e-07;0,618664;0,156785;3,94593
-57,544;-0,199526;1,68115e-06;7,96928e-07;0,625272;0,197358;3,16821
-57,544;-0,251189;0,000715463;1,00047e-06;0,631905;0,24843;2,54359
-57,544;-0,316228;0,000900608;1,19698e-06;0,638581;0,312719;2,04203
-57,544;-0,398107;0,00113366;1,63179e-06;0,645312;0,393643;1,63933
-57,544;-0,501187;0,00142703;2,10968e-06;0,652126;0,495507;1,31608
-57,544;-0,630957;0,0017963;2,5034e-06;0,659017;0,623731;1,05657
-57,544;-0,794328;0,00173508;3,42051e-06;0,666027;0,785134;0,848297
-57,544;-1;0,00051465;3,61621e-06;0,673183;0,988301;0,681152
-52,4807;-0,1;0,000259623;3,97908e-07;0,605533;0,0988462;6,12602
-52,4807;-0,125893;0,000326804;5,00993e-07;0,612074;0,124424;4,91925
-52,4807;-0,158489;0,00041137;6,35104e-07;0,618647;0,156621;3,94996
-52,4807;-0,199526;0,00044778;7,26082e-07;0,625234;0,197149;3,17138
-52,4807;-0,251189;0,000169145;9,11401e-07;0,631867;0,248164;2,54616
-52,4807;-0,316228;0,000324855;1,09023e-06;0,638543;0,31238;2,04412
-52,4807;-0,398107;0,000377882;1,48718e-06;0,645272;0,393212;1,64103
-52,4807;-0,501187;0,00130003;1,91969e-06;0,652094;0,49496;1,31747
-52,4807;-0,630957;0,00163642;2,28197e-06;0,658984;0,623035;1,0577
-52,4807;-0,794328;0,00162026;3,11376e-06;0,665993;0,784248;0,849212
-52,4807;-1;0,00166064;3,29094e-06;0,673145;0,987173;0,681892
-47,863;-0,1;0,000236512;3,62692e-07;0,605498;0,0987349;6,13256
-47,863;-0,125893;5,2797e-05;4,56548e-07;0,61205;0,124283;4,92466
-47,863;-0,158489;0,000374742;5,78642e-07;0,61861;0,156441;3,95427
-47,863;-0,199526;0,000471707;6,61472e-07;0,625205;0,19692;3,17492
-47,863;-0,251189;0,00059376;8,30041e-07;0,631841;0,247873;2,54905
-47,863;-0,316228;0,000747394;9,92848e-07;0,638508;0,312009;2,04644
-47,863;-0,398107;0,000940779;1,35531e-06;0,645244;0,39274;1,64293
-47,863;-0,501187;0,0011842;1,74646e-06;0,652047;0,494359;1,31897
-47,863;-0,630957;0,0014906;2,08011e-06;0,658947;0,622271;1,05894
-47,863;-0,794328;0,00136445;2,83401e-06;0,665955;0,783276;0,850217
-47,863;-1;0,00236174;2,99467e-06;0,673107;0,985937;0,682708
-43,6516;-0,1;0,000188972;3,30561e-07;0,605456;0,098613;6,13972
-43,6516;-0,125893;0,000101154;4,16017e-07;0,611997;0,124128;4,93039
-43,6516;-0,158489;0,00010368;5,27129e-07;0,618585;0,156243;3,95911
-43,6516;-0,199526;0,000148989;6,02551e-07;0,625175;0,196669;3,17882
-43,6516;-0,251189;0,000540817;7,56001e-07;0,631797;0,247553;2,55217
-43,6516;-0,316228;5,46565e-05;9,04125e-07;0,638478;0,311602;2,04902
-43,6516;-0,398107;0,000683368;1,23511e-06;0,645201;0,392223;1,64499
-43,6516;-0,501187;0,00107857;1,5886e-06;0,652006;0,493701;1,32065
-43,6516;-0,630957;0,00135762;1,89594e-06;0,658907;0,621433;1,0603
-43,6516;-0,794328;0,00138901;2,57965e-06;0,665913;0,782211;0,851321
-43,6516;-1;0,00181316;2,72458e-06;0,673061;0,984581;0,683602
-39,8107;-0,1;5,66515e-06;3,01243e-07;0,605419;0,0984793;6,14768
-39,8107;-0,125893;0,000246976;3,79048e-07;0,61197;0,123957;4,93694
-39,8107;-0,158489;0,000310872;4,80155e-07;0,618538;0,156027;3,96431
-39,8107;-0,199526;0,000298573;5,48811e-07;0,625123;0,196393;3,18302
-39,8107;-0,251189;0,000492533;6,88306e-07;0,631757;0,247203;2,55562
-39,8107;-0,316228;0,000619957;8,23231e-07;0,638428;0,311157;2,05179
-39,8107;-0,398107;0,000485999;1,12545e-06;0,645158;0,391656;1,64726
-39,8107;-0,501187;0,000613462;1,44466e-06;0,651959;0,49298;1,32249
-39,8107;-0,630957;0,0003043;1,72807e-06;0,658863;0,620515;1,0618
-39,8107;-0,794328;0,000787989;2,34775e-06;0,665867;0,781042;0,852536
-39,8107;-1;0,000848227;2,47866e-06;0,673016;0,983095;0,684589
-36,3078;-0,1;0,000177618;2,74522e-07;0,605388;0,0983326;6,15653
-36,3078;-0,125893;1,19045e-05;3,45337e-07;0,611933;0,123771;4,94408
-36,3078;-0,158489;0,000283087;4,37314e-07;0,618496;0,155789;3,97007
-36,3078;-0,199526;0,000208246;4,99815e-07;0,625087;0,196091;3,18774
-36,3078;-0,251189;0,00034633;6,26635e-07;0,631716;0,246818;2,55944
-36,3078;-0,316228;0,000564519;7,49424e-07;0,638383;0,310668;2,05487
-36,3078;-0,398107;0,000452012;1,02547e-06;0,645108;0,391034;1,64975
-36,3078;-0,501187;0,000894363;1,31363e-06;0,651917;0,492188;1,32453
-36,3078;-0,630957;0,000218598;1,57498e-06;0,65881;0,619509;1,06344
-36,3078;-0,794328;0,00141692;2,13645e-06;0,665813;0,779762;0,853868
-36,3078;-1;0,00178343;2,25473e-06;0,672962;0,981465;0,685671
-33,1131;-0,1;0,000132829;2,50133e-07;0,60533;0,0981719;6,16602
-33,1131;-0,125893;0,000204778;3,14612e-07;0,611879;0,123566;4,95183
-33,1131;-0,158489;4,43362e-05;3,98264e-07;0,618432;0,155529;3,9763
-33,1131;-0,199526;0,000152658;4,55126e-07;0,625031;0,19576;3,19284
-33,1131;-0,251189;0,000408336;5,70377e-07;0,631667;0,246397;2,56362
-33,1131;-0,316228;2,15158e-05;6,82179e-07;0,638341;0,310132;2,05829
-33,1131;-0,398107;0,000646902;9,47039e-07;0,645065;0,390352;1,65252
-33,1131;-0,501187;0,000814231;1,19407e-06;0,651866;0,491321;1,32676
-33,1131;-0,630957;0,00102484;1,4354e-06;0,658759;0,618405;1,06526
-33,1131;-0,794328;0,00128992;1,94344e-06;0,66576;0,778358;0,855339
-33,1131;-1;0,000607577;2,05077e-06;0,672905;0,979679;0,686863
-30,1995;-0,1;0,000101214;2,27905e-07;0,605294;0,0979957;6,17674
-30,1995;-0,125893;0,000186421;2,86556e-07;0,611818;0,123342;4,96033
-30,1995;-0,158489;0,000234637;3,62634e-07;0,618396;0,155244;3,98339
-30,1995;-0,199526;0,000295325;4,1438e-07;0,624982;0,195397;3,19852
-30,1995;-0,251189;0,0002624;5,19125e-07;0,631602;0,245935;2,56817
-30,1995;-0,316228;4,91088e-06;6,20868e-07;0,638275;0,309544;2,06198
-30,1995;-0,398107;0,000588852;8,6159e-07;0,645013;0,389604;1,65556
-30,1995;-0,501187;0,00074115;1,08522e-06;0,651808;0,49037;1,32922
-30,1995;-0,630957;0,000856626;1,30822e-06;0,658697;0,617195;1,06724
-30,1995;-0,794328;0,000750527;1,76788e-06;0,665697;0,776819;0,856953
-30,1995;-1;0,00147774;1,86521e-06;0,672842;0,97772;0,688174
-27,5423;-0,1;0,000134813;2,07627e-07;0,605227;0,0978026;6,18825
-27,5423;-0,125893;0,000169679;2,61003e-07;0,611766;0,123096;4,96982
-27,5423;-0,158489;0,000213561;3,30168e-07;0,618323;0,154931;3,99095
-27,5423;-0,199526;0,000268791;3,77244e-07;0,624925;0,194999;3,20476
-27,5423;-0,251189;0,000335635;4,72355e-07;0,631554;0,245429;2,57327
-27,5423;-0,316228;0,000425795;5,64905e-07;0,63822;0,3089;2,0661
-27,5423;-0,398107;0,00053591;7,8365e-07;0,644951;0,388785;1,65889
-27,5423;-0,501187;0,0006745;9,86154e-07;0,651746;0,489327;1,33192
-27,5423;-0,630957;0,000848928;1,19221e-06;0,658634;0,615869;1,06944
-27,5423;-0,794328;0,000769939;1,60775e-06;0,665634;0,775131;0,858737
-27,5423;-1;0,00134475;1,69617e-06;0,672773;0,975573;0,689619
-25,1189;-0,1;2,3423e-05;1,8914e-07;0,605157;0,0975908;6,20097
-25,1189;-0,125893;0,00015441;2,37676e-07;0,611718;0,122827;4,98033
-25,1189;-0,158489;8,58972e-05;3,00548e-07;0,618285;0,154588;3,99956
-25,1189;-0,199526;8,50432e-05;3,43338e-07;0,624852;0,194563;3,21157
-25,1189;-0,251189;0,00030784;4,29747e-07;0,631484;0,244874;2,57881
-25,1189;-0,316228;0,000387442;5,13857e-07;0,638149;0,308194;2,07061
-25,1189;-0,398107;0,000487626;7,12695e-07;0,644878;0,387887;1,66254
-25,1189;-0,501187;0,000613715;8,95816e-07;0,651676;0,488185;1,3349
-25,1189;-0,630957;0,000772403;1,08645e-06;0,658562;0,614415;1,07185
-25,1189;-0,794328;0,00097212;1,46194e-06;0,665559;0,773281;0,860695
-25,1189;-1;0,000880139;1,55729e-06;0,672697;0,973219;0,691208
-22,9087;-0,1;0,000111624;1,72295e-07;0,605093;0,0973587;6,21509
-22,9087;-0,125893;0,000140485;2,16416e-07;0,611636;0,122531;4,99167
-22,9087;-0,158489;8,07151e-05;2,7354e-07;0,618217;0,154212;4,00887
-22,9087;-0,199526;0,00011622;3,12444e-07;0,624781;0,194085;3,21912
-22,9087;-0,251189;0,000233291;3,9085e-07;0,631416;0,244265;2,58496
-22,9087;-0,316228;0,000352464;4,67349e-07;0,63808;0,30742;2,0756
-22,9087;-0,398107;0,000443591;6,48084e-07;0,644804;0,386902;1,66658
-22,9087;-0,501187;0,000238895;8,1383e-07;0,6516;0,486932;1,33817
-22,9087;-0,630957;0,00065621;9,90054e-07;0,658484;0,612821;1,07451
-22,9087;-0,794328;0,000797568;1,32876e-06;0,665478;0,771254;0,862852
-22,9087;-1;0,00111286;1,41514e-06;0,672613;0,970639;0,692959
-20,893;-0,1;0,000101536;1,56899e-07;0,605029;0,0971042;6,23072
-20,893;-0,125893;0,000104234;1,97026e-07;0,611548;0,122208;5,00418
-20,893;-0,158489;0,00016082;2,48911e-07;0,618127;0,1538;4,01902
-20,893;-0,199526;0,000202394;2,84286e-07;0,624713;0,19356;3,22749
-20,893;-0,251189;0,000107447;3,55423e-07;0,631325;0,243598;2,59166
-20,893;-0,316228;5,11597e-05;4,24909e-07;0,637995;0,306571;2,08106
-20,893;-0,398107;0,000403431;5,89294e-07;0,644723;0,385822;1,67104
-20,893;-0,501187;0,000192043;7,39194e-07;0,651516;0,485558;1,34179
-20,893;-0,630957;0,000278281;9,0219e-07;0,658398;0,611074;1,07744
-20,893;-0,794328;9,40488e-05;1,20742e-06;0,66539;0,769031;0,865232
-20,893;-1;0,000690223;1,28592e-06;0,672522;0,967811;0,694889
-19,0546;-0,1;9,2336e-05;1,42885e-07;0,604946;0,0968252;6,24781
-19,0546;-0,125893;0,000116203;1,79338e-07;0,611481;0,121853;5,0182
-19,0546;-0,158489;6,18948e-05;2,26471e-07;0,618031;0,153349;4,03023
-19,0546;-0,199526;0,000119572;2,58595e-07;0,624631;0,192986;3,23667
-19,0546;-0,251189;0,000231607;3,23111e-07;0,631248;0,242867;2,59915
-19,0546;-0,316228;0,00029147;3,86237e-07;0,637913;0,305641;2,08713
-19,0546;-0,398107;0,000138676;5,35758e-07;0,644632;0,384639;1,67594
-19,0546;-0,501187;0,000224151;6,71251e-07;0,651424;0,484053;1,34577
-19,0546;-0,630957;2,59777e-05;8,22134e-07;0,658302;0,609159;1,08067
-19,0546;-0,794328;0,000731051;1,09687e-06;0,665293;0,766594;0,867855
-19,0546;-1;0,000641104;1,16846e-06;0,672422;0,964711;0,69702
-17,378;-0,1;6,27797e-05;1,30101e-07;0,604867;0,0965194;6,26679
-17,378;-0,125893;4,83718e-05;1,63229e-07;0,61138;0,121463;5,03345
-17,378;-0,158489;8,75763e-05;2,05997e-07;0,617941;0,152854;4,0427
-17,378;-0,199526;0,000167297;2,35188e-07;0,624532;0,192356;3,24676
-17,378;-0,251189;9,86875e-05;2,93672e-07;0,631157;0,242066;2,60738
-17,378;-0,316228;0,000264937;3,5105e-07;0,637814;0,304621;2,09379
-17,378;-0,398107;0,000223786;4,87082e-07;0,644533;0,383342;1,68135
-17,378;-0,501187;0,000137275;6,0942e-07;0,651321;0,482403;1,35016
-17,378;-0,630957;5,7021e-05;7,49173e-07;0,658197;0,60706;1,08424
-17,378;-0,794328;0,000386383;9,9602e-07;0,665186;0,763923;0,870749
-17,378;-1;0,000188847;1,06171e-06;0,67231;0,961313;0,699367
-15,8489;-0,1;7,62932e-05;1,18438e-07;0,604756;0,0961842;6,28748
-15,8489;-0,125893;8,04201e-05;1,48531e-07;0,611285;0,121037;5,0504
-15,8489;-0,158489;0,000120813;1,87341e-07;0,617843;0,152311;4,05646
-15,8489;-0,199526;0,000152029;2,13826e-07;0,624428;0,191665;3,25791
-15,8489;-0,251189;0,00019131;2,66824e-07;0,631045;0,241187;2,61641
-15,8489;-0,316228;0,000110741;3,18927e-07;0,637706;0,303504;2,10115
-15,8489;-0,398107;0,000302939;4,42815e-07;0,644424;0,38192;1,68733
-15,8489;-0,501187;0,000381207;5,53147e-07;0,651211;0,480594;1,35501
-15,8489;-0,630957;0,000259909;6,82659e-07;0,658084;0,604759;1,08818
-15,8489;-0,794328;8,17283e-05;9,04212e-07;0,665068;0,760996;0,873944
-15,8489;-1;5,52097e-05;9,64759e-07;0,67219;0,957588;0,701962
-14,4544;-0,1;2,67008e-05;1,07804e-07;0,604634;0,095817;6,3103
-14,4544;-0,125893;8,72207e-05;1,35129e-07;0,611177;0,120569;5,06909
-14,4544;-0,158489;0,000106458;1,70323e-07;0,617733;0,151716;4,07164
-14,4544;-0,199526;1,40548e-05;1,94369e-07;0,624309;0,190908;3,2702
-14,4544;-0,251189;0,000136369;2,42362e-07;0,630926;0,240224;2,6264
-14,4544;-0,316228;6,99233e-05;2,89743e-07;0,63759;0,302279;2,10928
-14,4544;-0,398107;0,000275156;4,02622e-07;0,644304;0,380362;1,69393
-14,4544;-0,501187;0,00014403;5,02361e-07;0,651088;0,478612;1,36037
-14,4544;-0,630957;0,000213062;6,22109e-07;0,657959;0,602236;1,09253
-14,4544;-0,794328;0,000548188;8,20495e-07;0,664939;0,757787;0,877474
-14,4544;-1;0,000689772;8,76724e-07;0,672056;0,953505;0,704827
-13,1826;-0,1;6,29499e-05;9,8109e-08;0,604525;0,0954142;6,33579
-13,1826;-0,125893;6,0127e-05;1,22913e-07;0,611059;0,120057;5,08974
-13,1826;-0,158489;1,72121e-05;1,54812e-07;0,61761;0,151064;4,0884
-13,1826;-0,199526;0,000125405;1,76631e-07;0,624189;0,190079;3,28384
-13,1826;-0,251189;0,000157793;2,20069e-07;0,630804;0,239169;2,63748
-13,1826;-0,316228;0,000198544;2,63186e-07;0,63746;0,300936;2,11826
-13,1826;-0,398107;0,000249818;3,6601e-07;0,644172;0,378653;1,70122
-13,1826;-0,501187;9,26588e-05;4,56472e-07;0,650952;0,476439;1,36629
-13,1826;-0,630957;0,000395504;5,66943e-07;0,65782;0,599472;1,09733
-13,1826;-0,794328;3,25415e-05;7,44356e-07;0,664796;0,75427;0,881376
-13,1826;-1;0,00014634;7,9679e-07;0,671908;0,949031;0,707994
-12,0226;-0,1;5,71455e-05;8,92687e-08;0,604394;0,0949729;6,36385
-12,0226;-0,125893;5,307e-05;1,11777e-07;0,610924;0,119495;5,11254
-12,0226;-0,158489;9,04658e-05;1,40673e-07;0,617473;0,150349;4,10692
-12,0226;-0,199526;3,20032e-05;1,60464e-07;0,624045;0,18917;3,29886
-12,0226;-0,251189;0,000143213;1,99769e-07;0,630662;0,238012;2,6497
-12,0226;-0,316228;0,000180189;2,38942e-07;0,637317;0,299465;2,12819
-12,0226;-0,398107;0,000178327;3,32831e-07;0,644026;0,376781;1,70928
-12,0226;-0,501187;1,79352e-05;4,14757e-07;0,650804;0,474057;1,37284
-12,0226;-0,630957;0,000358881;5,16651e-07;0,657667;0,596442;1,10265
-12,0226;-0,794328;0,000402933;6,74976e-07;0,664639;0,750416;0,885693
-12,0226;-1;0,000568084;7,24278e-07;0,671745;0,944127;0,711499
-10,9648;-0,1;2,65748e-06;8,12147e-08;0,604252;0,0944891;6,39494
-10,9648;-0,125893;6,52365e-05;1,01616e-07;0,610775;0,11888;5,13775
-10,9648;-0,158489;1,61165e-05;1,27795e-07;0,617325;0,149566;4,12743
-10,9648;-0,199526;8,95967e-05;1,45723e-07;0,623895;0,188173;3,31553
-10,9648;-0,251189;0,000129916;1,81259e-07;0,630508;0,236745;2,66324
-10,9648;-0,316228;0,000163449;2,16911e-07;0,63716;0,297852;2,13919
-10,9648;-0,398107;6,16265e-05;3,02716e-07;0,643866;0,37473;1,71821
-10,9648;-0,501187;0,000258711;3,76836e-07;0,65064;0,471447;1,38009
-10,9648;-0,630957;0,000325482;4,70842e-07;0,657498;0,593122;1,10854
-10,9648;-0,794328;0,000263567;6,11792e-07;0,664465;0,746192;0,890475
-10,9648;-1;5,75961e-05;6,58478e-07;0,671567;0,938752;0,715382
-10;-0,1;4,70242e-05;7,38655e-08;0,60409;0,0939591;6,42929
-10;-0,125893;5,91588e-05;9,23756e-08;0,610614;0,118205;5,16571
-10;-0,158489;4,53458e-05;1,16055e-07;0,61716;0,148708;4,15015
-10;-0,199526;9,36295e-05;1,32291e-07;0,623733;0,187081;3,33402
-10;-0,251189;0,000117789;1,64408e-07;0,630338;0,235355;2,67824
-10;-0,316228;8,48086e-06;1,96831e-07;0,636988;0,296084;2,15137
-10;-0,398107;0,000146626;2,75424e-07;0,643689;0,372481;1,72811
-10;-0,501187;0,000234516;3,42028e-07;0,650459;0,468587;1,38813
-10;-0,630957;0,000295022;4,29165e-07;0,657314;0,589484;1,11507
-10;-0,794328;0,000371134;5,54253e-07;0,664275;0,741563;0,895777
-10;-1;0,000466875;5,982e-07;0,671371;0,932863;0,719688
-9,12011;-0,1;4,26214e-05;6,7168e-08;0,603914;0,0933782;6,4674
-9,12011;-0,125893;5,36161e-05;8,39391e-08;0,610436;0,117466;5,19669
-9,12011;-0,158489;2,63155e-05;1,0536e-07;0,616979;0,147767;4,17534
-9,12011;-0,199526;8,48449e-05;1,20068e-07;0,623549;0,185884;3,3545
-9,12011;-0,251189;0,00010673;1,4907e-07;0,630151;0,233833;2,69488
-9,12011;-0,316228;0,00013426;1,78552e-07;0,636797;0,294148;2,16489
-9,12011;-0,398107;2,24622e-05;2,5082e-07;0,643495;0,370018;1,73909
-9,12011;-0,501187;0,000212451;3,10072e-07;0,650261;0,465453;1,39705
-9,12011;-0,630957;0,000267243;3,95521e-07;0,65711;0,585496;1,12231
-9,12011;-0,794328;0,000336163;4,95696e-07;0,664065;0,736491;0,901662
-9,12011;-1;0,000422849;5,36267e-07;0,671154;0,926409;0,724468
-8,31764;-0,1;2,05455e-05;6,10653e-08;0,603719;0,0927417;6,50968
-8,31764;-0,125893;4,85613e-05;7,62484e-08;0,610239;0,116656;5,23109
-8,31764;-0,158489;2,83885e-05;9,5617e-08;0,616778;0,146737;4,2033
-8,31764;-0,199526;7,68336e-05;1,08921e-07;0,623345;0,184573;3,37722
-8,31764;-0,251189;9,66899e-05;1,351e-07;0,629944;0,232165;2,71335
-8,31764;-0,316228;3,91934e-05;1,61934e-07;0,636586;0,292025;2,1799
-8,31764;-0,398107;0,000152906;2,24303e-07;0,64328;0,367318;1,75129
-8,31764;-0,501187;5,46132e-05;2,81172e-07;0,65004;0,462018;1,40696
-8,31764;-0,630957;0,000199225;3,56667e-07;0,656884;0,581128;1,13036
-8,31764;-0,794328;9,42403e-05;4,47901e-07;0,663833;0,730933;0,9082
-8,31764;-1;0,000287376;4,84142e-07;0,670914;0,919338;0,729779
-7,58578;-0,1;2,28284e-05;5,5501e-08;0,603507;0,0920442;6,55671
-7,58578;-0,125893;2,0127e-05;6,92471e-08;0,610022;0,115769;5,26932
-7,58578;-0,158489;2,24774e-05;8,67403e-08;0,616558;0,145608;4,23438
-7,58578;-0,199526;6,95276e-05;9,87784e-08;0,623121;0,183136;3,40249
-7,58578;-0,251189;6,98041e-05;1,22374e-07;0,629716;0,230337;2,73389
-7,58578;-0,316228;3,34917e-05;1,46803e-07;0,636354;0,2897;2,1966
-7,58578;-0,398107;0,000138329;2,02795e-07;0,643043;0,36436;1,76486
-7,58578;-0,501187;0,000173976;2,5607e-07;0,649798;0,458255;1,41798
-7,58578;-0,630957;0,000218807;3,24755e-07;0,656636;0,576341;1,13932
-7,58578;-0,794328;0,000275186;3,78001e-07;0,663578;0,724843;0,915478
-7,58578;-1;0,000346085;4,36848e-07;0,67065;0,911591;0,735692
-6,91831;-0,1;2,2412e-05;5,04297e-08;0,60327;0,0912801;6,609
-6,91831;-0,125893;1,9637e-05;6,28661e-08;0,609782;0,114796;5,31186
-6,91831;-0,158489;4,99874e-05;7,86567e-08;0,616315;0,14437;4,26898
-6,91831;-0,199526;6,28649e-05;9,86111e-08;0,622873;0,181562;3,43063
-6,91831;-0,251189;7,90594e-05;1,10806e-07;0,629465;0,228334;2,75677
-6,91831;-0,316228;9,94249e-05;1,33034e-07;0,636097;0,287153;2,21519
-6,91831;-0,398107;0,000125035;1,83412e-07;0,642781;0,361119;1,77997
-6,91831;-0,501187;1,60652e-05;2,31752e-07;0,64953;0,454133;1,43027
-6,91831;-0,630957;0,000197739;2,95724e-07;0,656362;0,571096;1,1493
-6,91831;-0,794328;0,000247962;3,41301e-07;0,663295;0,718172;0,923589
-6,91831;-1;0,000269956;3,94823e-07;0,670359;0,903104;0,742283
-6,30957;-0,1;2,85599e-05;4,58094e-08;0,603008;0,090443;6,66728
-6,30957;-0,125893;9,48783e-06;5,70544e-08;0,609517;0,113731;5,35928
-6,30957;-0,158489;4,5161e-05;7,12971e-08;0,616045;0,143015;4,30756
-6,30957;-0,199526;5,67889e-05;8,92833e-08;0,6226;0,179838;3,46201
-6,30957;-0,251189;6,33315e-05;1,00277e-07;0,629186;0,22614;2,78228
-6,30957;-0,316228;8,97952e-05;1,2057e-07;0,635814;0,284362;2,23593
-6,30957;-0,398107;6,93126e-05;1,65994e-07;0,642492;0,357569;1,79684
-6,30957;-0,501187;0,000141979;2,0997e-07;0,649235;0,449617;1,44397
-6,30957;-0,630957;0,000171724;2,3545e-07;0,656058;0,565351;1,16044
-6,30957;-0,794328;0,000201463;3,07962e-07;0,662984;0,710864;0,932646
-6,30957;-1;0,000261541;3,5789e-07;0,670037;0,893806;0,749644
-5,7544;-0,1;3,70698e-06;4,15964e-08;0,60272;0,0895259;6,73235
-5,7544;-0,125893;3,20256e-05;5,17612e-08;0,609223;0,112564;5,41223
-5,7544;-0,158489;1,36381e-05;6,46005e-08;0,615747;0,14153;4,35064
-5,7544;-0,199526;5,12481e-05;8,07922e-08;0,622297;0,177949;3,49705
-5,7544;-0,251189;6,44348e-05;9,07021e-08;0,628878;0,223737;2,81079
-5,7544;-0,316228;8,10138e-05;1,0927e-07;0,635499;0,281304;2,25912
-5,7544;-0,398107;0,000101857;1,50307e-07;0,642172;0,35368;1,81569
-5,7544;-0,501187;0,000128062;1,8804e-07;0,648907;0,44467;1,4593
-5,7544;-0,630957;7,43792e-05;2,17166e-07;0,655723;0,559059;1,1729
-5,7544;-0,794328;0,000202419;2,7768e-07;0,662638;0,702859;0,942776
-5,7544;-1;0,00018432;1,12831e-06;0,66968;0,883623;0,75788
-5,24807;-0,1;2,32504e-05;3,77586e-08;0,602399;0,0885215;6,80511
-5,24807;-0,125893;2,92296e-05;4,69408e-08;0,608898;0,111286;5,47147
-5,24807;-0,158489;3,53897e-05;5,8506e-08;0,615417;0,139904;4,39885
-5,24807;-0,199526;1,50824e-05;7,30743e-08;0,621962;0,17588;3,53629
-5,24807;-0,251189;5,62299e-05;8,2011e-08;0,628537;0,221105;2,84271
-5,24807;-0,316228;7,3006e-05;9,90112e-08;0,635152;0,277956;2,28508
-5,24807;-0,398107;4,69056e-05;1,36824e-07;0,641817;0,34942;1,83681
-5,24807;-0,501187;7,97091e-05;1,70083e-07;0,648545;0,439252;1,47648
-5,24807;-0,630957;0,000113553;1,92784e-07;0,655351;0,552167;1,18687
-5,24807;-0,794328;9,85218e-05;2,49885e-07;0,662256;0,694092;0,954133
-5,24807;-1;5,27174e-05;1,18947e-06;0,669285;0,87247;0,767115
-4,7863;-0,1;2,09412e-05;3,42643e-08;0,602045;0,0874215;6,88669
-4,7863;-0,125893;2,31818e-06;4,2553e-08;0,608539;0,109886;5,53789
-4,7863;-0,158489;3,30863e-05;5,29617e-08;0,615052;0,138123;4,45293
-4,7863;-0,199526;6,46686e-06;6,60557e-08;0,62159;0,173614;3,5803
-4,7863;-0,251189;1,94509e-05;7,41002e-08;0,628159;0,218222;2,87853
-4,7863;-0,316228;6,57039e-05;9,04256e-08;0,634768;0,274289;2,31423
-4,7863;-0,398107;6,88424e-05;1,23495e-07;0,641424;0,344756;1,86052
-4,7863;-0,501187;0,000103798;1,54243e-07;0,648143;0,433318;1,49577
-4,7863;-0,630957;0,000130459;1,95971e-07;0,654939;0,54462;1,20256
-4,7863;-0,794328;0,000163965;2,24798e-07;0,661833;0,684491;0,966897
-4,7863;-1;0,000206068;1,19579e-06;0,668848;0,860258;0,777497
-4,36516;-0,1;1,88354e-05;3,10829e-08;0,601651;0,086217;6,97834
-4,36516;-0,125893;2,36715e-05;3,85589e-08;0,608139;0,108354;5,61254
-4,36516;-0,158489;2,9749e-05;4,79195e-08;0,614647;0,136173;4,51372
-4,36516;-0,199526;3,73866e-05;5,96774e-08;0,621178;0,171133;3,6298
-4,36516;-0,251189;3,81441e-05;6,68006e-08;0,62774;0,215066;2,91882
-4,36516;-0,316228;5,90455e-05;8,1367e-08;0,63434;0,270274;2,34703
-4,36516;-0,398107;3,42323e-05;1,11406e-07;0,640988;0,339648;1,88721
-4,36516;-0,501187;2,12803e-05;1,28613e-07;0,647697;0,426822;1,51749
-4,36516;-0,630957;5,33209e-05;1,7395e-07;0,654482;0,536356;1,22024
-4,36516;-0,794328;0,000147241;2,02155e-07;0,661362;0,67398;0,981279
-4,36516;-1;8,6481e-05;2,417e-07;0,668363;0,846887;0,7892
-3,98107;-0,1;1,69153e-05;2,81852e-08;0,601214;0,0848982;7,08159
-3,98107;-0,125893;1,37788e-05;3,49255e-08;0,607695;0,106676;5,69667
-3,98107;-0,158489;2,6706e-05;4,33356e-08;0,614195;0,134038;4,58226
-3,98107;-0,199526;3,35558e-05;5,38857e-08;0,620719;0,168417;3,68562
-3,98107;-0,251189;4,21618e-05;6,01758e-08;0,627273;0,21161;2,96428
-3,98107;-0,316228;5,29743e-05;7,31598e-08;0,633864;0,265878;2,38404
-3,98107;-0,398107;4,30923e-05;1,0059e-07;0,640503;0,334057;1,91735
-3,98107;-0,501187;8,3624e-05;1,26725e-07;0,647201;0,419709;1,54202
-3,98107;-0,630957;3,2544e-05;1,53676e-07;0,653973;0,52731;1,24021
-3,98107;-0,794328;0,000131993;1,81783e-07;0,66084;0,662473;0,997534
-3,98107;-1;8,52764e-05;2,16183e-07;0,667823;0,83225;0,802431
-3,63078;-0,1;1,51647e-05;2,55459e-08;0,600728;0,0834546;7,19826
-3,63078;-0,125893;1,90504e-05;3,16213e-08;0,607202;0,104839;5,79177
-3,63078;-0,158489;2,39315e-05;3,91738e-08;0,613694;0,131701;4,65976
-3,63078;-0,199526;3,00629e-05;4,86325e-08;0,620209;0,165443;3,74878
-3,63078;-0,251189;3,77647e-05;5,41622e-08;0,626754;0,207828;3,01574
-3,63078;-0,316228;4,74388e-05;6,5731e-08;0,633336;0,261067;2,42595
-3,63078;-0,398107;2,44271e-05;9,09749e-08;0,639963;0,327937;1,95148
-3,63078;-0,501187;1,99172e-06;1,13472e-07;0,646649;0,411925;1,56982
-3,63078;-0,630957;3,03992e-05;1,36371e-07;0,653407;0,517408;1,26285
-3,63078;-0,794328;5,57997e-05;1,63487e-07;0,660258;0,64988;1,01597
-3,63078;-1;0,000148319;1,93148e-07;0,667223;0,816232;0,817443
-3,31131;-0,1;6,63784e-07;2,31454e-08;0,600186;0,0818747;7,33055
-3,31131;-0,125893;1,7041e-05;2,86163e-08;0,606652;0,102828;5,89966
-3,31131;-0,158489;2,14019e-05;3,53903e-08;0,613135;0,129143;4,74773
-3,31131;-0,199526;2,68785e-05;4,38631e-08;0,619641;0,162189;3,82048
-3,31131;-0,251189;3,37558e-05;4,87125e-08;0,626175;0,203688;3,07418
-3,31131;-0,316228;4,23921e-05;5,90007e-08;0,632746;0,255801;2,47359
-3,31131;-0,398107;5,32366e-05;8,34043e-08;0,639361;0,321239;1,9903
-3,31131;-0,501187;6,68536e-05;1,01703e-07;0,646033;0,403406;1,60145
-3,31131;-0,630957;2,69915e-05;1,22482e-07;0,652777;0,506573;1,28861
-3,31131;-0,794328;0,000105416;1,4712e-07;0,659609;0,636099;1,03696
-3,31131;-1;3,35073e-05;1,72513e-07;0,666554;0,798704;0,834544
-3,01995;-0,1;3,25748e-06;2,09611e-08;0,599582;0,080146;7,48112
-3,01995;-0,125893;1,52091e-05;2,58842e-08;0,606038;0,100629;6,02251
-3,01995;-0,158489;1,90958e-05;3,1956e-08;0,612511;0,126344;4,84795
-3,01995;-0,199526;2,39753e-05;3,95339e-08;0,619006;0,158629;3,90223
-3,01995;-0,251189;3,01012e-05;4,37758e-08;0,625529;0,199159;3,14085
-3,01995;-0,316228;3,77913e-05;6,52726e-08;0,632087;0,25004;2,52794
-3,01995;-0,398107;1,408e-05;7,48751e-08;0,638689;0,313912;2,03461
-3,01995;-0,501187;5,95626e-05;9,16698e-08;0,645346;0,394087;1,63757
-3,01995;-0,630957;7,47725e-05;1,09649e-07;0,652072;0,49472;1,31806
-3,01995;-0,794328;2,20426e-05;1,32512e-07;0,658885;0,621024;1,06096
-3,01995;-1;9,83549e-05;1,54731e-07;0,665807;0,779531;0,854112
-2,75423;-0,1;5,33984e-06;1,89743e-08;0,598905;0,0782551;7,65324
-2,75423;-0,125893;1,35392e-05;2,34022e-08;0,60535;0,0982227;6,16304
-2,75423;-0,158489;1,69936e-05;2,88455e-08;0,611812;0,123283;4,96265
-2,75423;-0,199526;2,1329e-05;3,56158e-08;0,618295;0,154735;3,99584
-2,75423;-0,251189;2,67698e-05;3,93047e-08;0,624805;0,194206;3,21723
-2,75423;-0,316228;3,35976e-05;5,84696e-08;0,631349;0,243739;2,59027
-2,75423;-0,398107;4,21656e-05;6,71898e-08;0,637935;0,305897;2,08546
-2,75423;-0,501187;5,29168e-05;8,2342e-08;0,644575;0,383894;1,67905
-2,75423;-0,630957;3,73797e-05;9,73632e-08;0,651282;0,481757;1,35189
-2,75423;-0,794328;8,33309e-05;1,18176e-07;0,658073;0,604538;1,08856
-2,75423;-1;0,000104562;1,37297e-07;0,664969;0,758564;0,876616
-2,51189;-0,1;9,57779e-06;1,71685e-08;0,598147;0,0761873;7,851
-2,51189;-0,125893;1,20172e-05;2,11476e-08;0,604579;0,0955918;6,3246
-2,51189;-0,158489;1,50776e-05;2,60206e-08;0,611028;0,119936;5,09462
-2,51189;-0,199526;1,8917e-05;3,20688e-08;0,617498;0,150477;4,10361
-2,51189;-0,251189;1,41868e-05;4,40286e-08;0,623993;0,188789;3,30523
-2,51189;-0,316228;1,72227e-05;5,23123e-08;0,630521;0,23685;2,66211
-2,51189;-0,398107;3,73539e-05;6,02959e-08;0,63709;0,297135;2,14411
-2,51189;-0,501187;4,68598e-05;7,34181e-08;0,643711;0,37275;1,72692
-2,51189;-0,630957;5,44693e-05;8,69477e-08;0,650396;0,467585;1,39097
-2,51189;-0,794328;3,39856e-05;1,06073e-07;0,657162;0,586515;1,12045
-2,51189;-1;9,24806e-05;1,40149e-07;0,66403;0,735645;0,90265
-2,29087;-0,1;8,47591e-06;1,55269e-08;0,597294;0,0739272;8,0795
-2,29087;-0,125893;7,41496e-06;1,91008e-08;0,603713;0,0927161;6,51141
-2,29087;-0,158489;1,33315e-05;2,34613e-08;0,610146;0,116277;5,24733
-2,29087;-0,199526;1,38365e-05;2,88555e-08;0,6166;0,145823;4,22843
-2,29087;-0,251189;1,53345e-05;3,54266e-08;0,623079;0,182869;3,40723
-2,29087;-0,316228;2,55868e-05;4,67553e-08;0,629589;0,22932;2,74546
-2,29087;-0,398107;2,20947e-05;5,41222e-08;0,636138;0,287559;2,2122
-2,29087;-0,501187;4,13403e-05;6,59056e-08;0,642737;0,360572;1,78255
-2,29087;-0,630957;5,18341e-05;7,58009e-08;0,649398;0,452098;1,43641
-2,29087;-0,794328;6,49873e-05;9,54824e-08;0,656136;0,566822;1,15757
-2,29087;-1;6,26287e-05;1,1165e-07;0,662972;0,710602;0,932972
-2,0893;-0,1;9,94703e-07;1,40345e-08;0,596333;0,0714577;8,34525
-2,0893;-0,125893;9,36624e-06;1,72431e-08;0,602735;0,0895742;6,72889
-2,0893;-0,158489;1,17405e-05;2,11448e-08;0,609151;0,11228;5,42527
-2,0893;-0,199526;6,18944e-06;2,59538e-08;0,615587;0,140738;4,37399
-2,0893;-0,251189;1,84453e-05;3,18087e-08;0,622047;0,176402;3,5263
-2,0893;-0,316228;2,31186e-05;4,1764e-08;0,628536;0,221095;2,84283
-2,0893;-0,398107;2,89745e-05;4,86107e-08;0,635063;0,277098;2,29183
-2,0893;-0,501187;1,57962e-05;5,35219e-08;0,641637;0,347269;1,84766
-2,0893;-0,630957;4,55045e-05;6,73608e-08;0,64827;0,435183;1,48965
-2,0893;-0,794328;1,41139e-05;8,39509e-08;0,654977;0,545313;1,2011
-2,0893;-1;7,14438e-05;9,85456e-08;0,661777;0,683253;0,968568
-1,90546;-0,1;6,55731e-06;1,26802e-08;0,595244;0,0687611;8,65669
-1,90546;-0,125893;8,21494e-06;1,55596e-08;0,601627;0,0861434;6,98401
-1,90546;-0,158489;6,85216e-06;1,90485e-08;0,608024;0,107916;5,63423
-1,90546;-0,199526;1,28919e-05;2,3334e-08;0,614439;0,135187;4,54512
-1,90546;-0,251189;1,6149e-05;2,8529e-08;0,620876;0,169341;3,66642
-1,90546;-0,316228;1,17592e-05;3,72929e-08;0,627342;0,212115;2,95755
-1,90546;-0,398107;2,17662e-05;4,33556e-08;0,633843;0,265679;2,38575
-1,90546;-0,501187;3,1732e-05;4,80613e-08;0,640388;0,332748;1,92454
-1,90546;-0,630957;3,97398e-05;5,9179e-08;0,64699;0,416719;1,55258
-1,90546;-0,794328;4,97642e-05;7,14208e-08;0,653662;0,521837;1,25262
-1,90546;-1;6,23111e-05;8,55798e-08;0,660422;0,653406;1,01074
-1,7378;-0,1;2,22853e-06;1,14501e-08;0,594007;0,0658185;9,02493
-1,7378;-0,125893;7,16652e-06;1,40317e-08;0,600368;0,0823998;7,28604
-1,7378;-0,158489;7,05443e-06;1,71535e-08;0,606742;0,103154;5,88191
-1,7378;-0,199526;1,12307e-05;2,09639e-08;0,613132;0,129129;4,7482
-1,7378;-0,251189;4,2482e-06;2,55891e-08;0,619543;0,161637;3,83292
-1,7378;-0,316228;1,75961e-05;3,33057e-08;0,625981;0,202318;3,09405
-1,7378;-0,398107;1,34495e-05;3,80769e-08;0,632452;0,253221;2,49763
-1,7378;-0,501187;2,75623e-05;4,33683e-08;0,638965;0,316908;2,01625
-1,7378;-0,630957;1,83395e-05;5,20922e-08;0,645531;0,396579;1,62775
-1,7378;-0,794328;4,31586e-05;6,21585e-08;0,652162;0,496232;1,31423
-1,7378;-1;5,39975e-05;7,51461e-08;0,658876;0,620856;1,06124
-1,58489;-0,1;4,96621e-06;1,03341e-08;0,592594;0,0626099;9,46486
-1,58489;-0,125893;6,21218e-06;1,26493e-08;0,598928;0,078318;7,64739
-1,58489;-0,158489;7,77033e-06;1,54414e-08;0,605275;0,0979618;6,17868
-1,58489;-0,199526;2,5892e-06;1,88281e-08;0,611637;0,122526;4,9919
-1,58489;-0,251189;9,84037e-06;2,29602e-08;0,618018;0,153239;4,03302
-1,58489;-0,316228;1,52008e-05;2,79215e-08;0,624423;0,191639;3,25833
-1,58489;-0,398107;1,90084e-05;3,41206e-08;0,63086;0,239642;2,6325
-1,58489;-0,501187;2,37678e-05;3,84316e-08;0,637335;0,299644;2,12697
-1,58489;-0,630957;1,4189e-05;4,62105e-08;0,643858;0,374633;1,71864
-1,58489;-0,794328;3,71483e-05;5,48098e-08;0,650443;0,468334;1,38884
-1,58489;-1;4,64335e-05;6,59275e-08;0,657105;0,585395;1,1225
-1,44544;-0,1;4,27641e-06;9,32323e-09;0,59097;0,0591149;9,99698
-1,44544;-0,125893;5,34396e-06;1,13964e-08;0,597273;0,0738722;8,08522
-1,44544;-0,158489;3,10518e-06;1,38896e-08;0,603587;0,0923073;6,53889
-1,44544;-0,199526;8,34338e-06;1,69148e-08;0,609915;0,115335;5,28822
-1,44544;-0,251189;2,42298e-06;2,06223e-08;0,61626;0,144095;4,27676
-1,44544;-0,316228;5,00943e-06;2,46896e-08;0,622627;0,180012;3,45881
-1,44544;-0,398107;1,62665e-05;3,01443e-08;0,629023;0,22486;2,7974
-1,44544;-0,501187;1,63654e-05;3,39605e-08;0,635453;0,280852;2,26259
-1,44544;-0,630957;1,26344e-05;4,10319e-08;0,641928;0,350746;1,83018
-1,44544;-0,794328;3,16833e-05;4,67044e-08;0,648459;0,437974;1,48059
-1,44544;-1;3,74838e-05;5,81094e-08;0,655059;0,54681;1,19797
-1,31826;-0,1;3,64929e-06;8,406e-09;0,589092;0,0553128;10,6502
-1,31826;-0,125893;4,55471e-06;1,02636e-08;0,595357;0,0690364;8,62382
-1,31826;-0,158489;8,55421e-07;1,24908e-08;0,601632;0,0861573;6,98295
-1,31826;-0,199526;7,09329e-06;1,5204e-08;0,607918;0,107514;5,65431
-1,31826;-0,251189;8,85071e-06;1,81881e-08;0,61422;0,134151;4,57855
-1,31826;-0,316228;7,5165e-06;2,1605e-08;0,620541;0,16737;3,70759
-1,31826;-0,398107;1,3775e-05;2,65645e-08;0,626887;0,20879;3,00247
-1,31826;-0,501187;1,27289e-05;2,98196e-08;0,633264;0,260427;2,43164
-1,31826;-0,630957;2,14279e-05;3,68309e-08;0,639682;0,324786;1,96954
-1,31826;-0,794328;2,67191e-05;4,08036e-08;0,646148;0,404985;1,59549
-1,31826;-1;1,32685e-05;4,8597e-08;0,652678;0,504893;1,2927
-1,20226;-0,1;3,07974e-06;7,57564e-09;0,586901;0,0511837;11,4666
-1,20226;-0,125893;2,99104e-06;9,23706e-09;0,593119;0,0637853;9,29868
-1,20226;-0,158489;2,88339e-06;1,12329e-08;0,599346;0,0794802;7,54082
-1,20226;-0,199526;5,95835e-06;1,36797e-08;0,605581;0,0990248;6,11545
-1,20226;-0,251189;7,42257e-06;1,62763e-08;0,61183;0,123359;4,95974
-1,20226;-0,316228;1,0571e-06;1,89293e-08;0,618095;0,153652;4,02268
-1,20226;-0,398107;1,15139e-05;2,2008e-08;0,624381;0,191355;3,26294
-1,20226;-0,501187;1,43368e-05;2,60698e-08;0,630694;0,23827;2,64697
-1,20226;-0,630957;2,54138e-06;3,19844e-08;0,637041;0,296633;2,14757
-1,20226;-0,794328;2,22159e-05;3,52284e-08;0,643431;0,369217;1,74269
-1,20226;-1;1,31958e-05;4,49772e-08;0,649876;0,459457;1,41444
-1,09648;-0,1;2,28953e-06;6,82394e-09;0,584319;0,0467095;12,5097
-1,09648;-0,125893;3,1881e-06;8,30869e-09;0,590479;0,0580965;10,1638
-1,09648;-0,158489;3,96468e-06;1,01036e-08;0,596644;0,072248;8,25827
-1,09648;-0,199526;4,92961e-06;1,2059e-08;0,602816;0,0898318;6,7105
-1,09648;-0,251189;1,19772e-06;1,42774e-08;0,608998;0,111675;5,45329
-1,09648;-0,316228;7,61703e-06;1,66037e-08;0,615192;0,138804;4,43208
-1,09648;-0,398107;6,01978e-06;1,92981e-08;0,621404;0,172489;3,60257
-1,09648;-0,501187;2,80575e-06;2,56257e-08;0,627637;0,214302;2,92875
-1,09648;-0,630957;1,46073e-05;2,79215e-08;0,633898;0,266187;2,3814
-1,09648;-0,794328;1,81392e-05;3,05918e-08;0,640195;0,330548;1,93677
-1,09648;-1;2,25185e-05;3,80314e-08;0,646536;0,410352;1,57556
-1;-0,1;2,0958e-06;6,14455e-09;0,581238;0,0418762;13,8799
-1;-0,125893;2,60012e-06;7,47286e-09;0,587322;0,0519531;11,3049
-1;-0,158489;3,22508e-06;9,09267e-09;0,593408;0,0644404;9,20864
-1;-0,199526;3,99932e-06;1,08503e-08;0,599498;0,0799106;7,50212
-1;-0,251189;2,06801e-06;1,25456e-08;0,605594;0,0990703;6,11277
-1;-0,316228;2,49957e-06;1,45815e-08;0,611698;0,122792;4,98159
-1;-0,398107;7,61478e-06;2,00444e-08;0,617814;0,152151;4,06053
-1;-0,501187;2,43308e-06;2,25343e-08;0,623945;0,188474;3,31051
-1;-0,630957;7,88357e-07;2,40947e-08;0,630097;0,233393;2,69972
-1;-0,794328;7,27436e-06;2,67096e-08;0,636275;0,288917;2,20228
-1;-1;1,50937e-05;3,21897e-08;0,642487;0,357513;1,7971
-0,912011;-0,1;7,96337e-07;5,52774e-09;0,577502;0,0366782;15,7451
-0,912011;-0,125893;1,17954e-06;6,72105e-09;0,583485;0,0453492;12,8665
-0,912011;-0,158489;1,28388e-06;8,18625e-09;0,589467;0,0560517;10,5165
-0,912011;-0,199526;2,72534e-06;9,54424e-09;0,595447;0,0692566;8,5977
-0,912011;-0,251189;3,90445e-06;1,10408e-08;0,601428;0,0855415;7,03083
-0,912011;-0,316228;4,82071e-06;1,50444e-08;0,607412;0,105616;5,75115
-0,912011;-0,398107;5,94961e-06;1,74687e-08;0,6134;0,130348;4,70585
-0,912011;-0,501187;7,33972e-06;1,94977e-08;0,619396;0,160804;3,85186
-0,912011;-0,630957;9,05047e-06;2,11439e-08;0,625402;0,198285;3,15407
-0,912011;-0,794328;4,24661e-06;2,2716e-08;0,631425;0,24438;2,58378
-0,912011;-1;6,6693e-06;2,68474e-08;0,637469;0,301029;2,11763
-0,831764;-0,1;3,50771e-07;4,9717e-09;0,572876;0,0311251;18,4056
-0,831764;-0,125893;1,59433e-06;6,047e-09;0,578721;0,0382996;15,1103
-0,831764;-0,158489;1,96085e-06;7,16591e-09;0,584557;0,0471043;12,4098
-0,831764;-0,199526;2,41036e-06;8,40464e-09;0,590385;0,0579028;10,1961
-0,831764;-0,251189;7,94742e-07;9,72818e-09;0,596205;0,0711375;8,38103
-0,831764;-0,316228;1,71853e-06;1,3127e-08;0,60202;0,0873461;6,89236
-0,831764;-0,398107;4,46172e-06;1,49666e-08;0,60783;0,107181;5,67104
-0,831764;-0,501187;5,47133e-06;1,67565e-08;0,613636;0,131435;4,66875
-0,831764;-0,630957;2,25084e-06;1,83327e-08;0,619441;0,161063;3,84596
-0,831764;-0,794328;8,20986e-06;1,96596e-08;0,625248;0,197221;3,17029
-0,831764;-1;2,20782e-06;2,2939e-08;0,631059;0,241301;2,61524
-0,758578;-0,1;1,66982e-08;4,47143e-09;0,566993;0,0252557;22,4501
-0,758578;-0,125893;1,06861e-06;5,44333e-09;0,572634;0,0308589;18,5565
-0,758578;-0,158489;1,23977e-07;6,41634e-09;0,578257;0,0376744;15,3488
-0,758578;-0,199526;1,74469e-06;7,40738e-09;0,58386;0,0459554;12,7049
-0,758578;-0,251189;2,12625e-06;1,0084e-08;0,589443;0,0560056;10,5247
-0,758578;-0,316228;2,18979e-06;1,14667e-08;0,595007;0,0681875;8,72604
-0,758578;-0,398107;1,45877e-06;1,29319e-08;0,600551;0,0829337;7,24134
-0,758578;-0,501187;2,02567e-06;1,43934e-08;0,606074;0,100758;6,01514
-0,758578;-0,630957;3,26502e-06;1,57463e-08;0,611577;0,12227;5,00187
-0,758578;-0,794328;3,01705e-06;1,69027e-08;0,61706;0,148187;4,16405
-0,758578;-1;6,80922e-06;1,89748e-08;0,622523;0,179356;3,47089
-0,691831;-0,1;9,26821e-09;4,02217e-09;0,559232;0,0191664;29,1777
-0,691831;-0,125893;8,01909e-07;4,79395e-09;0,564556;0,0231602;24,3761
-0,691831;-0,158489;9,67611e-07;5,6491e-09;0,569843;0,0279459;20,3909
-0,691831;-0,199526;1,16576e-06;6,5312e-09;0,575089;0,0336687;17,0808
-0,691831;-0,251189;8,60646e-07;8,82949e-09;0,580293;0,0404968;14,3294
-0,691831;-0,316228;9,97541e-07;1,00189e-08;0,585453;0,0486242;12,0404
-0,691831;-0,398107;2,01766e-06;1,12789e-08;0,590565;0,0582727;10,1345
-0,691831;-0,501187;2,41313e-06;1,23757e-08;0,595626;0,0696946;8,54622
-0,691831;-0,630957;7,69956e-07;1,34861e-08;0,600633;0,0831739;7,22141
-0,691831;-0,794328;2,53837e-07;1,44036e-08;0,605582;0,0990272;6,11531
-0,691831;-1;3,06479e-06;1,58172e-08;0,610469;0,117603;5,19091
-0,630957;-0,1;4,12804e-07;3,61985e-09;0,548475;0,0130726;41,956
-0,630957;-0,125893;4,89509e-07;4,31612e-09;0,553265;0,0155017;35,6907
-0,630957;-0,158489;5,78865e-07;4,97727e-09;0,557979;0,0183314;30,4385
-0,630957;-0,199526;6,82494e-07;6,79552e-09;0,562611;0,0216131;26,031
-0,630957;-0,251189;7,99008e-07;7,72735e-09;0,567154;0,0254005;22,3285
-0,630957;-0,316228;4,03146e-07;8,7191e-09;0,571602;0,0297481;19,2147
-0,630957;-0,398107;1,09605e-06;9,72443e-09;0,575947;0,0347094;16,5934
-0,630957;-0,501187;1,27366e-06;1,0654e-08;0,58018;0,040334;14,3844
-0,630957;-0,630957;1,47358e-06;1,15194e-08;0,584292;0,0466651;12,521
-0,630957;-0,794328;1,69683e-06;1,22009e-08;0,588274;0,0537347;10,9477
-0,630957;-1;1,80991e-06;1,31693e-08;0,592116;0,06156;9,61851
-0,57544;-0,1;2,14223e-07;3,259e-09;0,532635;0,00743864;71,6038
-0,57544;-0,125893;2,45549e-07;3,79816e-09;0,536468;0,00852618;62,9201
-0,57544;-0,158489;2,79929e-07;4,38803e-09;0,540149;0,00972;55,5708
-0,57544;-0,199526;3,17276e-07;5,95276e-09;0,543667;0,0110168;49,3489
-0,57544;-0,251189;1,85077e-07;6,75858e-09;0,547012;0,0124094;44,0804
-0,57544;-0,316228;3,9991e-07;7,57854e-09;0,550171;0,0138861;39,6203
-0,57544;-0,398107;4,44392e-07;8,38918e-09;0,553136;0,0154307;35,8466
-0,57544;-0,501187;4,90231e-07;9,17248e-09;0,555896;0,0170223;32,6569
-0,57544;-0,630957;5,3672e-07;9,82067e-09;0,558443;0,0186365;29,965
-0,57544;-0,794328;5,83074e-07;1,06558e-08;0,560773;0,0202461;27,6978
-0,57544;-1;6,28478e-07;1,11469e-08;0,562882;0,0218227;25,7935
-0,524807;-0,1;5,14214e-08;3,08123e-09;0,508362;0,00313352;162,234
-0,524807;-0,125893;8,92607e-08;7,30456e-09;0,51064;0,00339843;150,258
-0,524807;-0,158489;1,48426e-08;3,87001e-09;0,512698;0,00365689;140,2
-0,524807;-0,199526;1,02553e-07;5,21166e-09;0,514538;0,00390451;131,78
-0,524807;-0,251189;1,01963e-07;5,89807e-09;0,516163;0,00413732;124,758
-0,524807;-0,316228;1,14311e-07;6,6014e-09;0,517585;0,00435215;118,926
-0,524807;-0,398107;1,19425e-07;7,23549e-09;0,518814;0,00454688;114,103
-0,524807;-0,501187;9,21416e-08;3,82301e-08;0,519865;0,00472034;110,133
-0,524807;-0,630957;7,51393e-09;4,62423e-08;0,520755;0,00487239;106,879
-0,524807;-0,794328;1,31424e-07;5,10738e-08;0,521502;0,00500372;104,223
-0,524807;-1;8,39157e-08;1,98175e-08;0,522123;0,00511567;102,063
-0,47863;-0,1;2,22195e-08;5,61721e-09;0,47419;0,000927575;511,215
-0,47863;-0,125893;2,07906e-08;6,50935e-09;0,475;0,000954728;497,524
-0,47863;-0,158489;2,34273e-08;1,59728e-08;0,475677;0,000978002;486,376
-0,47863;-0,199526;2,38995e-08;1,78875e-08;0,476237;0,000997714;477,328
-0,47863;-0,251189;2,42952e-08;2,49204e-08;0,476698;0,00101422;470,014
-0,47863;-0,316228;2,46233e-08;1,78556e-08;0,477074;0,00102793;464,113
-0,47863;-0,398107;1,31847e-08;2,68967e-08;0,477381;0,0010392;459,373
-0,47863;-0,501187;1,89419e-08;1,96269e-08;0,477629;0,00104844;455,562
-0,47863;-0,630957;2,52941e-08;1,78313e-08;0,477829;0,00105594;452,517
-0,47863;-0,794328;2,36611e-08;3,63069e-08;0,47799;0,00106201;450,08
-0,47863;-1;1,70573e-08;2,11769e-08;0,478119;0,00106692;448,131
-0,436516;-0,1;5,10958e-09;8,6233e-09;0,435495;0,000233883;1862,02
-0,436516;-0,125893;8,84726e-10;9,48881e-09;0,435699;0,000235593;1849,37
-0,436516;-0,158489;2,43152e-09;1,15697e-08;0,435863;0,000236972;1839,31
-0,436516;-0,199526;5,20126e-09;6,05024e-09;0,435995;0,000238082;1831,28
-0,436516;-0,251189;2,7625e-09;2,03835e-08;0,436101;0,000238981;1824,83
-0,436516;-0,316228;5,23654e-09;2,39284e-08;0,436185;0,000239697;1819,74
-0,436516;-0,398107;5,24912e-09;1,02647e-08;0,436252;0,000240272;1815,66
-0,436516;-0,501187;2,74509e-09;1,99582e-08;0,436306;0,000240725;1812,47
-0,436516;-0,630957;5,26701e-09;1,87015e-08;0,436349;0,000241102;1809,81
-0,436516;-0,794328;2,41868e-09;3,74567e-08;0,436383;0,000241386;1807,82
-0,436516;-1;5,27875e-09;6,72862e-09;0,43641;0,000241627;1806,13
-0,398107;-0,1;3,83799e-11;6,303e-09;0,397863;6,14441e-05;6475,19
-0,398107;-0,125893;1,22629e-09;7,51094e-09;0,397912;6,15621e-05;6463,6
-0,398107;-0,158489;1,22833e-09;2,85485e-09;0,397952;6,16475e-05;6455,29
-0,398107;-0,199526;1,22963e-09;1,22121e-08;0,397984;6,17146e-05;6448,78
-0,398107;-0,251189;1,23069e-09;1,48822e-08;0,398009;6,17688e-05;6443,54
-0,398107;-0,316228;1,23164e-09;2,16103e-08;0,398029;6,18118e-05;6439,38
-0,398107;-0,398107;1,23225e-09;2,46173e-08;0,398045;6,18476e-05;6435,91
-0,398107;-0,501187;1,23283e-09;2,1185e-08;0,398058;6,18757e-05;6433,19
-0,398107;-0,630957;1,23326e-09;1,99239e-08;0,398068;6,18979e-05;6431,04
-0,398107;-0,794328;5,79772e-10;2,61636e-08;0,398076;6,19152e-05;6429,38
-0,398107;-1;1,23391e-09;1,53337e-08;0,398083;6,19297e-05;6427,98
-0,363078;-0,1;3,26917e-10;3,70257e-09;0,363013;1,79955e-05;20172,5
-0,363078;-0,125893;2,36357e-10;6,1253e-09;0,363026;1,80027e-05;20165,1
-0,363078;-0,158489;5,42344e-11;8,22147e-09;0,363037;1,80111e-05;20156,3
-0,363078;-0,199526;2,00557e-10;7,14495e-09;0,363045;1,80125e-05;20155,2
-0,363078;-0,251189;2,8249e-10;1,6097e-08;0,363052;1,80144e-05;20153,4
-0,363078;-0,316228;3,27598e-10;4,53485e-09;0,363057;1,80202e-05;20147,2
-0,363078;-0,398107;3,27483e-10;8,96403e-09;0,363062;1,80234e-05;20143,9
-0,363078;-0,501187;2,13147e-10;1,13589e-08;0,363065;1,80298e-05;20137
-0,363078;-0,630957;3,27601e-10;2,22811e-08;0,363068;1,80288e-05;20138,2
-0,363078;-0,794328;6,36042e-11;2,20773e-08;0,36307;1,80302e-05;20136,8
-0,363078;-1;3,27631e-10;2,21212e-08;0,363072;1,80315e-05;20135,4
-0,331131;-0,1;5,39446e-11;4,35101e-09;0,331111;5,9949e-06;55232,1
-0,331131;-0,125893;9,91369e-11;8,64311e-09;0,331115;5,99089e-06;55269,8
-0,331131;-0,158489;9,93653e-11;4,84219e-09;0,331119;5,98937e-06;55284,4
-0,331131;-0,199526;9,04637e-11;1,12871e-08;0,331121;5,99138e-06;55266,3
-0,331131;-0,251189;9,94032e-11;1,105e-08;0,331123;5,98616e-06;55314,8
-0,331131;-0,316228;8,13194e-11;8,08083e-09;0,331125;5,99569e-06;55227,1
-0,331131;-0,398107;1,90878e-12;1,5279e-08;0,331126;5,99163e-06;55264,8
-0,331131;-0,501187;9,93426e-11;1,39349e-08;0,331127;5,9928e-06;55254,1
-0,331131;-0,630957;9,92879e-11;2,02449e-08;0,331128;5,99127e-06;55268,4
-0,331131;-0,794328;2,00256e-11;2,05051e-08;0,331129;5,99183e-06;55263,3
-0,331131;-1;9,93787e-11;2,59058e-08;0,331129;5,99183e-06;55263,4
-0,301995;-0,1;2,6556e-12;4,14795e-09;0,301988;2,30582e-06;130968
-0,301995;-0,125893;3,49206e-11;6,66543e-09;0,30199;2,3086e-06;130811
-0,301995;-0,158489;2,46559e-11;9,58782e-09;0,301991;2,29998e-06;131302
-0,301995;-0,199526;3,49785e-11;1,0031e-08;0,301992;2,3077e-06;130863
-0,301995;-0,251189;3,47463e-11;7,30483e-09;0,301992;2,30789e-06;130852
-0,301995;-0,316228;3,47684e-11;1,07625e-08;0,301993;2,30649e-06;130932
-0,301995;-0,398107;2,60938e-11;1,23403e-08;0,301993;2,30241e-06;131164
-0,301995;-0,501187;3,47953e-11;1,56092e-08;0,301994;2,30726e-06;130889
-0,301995;-0,630957;3,4869e-11;1,84435e-08;0,301994;2,30698e-06;130905
-0,301995;-0,794328;3,48776e-11;2,00235e-08;0,301994;2,30717e-06;130894
-0,301995;-1;8,44367e-12;1,1771e-08;0,301994;2,30906e-06;130787
-0,275423;-0,1;1,05327e-11;2,40511e-09;0,27542;1,05626e-06;260749
-0,275423;-0,125893;9,04286e-12;6,70062e-09;0,275421;1,06025e-06;259770
-0,275423;-0,158489;1,33561e-11;8,0378e-09;0,275421;1,0565e-06;260693
-0,275423;-0,199526;1,44114e-11;3,43504e-09;0,275421;1,05406e-06;261295
-0,275423;-0,251189;1,44236e-11;5,22927e-09;0,275422;1,055e-06;261062
-0,275423;-0,316228;1,45803e-11;1,21008e-08;0,275422;1,05237e-06;261715
-0,275423;-0,398107;1,45817e-11;6,58724e-09;0,275422;1,05248e-06;261689
-0,275423;-0,501187;5,47082e-12;1,2793e-08;0,275422;1,05481e-06;261112
-0,275423;-0,630957;1,44463e-11;1,50332e-08;0,275422;1,05433e-06;261230
-0,275423;-0,794328;1,4559e-11;1,2849e-08;0,275423;1,05515e-06;261027
-0,275423;-1;1,46423e-11;1,13408e-08;0,275423;1,05855e-06;260188
-0,251189;-0,1;7,26004e-12;4,7723e-09;0,251187;5,78971e-07;433851
-0,251189;-0,125893;7,18939e-12;5,25568e-09;0,251187;5,81418e-07;432025
-0,251189;-0,158489;7,22173e-12;4,64741e-09;0,251188;5,7816e-07;434460
-0,251189;-0,199526;3,0951e-12;5,34455e-09;0,251188;5,72651e-07;438641
-0,251189;-0,251189;7,37825e-12;4,95668e-09;0,251188;5,78424e-07;434263
-0,251189;-0,316228;4,11479e-12;9,70614e-09;0,251188;5,79939e-07;433129
-0,251189;-0,398107;7,36529e-12;9,38827e-09;0,251188;5,81726e-07;431798
-0,251189;-0,501187;5,43126e-12;3,90303e-09;0,251188;5,80194e-07;432938
-0,251189;-0,630957;6,0098e-12;1,27532e-08;0,251188;5,8049e-07;432718
-0,251189;-0,794328;2,25012e-13;1,30913e-08;0,251188;5,83151e-07;430744
-0,251189;-1;7,18822e-12;1,43606e-08;0,251188;5,79655e-07;433341
-0,229087;-0,1;2,05138e-12;4,15886e-09;0,229086;3,83631e-07;597152
-0,229087;-0,125893;4,29217e-12;3,48616e-09;0,229086;3,76856e-07;607888
-0,229087;-0,158489;1,69023e-12;6,51847e-09;0,229086;3,72341e-07;615259
-0,229087;-0,199526;1,12725e-12;7,41682e-09;0,229086;3,73621e-07;613152
-0,229087;-0,251189;4,29422e-12;4,84653e-09;0,229086;3,77977e-07;606086
-0,229087;-0,316228;2,64277e-12;7,93742e-09;0,229087;3,73795e-07;612867
-0,229087;-0,398107;2,36986e-12;1,03544e-08;0,229087;3,79263e-07;604030
-0,229087;-0,501187;4,35276e-12;4,32574e-09;0,229087;3,7952e-07;603621
-0,229087;-0,630957;1,90494e-12;5,30315e-09;0,229087;3,79448e-07;603737
-0,229087;-0,794328;3,66645e-12;6,10514e-09;0,229087;3,83336e-07;597613
-0,229087;-1;4,34122e-12;1,2741e-08;0,229087;3,79149e-07;604213
-0,20893;-0,1;2,89509e-12;2,24988e-09;0,208929;2,85874e-07;730844
-0,20893;-0,125893;2,93283e-12;3,64147e-09;0,208929;2,8323e-07;737667
-0,20893;-0,158489;2,87837e-12;3,35278e-09;0,208929;2,81567e-07;742022
-0,20893;-0,199526;2,88883e-12;1,50141e-09;0,208929;2,85034e-07;732997
-0,20893;-0,251189;2,16976e-12;5,01045e-09;0,208929;2,8452e-07;734323
-0,20893;-0,316228;2,8899e-12;4,17989e-09;0,208929;2,82162e-07;740459
-0,20893;-0,398107;2,95862e-12;8,79723e-09;0,208929;2,82751e-07;738918
-0,20893;-0,501187;1,09706e-12;4,92438e-09;0,208929;2,82833e-07;738702
-0,20893;-0,630957;2,04267e-13;1,02361e-08;0,20893;2,8392e-07;735874
-0,20893;-0,794328;2,89479e-12;5,09793e-09;0,20893;2,85254e-07;732434
-0,20893;-1;1,59621e-12;8,39077e-09;0,20893;2,95018e-07;708192
-0,190546;-0,1;2,2474e-12;7,84783e-10;0,190546;2,28578e-07;833613
-0,190546;-0,125893;2,24484e-12;4,01419e-09;0,190546;2,26242e-07;842220
-0,190546;-0,158489;1,55239e-12;9,37067e-10;0,190546;2,35239e-07;810009
-0,190546;-0,199526;2,13662e-12;3,32061e-09;0,190546;2,29328e-07;830888
-0,190546;-0,251189;1,82876e-12;5,15087e-09;0,190546;2,26321e-07;841928
-0,190546;-0,316228;2,14636e-12;1,60651e-09;0,190546;2,30731e-07;825837
-0,190546;-0,398107;7,90172e-13;4,57015e-09;0,190546;2,29541e-07;830117
-0,190546;-0,501187;5,53257e-13;6,2739e-09;0,190546;2,30429e-07;826920
-0,190546;-0,630957;2,24945e-12;8,63347e-09;0,190546;2,33355e-07;816548
-0,190546;-0,794328;6,11126e-13;7,03501e-09;0,190546;2,21893e-07;858731
-0,190546;-1;2,06606e-12;5,07742e-09;0,190546;2,28518e-07;833834
-0,17378;-0,1;1,72499e-12;2,82338e-09;0,17378;1,95569e-07;888584
-0,17378;-0,125893;1,6425e-12;3,1737e-09;0,17378;1,94111e-07;895261
-0,17378;-0,158489;1,34655e-12;3,12285e-09;0,17378;1,91038e-07;909660
-0,17378;-0,199526;6,26378e-13;1,75182e-09;0,17378;1,93094e-07;899976
-0,17378;-0,251189;1,75549e-12;4,45956e-09;0,17378;1,9711e-07;881638
-0,17378;-0,316228;7,68346e-13;4,6476e-09;0,17378;1,96188e-07;885783
-0,17378;-0,398107;1,58092e-12;4,26623e-09;0,17378;1,95774e-07;887654
-0,17378;-0,501187;1,66753e-12;1,89138e-09;0,17378;1,94335e-07;894228
-0,17378;-0,630957;1,6347e-12;4,36314e-09;0,17378;1,9505e-07;890950
-0,17378;-0,794328;4,06902e-13;6,83851e-09;0,17378;2,00677e-07;865969
-0,17378;-1;1,15463e-12;6,02164e-09;0,17378;2,06523e-07;841455
-0,158489;-0,1;6,98006e-13;2,27138e-09;0,158489;1,67451e-07;946481
-0,158489;-0,125893;1,31067e-12;8,88537e-10;0,158489;1,68049e-07;943114
-0,158489;-0,158489;1,31998e-12;3,81405e-09;0,158489;1,68873e-07;938509
-0,158489;-0,199526;6,53928e-13;2,36956e-09;0,158489;1,71701e-07;923052
-0,158489;-0,251189;1,00426e-12;4,57587e-09;0,158489;1,66429e-07;952294
-0,158489;-0,316228;1,36073e-12;4,39841e-09;0,158489;1,715e-07;924134
-0,158489;-0,398107;1,35561e-12;4,17299e-09;0,158489;1,71235e-07;925566
-0,158489;-0,501187;1,109e-12;3,08074e-09;0,158489;1,66955e-07;949293
-0,158489;-0,630957;1,28593e-12;4,04021e-09;0,158489;1,73572e-07;913104
-0,158489;-0,794328;1,34319e-12;5,6799e-09;0,158489;1,71988e-07;921511
-0,158489;-1;1,07455e-12;3,4218e-09;0,158489;1,84652e-07;858311
-0,144544;-0,1;1,06327e-12;1,80116e-09;0,144544;1,51239e-07;955733
-0,144544;-0,125893;1,14435e-12;2,73112e-09;0,144544;1,54526e-07;935402
-0,144544;-0,158489;6,75204e-13;3,09722e-09;0,144544;1,56035e-07;926357
-0,144544;-0,199526;1,15666e-12;1,19903e-09;0,144544;1,49544e-07;966566
-0,144544;-0,251189;3,85943e-13;4,13697e-09;0,144544;1,52424e-07;948299
-0,144544;-0,316228;1,10582e-12;4,29785e-09;0,144544;1,52778e-07;946103
-0,144544;-0,398107;1,1153e-12;3,51921e-09;0,144544;1,52681e-07;946703
-0,144544;-0,501187;4,6859e-13;1,02914e-09;0,144544;1,45854e-07;991018
-0,144544;-0,630957;1,05554e-12;3,41795e-09;0,144544;1,55503e-07;929527
-0,144544;-0,794328;2,49261e-13;3,357e-09;0,144544;1,41755e-07;1,01968e+06
-0,144544;-1;3,10255e-13;5,24112e-09;0,144544;1,47489e-07;980033
-0,131826;-0,1;9,42255e-13;7,22064e-10;0,131825;1,39359e-07;945939
-0,131826;-0,125893;8,64147e-13;2,04101e-09;0,131826;1,40495e-07;938292
-0,131826;-0,158489;9,2667e-13;1,33185e-09;0,131826;1,35896e-07;970048
-0,131826;-0,199526;9,49341e-13;2,76046e-09;0,131826;1,35801e-07;970723
-0,131826;-0,251189;9,06408e-13;3,38782e-09;0,131826;1,37224e-07;960663
-0,131826;-0,316228;9,07275e-13;2,13512e-09;0,131826;1,37148e-07;961195
-0,131826;-0,398107;8,89703e-13;1,92342e-09;0,131826;1,37648e-07;957704
-0,131826;-0,501187;2,24802e-13;3,53468e-09;0,131826;1,42901e-07;922498
-0,131826;-0,630957;3,94059e-13;4,48342e-09;0,131826;1,322e-07;997166
-0,131826;-0,794328;7,99586e-13;3,19171e-09;0,131826;1,44365e-07;913142
-0,131826;-1;9,44388e-13;3,32541e-09;0,131826;1,37579e-07;958185
-0,120226;-0,1;6,78604e-13;1,35185e-09;0,120226;1,2749e-07;943025
-0,120226;-0,125893;7,22945e-13;1,69344e-09;0,120226;1,2488e-07;962734
-0,120226;-0,158489;7,64766e-13;1,89046e-09;0,120226;1,25247e-07;959915
-0,120226;-0,199526;2,90501e-13;2,39031e-09;0,120226;1,21047e-07;993218
-0,120226;-0,251189;7,4532e-13;2,60747e-09;0,120226;1,23988e-07;969663
-0,120226;-0,316228;2,69235e-13;1,39911e-09;0,120226;1,24358e-07;966774
-0,120226;-0,398107;6,76903e-13;2,98744e-09;0,120226;1,22476e-07;981631
-0,120226;-0,501187;7,0841e-13;3,65567e-09;0,120226;1,21614e-07;988592
-0,120226;-0,630957;2,40375e-13;1,50391e-09;0,120226;1,35682e-07;886089
-0,120226;-0,794328;2,86068e-13;3,82907e-09;0,120226;1,10053e-07;1,09244e+06
-0,120226;-1;1,32405e-13;3,40531e-09;0,120226;1,39625e-07;861070
-0,109648;-0,1;6,40655e-13;1,72533e-09;0,109648;1,14154e-07;960527
-0,109648;-0,125893;6,05414e-13;1,10264e-09;0,109648;1,12763e-07;972370
-0,109648;-0,158489;6,54345e-13;1,15782e-09;0,109648;1,10149e-07;995447
-0,109648;-0,199526;6,19734e-13;7,09803e-10;0,109648;1,12642e-07;973419
-0,109648;-0,251189;6,17858e-13;9,11573e-10;0,109648;1,12495e-07;974691
-0,109648;-0,316228;6,2938e-13;2,43619e-09;0,109648;1,13008e-07;970265
-0,109648;-0,398107;5,75959e-13;2,74547e-09;0,109648;1,16364e-07;942284
-0,109648;-0,501187;6,6406e-13;2,03024e-09;0,109648;1,12066e-07;978421
-0,109648;-0,630957;5,34528e-13;3,188e-09;0,109648;1,1228e-07;976559
-0,109648;-0,794328;7,24746e-13;3,30814e-09;0,109648;1,15696e-07;947726
-0,109648;-1;3,13817e-14;2,01938e-09;0,109648;9,70073e-08;1,1303e+06
-0,1;-0,1;4,93135e-13;1,10117e-09;0,0999999;1,036e-07;965254
-0,1;-0,125893;2,67828e-13;1,55685e-09;0,0999999;1,01958e-07;980792
-0,1;-0,158489;4,83088e-13;6,90929e-10;0,0999999;1,01118e-07;988941
-0,1;-0,199526;2,25893e-13;1,28419e-09;0,1;1,02168e-07;978777
-0,1;-0,251189;3,28625e-13;1,39851e-09;0,1;1,01299e-07;987172
-0,1;-0,316228;3,92043e-13;1,38226e-09;0,1;1,03753e-07;963831
-0,1;-0,398107;5,51666e-13;1,77081e-09;0,1;1,04205e-07;959648
-0,1;-0,501187;5,38364e-13;1,25044e-09;0,1;1,10586e-07;904270
-0,1;-0,630957;5,00839e-13;1,24251e-09;0,1;1,01591e-07;984336
-0,1;-0,794328;4,50077e-13;1,40274e-09;0,1;1,07815e-07;927515
-0,1;-1;3,78199e-13;2,2445e-09;0,1;1,17892e-07;848231
