eon;eoff;vds;ids
3.39103655874e-08;1.7292073792e-08;0.999993145466;0.9843288064
1.03617727057e-05;9.19620927751e-07;0.999999703482;18.3804473877
2.29286908605e-05;2.03341593829e-06;0.999999880791;28.1170101166
3.30389851865e-05;3.23045711145e-06;0.999999880791;34.3350944519
4.08878624254e-05;4.09910249844e-06;0.999999940395;38.6485595703
4.6433157914e-05;4.65088790806e-06;0.999999940395;41.8157310486
5.19675601619e-05;5.35357568533e-06;0.999999940395;44.2397232056
5.59758784531e-05;5.69100833172e-06;0.999999940395;46.1545410156
5.92956250123e-05;6.14481687877e-06;0.999999940395;47.7053108215
6.20937627014e-05;6.40858051925e-06;0.999999942712;48.9868125916
6.44676659843e-05;6.68249027622e-06;1.0;50.0635528564
6.68617594526e-05;6.99083966706e-06;1.0;50.9809684753
6.82911645849e-05;7.12876323335e-06;1.0;51.7719802856
6.98595962284e-05;7.31504827321e-06;1.0;52.4610214233
7.12550566358e-05;7.4783760361e-06;1.0;53.0666122437
7.24990380699e-05;7.63548713898e-06;1.0;53.6030502319
7.35944205265e-05;7.77207036627e-06;1.0;54.0815353394
7.45968277205e-05;7.9766032981e-06;1.0;54.510974884
7.55045059822e-05;7.99247090805e-06;1.0;54.8985443115
7.63274105113e-05;8.11402920078e-06;1.0;55.2500801086
7.7079999472e-05;8.21021101556e-06;1.0;55.5703849792
1.13249632773e-06;6.09266996741e-07;25.9997540294;0.999388039112
5.43787588315e-05;7.15439562362e-06;25.9999904633;25.5917053223
0.000143673391554;1.68401912127e-05;25.9999949141;49.4490699768
0.000273918800071;3.04777530059e-05;25.9999961853;72.5988540649
0.000430675709137;4.62564483568e-05;25.9999980927;95.0664672852
0.000614075659955;6.46803453739e-05;25.9999980927;116.87537384
0.000819850301792;8.34089226439e-05;25.9999980927;138.04699707
0.00104502969234;0.000105756041408;25.9999980927;158.600601196
0.0012866274929;0.000127694003472;25.9999980927;178.553039551
0.00154237266582;0.000154505210023;25.9999980927;197.918182373
0.00181968413281;0.000178536362737;25.9999980927;216.70614624
0.00210799416773;0.000204604081699;26.0;234.921447754
0.00239750206547;0.000232334825411;26.0;252.559539795
0.00270573331021;0.000261276960514;26.0;269.598022461
0.00301977075012;0.000288397492033;26.0;285.969970703
0.00335168170396;0.000324375078321;26.0;301.420959473
0.0037028090323;0.00035610207918;26.0;314.43963623
0.00406238514924;0.000390587160106;26.0;326.390869141
0.00446722256778;0.000425829116324;26.0;337.806518555
0.00484659205579;0.00046133862595;26.0;348.721832275
0.00521947752674;0.000501656768169;26.0;359.168914795
2.49563241806e-06;1.40634602875e-06;50.9993973191;0.999687993746
9.67897133272e-05;1.43069858987e-05;50.9999771118;25.7902317047
0.000237471806441;3.12780493194e-05;50.9999885559;50.1973075867
0.00042106069099;5.24652499908e-05;50.9999923706;74.226890564
0.000635505579537;7.53821745525e-05;50.9999923706;97.8843688965
0.000894639035796;0.000102478333997;50.9999961853;121.174430847
0.00118242273059;0.000132527005534;50.9999961853;144.100860596
0.00149816359532;0.000162838867269;50.9999961853;166.666259766
0.00184428318739;0.00019633454715;50.9999961853;188.871582031
0.00221984032928;0.000235509564804;50.9999961853;210.715194702
0.00260520365349;0.00026902639127;50.9999961853;232.191085815
0.00302341701094;0.00030872231854;50.9999961853;253.284896851
0.0034778857384;0.000349695108256;50.9999961853;273.962188721
0.00392572762566;0.000398755717348;51.0;294.117004395
0.00448313858102;0.000442542009122;51.0;312.811431885
0.00511288981076;0.000506030988268;51.0;330.108093262
0.00575447557511;0.000565051987307;51.0;346.897491455
0.00643286513816;0.000636896199436;51.0;363.201599121
0.00709296582935;0.000687153993366;51.0;379.041107178
0.00776817310938;0.000749003255882;51.0;394.435546875
0.00841430041274;0.000816803037027;51.0;409.40335083
4.20933680354e-06;2.36731171751e-06;75.9989089966;0.999790570974
0.00014513292103;2.22922405244e-05;75.9999587188;25.8588581085
0.000340368872072;4.81028409183e-05;75.9999771118;50.4585342407
0.00057889503539;7.66881049491e-05;75.9999847412;74.8008804321
0.000858157800972;0.000108263656605;75.9999923706;98.8875732422
0.00118971635756;0.000145948618358;75.9999923706;122.719825745
0.00154308417288;0.000182864584725;75.9999923706;146.298187256
0.00193772309832;0.000225452122933;75.9999923706;169.622283936
0.00238865590619;0.000269107456292;75.9999923706;192.690368652
0.00285027769488;0.000313564140095;75.9999923706;215.498382568
0.00334714315178;0.000360443214547;75.9999923706;238.038162231
0.00386875862736;0.000409704070496;75.9999923706;260.292663574
0.00444715177485;0.000465682123773;76.0;282.219818115
0.00506429895086;0.000525224784348;76.0;303.630737305
0.00580685848457;0.000600760326624;76.0;323.452880859
0.0065938741392;0.000669284713576;76.0;342.758178711
0.00742003677607;0.000746233265842;76.0;361.651672363
0.00826632129214;0.000825050563253;76.0;380.146362305
0.00912357173078;0.000911093701846;76.0;398.254638672
0.01003353327;0.000986850494549;76.0;415.988525391
0.0109248568807;0.00106406018317;76.0;433.359405518
6.04407471122e-06;3.46332525261e-06;100.998298645;0.999842252206
0.000200741810169;3.18337983617e-05;100.999931335;25.8936519623
0.000453324040598;6.63687762894e-05;100.999969482;50.5914802551
0.000759872061942;0.000104946771586;100.999977112;75.0941238403
0.00110880726558;0.000147547384829;100.999984741;99.4020843506
0.00151073730619;0.000192415333727;100.999984741;123.515480042
0.00194929978302;0.000241209966238;100.999992371;147.433929443
0.00241779169982;0.000290285675951;100.999992371;171.15625
0.00292941456054;0.000343540987672;100.999992371;194.680099487
0.00351608846377;0.000400228839827;100.999992371;218.00112915
0.00410692845299;0.000460066162358;100.999992371;241.111251831
0.00474635917994;0.000520732716796;100.999992371;263.993835449
0.00542656874265;0.000584354107236;100.999992371;286.605743408
0.00617037369033;0.000656161125024;100.999992371;308.618927002
0.00700737237423;0.000749300883381;100.999992371;329.456176758
0.00800623904289;0.000830975510888;100.999992371;349.941223145
0.00898696001256;0.000928300299501;100.999992371;370.08291626
0.0100069721303;0.0010271813613;100.999992371;389.889770508
0.0110412629317;0.00111777693771;101.0;409.369995117
0.012104170199;0.00122635121779;101.0;428.531585693
0.0132390374432;0.0013188690688;101.0;447.382232666
8.21229702343e-06;4.68880058267e-06;125.997565942;0.999873638153
0.000262133344394;4.23951242735e-05;125.999908447;25.9146823883
0.000579067510207;8.6924357764e-05;125.999954224;50.6720123291
0.000952679990627;0.000134978534799;125.999969482;75.2721252441
0.00137982192253;0.000188134076971;125.999977112;99.7150497437
0.00186147782548;0.000244408205929;125.999977112;124.000495911
0.00237166286647;0.000301227419924;125.999984741;148.127731323
0.00294283597364;0.000365137590318;125.999984741;172.095367432
0.00355276900461;0.000427287028135;125.999984741;195.901000977
0.00420881037277;0.00049056472437;125.999992371;219.54045105
0.00490614342065;0.000563766762046;125.999992371;243.006195068
0.00564160632916;0.000634302761497;125.999992371;266.282745361
0.00643776056431;0.000710482893167;125.999992371;289.327941895
0.00732017451114;0.000797813583161;125.999992371;311.75088501
0.00835118107435;0.000896659174782;125.999992371;333.311065674
0.00941474715255;0.00100414114057;125.999992371;354.571563721
0.0105562780715;0.00110559957408;125.999992371;375.538574219
0.0117257004218;0.0012171224636;125.999992371;396.218078613
0.0129350828386;0.00132444580138;125.999992371;416.615905762
0.0141926830474;0.00144489231164;125.999992371;436.737762451
0.0155059703429;0.0015621637877;125.999992371;456.589111328
1.04882378283e-05;6.02985477541e-06;150.996704102;0.999894586573
0.000325555960161;5.31145106047e-05;150.99987793;25.9287638006
0.000713555935926;0.000108904003435;150.999938965;50.726020813
0.00115774227248;0.000167315341183;150.999954224;75.3916625977
0.0016544135091;0.000229643771426;150.999969482;99.9254989624
0.002223398476;0.000297861163425;150.999969482;124.327072144
0.00283009904649;0.00036731126971;150.999984741;148.595535278
0.00348898668011;0.000440408443864;150.999984741;172.72946167
0.0041950682501;0.000514546092208;150.999984741;196.726547241
0.00493978118775;0.00058768821802;150.999984741;220.582901001
0.00574684031012;0.000674597676803;150.999984741;244.291595459
0.00660077311265;0.000758002923664;150.999984741;267.838378906
0.00750025743744;0.000839477805438;150.999984741;291.182891846
0.00851637215452;0.000944433821912;150.999984741;313.926483154
0.00967068061049;0.00104739285857;150.999984741;335.995788574
0.0108992182249;0.00117421924836;150.999984741;357.804656982
0.0121511895087;0.00129251219833;150.999984741;379.35760498
0.0134679401209;0.00141600150337;150.999991787;400.659057617
0.0148570421575;0.00154373159157;151.0;421.713378906
0.0162406997512;0.00166889278737;151.0;442.524810791
0.0177073934367;0.0017907885496;151.0;463.097442627
1.29971405717e-05;7.47916998942e-06;175.99571228;0.999909455293
0.000396106304928;6.52410561312e-05;175.999832153;25.9388637543
0.000850844002195;0.000130962524244;175.999908447;50.7647590637
0.00138801995077;0.000203152830304;175.999938965;75.4774780273
0.00195943018653;0.000275462699844;175.999954224;100.076713562
0.00261286562443;0.000355573718605;175.999969482;124.561943054
0.00331499332981;0.000437083917228;175.999969482;148.932296753
0.00406575761135;0.000521914367461;175.999969482;173.186386108
0.00487235556927;0.000610675573851;175.999984741;197.322021484
0.00572127382765;0.000698688564242;175.999984741;221.335632324
0.00662675521011;0.000790020519291;175.999984741;245.220840454
0.00759509052234;0.000889870189612;175.999984741;268.964538574
0.00861235272387;0.000989779380995;175.999984741;292.528411865
0.00975831480422;0.00109806020505;175.999984741;315.525695801
0.0110420980409;0.00121893239805;175.999984741;337.972961426
0.0123893642932;0.00135755452906;175.999984741;360.190032959
0.013801922888;0.00148957488061;175.999984741;382.180389404
0.0152678706176;0.00162653124393;175.999984741;403.94744873
0.016778155525;0.00176570155313;175.999984741;425.494567871
0.0183412276832;0.00192777178957;175.999984741;446.825012207
0.0199486788578;0.00203515242645;175.999984741;467.942016602
1.56279022909e-05;9.03611634466e-06;200.994598389;0.999920892311
0.000470525902442;7.78740996847e-05;200.999786377;25.9464511871
0.00100105039356;0.000155002553858;200.999893188;50.7938995361
0.00161975712475;0.000239724646008;200.999923706;75.5420684814
0.00229331602037;0.000327105475558;200.999940256;100.190620422
0.00302303273121;0.000417001985463;200.999954224;124.738990784
0.00381886877953;0.000509869875797;200.999969482;149.186309814
0.00466703843008;0.000607293497561;200.999969482;173.531280518
0.00558086778576;0.000707266907081;200.999969482;197.771835327
0.00654034472166;0.00081023355825;200.999969482;221.904678345
0.00755703328322;0.000912704926207;200.999984741;245.923950195
0.00863288862703;0.00101897372657;200.999984741;269.8175354
0.00977244158869;0.00113774481141;200.999984741;293.549163818
0.0110646540151;0.00125467522079;200.999984741;316.750823975
0.0124663939188;0.00139577928669;200.999984741;339.489746094
0.0139467135527;0.00154559010894;200.999984741;362.022460938
0.0154960924322;0.00168487797796;200.999984741;384.351806641
0.0171008753807;0.00184117999042;200.999984741;406.480438232
0.0187701647553;0.00199095252857;200.999984741;428.41104126
0.0205019679853;0.00216658475827;200.999984741;450.146209717
0.0222671015582;0.0023115614399;200.999984741;471.68850708
1.83077334047e-05;1.06957236985e-05;225.993362427;0.999929561282
0.000547836518914;9.11358244729e-05;225.999740601;25.9523639679
0.00116740937493;0.000182211218091;225.999862671;50.8166160583
0.00186152614698;0.000278263186766;225.999908447;75.5924530029
0.00261402979346;0.000374856985805;225.999938965;100.279510498
0.00345135475423;0.000481097668833;225.999954224;124.877220154
0.00434530377459;0.000586856313251;225.999954224;149.384750366
0.00530017865632;0.000696380734596;225.999969482;173.800854065
0.00631477585557;0.000809416822548;225.999969482;198.12361145
0.00738692254029;0.000920544892618;225.999969482;222.349975586
0.00852616645136;0.00104183287425;225.999969482;246.474517822
0.0097160387763;0.00116084419422;225.999969482;270.486022949
0.0109780501305;0.00128712469686;225.999984741;294.350128174
0.0123839346987;0.00142917973322;225.999984741;317.719360352
0.0139356313876;0.00158046344294;225.999984741;340.690124512
0.0155483154772;0.00173358779063;225.999984741;363.474243164
0.0172425757722;0.00189126494458;225.999984741;386.073974609
0.0190086034641;0.00206585281969;225.999984741;408.491485596
0.0208247913189;0.00222930027722;225.999984741;430.728942871
0.0227000085044;0.00240341200477;225.999984741;452.788513184
0.0246507185534;0.00259307845837;225.999984741;474.672241211
2.12310826077e-05;1.24499925131e-05;250.992004395;0.999936759054
0.000628799663656;0.000105075005519;250.999694824;25.9571018219
0.00133366987379;0.000209571743995;250.999847412;50.8348197937
0.00211706749418;0.000318431183953;250.999893188;75.632850647
0.0029754978953;0.000432419310313;250.999923706;100.350799561
0.00390760629363;0.000548899379371;250.999938965;124.988136292
0.00489479471482;0.000667191091183;250.999954224;149.544036865
0.00595629433491;0.000787709588574;250.999954224;174.017349243
0.00708121095759;0.00091491746379;250.999954224;198.406265259
0.0082657615621;0.00104175715194;250.999969482;222.707931519
0.00952138552169;0.00117194107532;250.999969482;246.917327881
0.010835502774;0.00130794629915;250.999969482;271.024017334
0.0122293168023;0.00144722870744;250.999969482;294.995483398
0.0137689108674;0.00160282184793;250.999969482;318.504302979
0.0154517223946;0.00176735117329;250.999979868;341.663787842
0.0172198331682;0.00193417429161;250.999984741;364.652832031
0.0190487232474;0.00211001354907;250.999984741;387.473236084
0.0209869973582;0.00229220012602;250.999984741;410.126831055
0.0229452883794;0.00247056253914;250.999984741;432.615447998
0.02498180696;0.0026585255135;250.999984741;454.940795898
0.0270804201963;0.00281864094715;250.999984741;477.104644775
2.42358171096e-05;1.43031946135e-05;275.990509033;0.999942341985
0.000713684550028;0.0001194620272;275.999633789;25.960981369
0.00150768589104;0.000237377719032;275.999816895;50.8497390747
0.0023844155863;0.000360093336345;275.99987793;75.6659545898
0.00333990230988;0.000486675117769;275.999908447;100.409255981
0.00437024308059;0.000616380459236;275.999938965;125.079109192
0.00546833598539;0.00074891697071;275.999938965;149.674743652
0.00664075250008;0.000886321404385;275.999938965;174.195037842
0.00787768702578;0.00102303738759;275.999938965;198.638320923
0.00918185467303;0.00116518377135;275.999969482;223.001937866
0.0105560522163;0.00130736166404;275.999969482;247.281204224
0.0120020523642;0.00145018247671;275.999969482;271.466369629
0.0135213564115;0.00160986218003;275.999969482;295.526550293
0.0151935880723;0.00176827353349;275.999969482;319.153289795
0.0170162222023;0.00195694515196;275.999969482;342.469421387
0.0189216178685;0.00213976428784;275.999969482;365.628692627
0.0209161090576;0.00232751020787;275.999969482;388.632629395
0.0229820440454;0.00252469432409;275.999969482;411.482818604
0.0251094736768;0.00272555189136;275.999969482;434.18069458
0.0273073469389;0.0029211044514;275.999969482;456.727813721
0.0295998324121;0.00310221216748;275.999969482;479.125610352
2.74321372702e-05;1.62451244954e-05;300.988893128;0.999947118696
0.000802630368335;0.000134564176212;300.999572754;25.9642181396
0.00168709665598;0.000266615358305;300.999786377;50.8621864319
0.00266094578181;0.00040324794115;300.999847412;75.6935882568
0.00371825859642;0.000544347324011;300.99987793;100.458061218
0.00484916077632;0.000685659533719;300.999908447;125.155075073
0.00605681190456;0.000833952902448;300.999938965;149.783905029
0.00734568153931;0.000986277141162;300.999938965;174.343490601
0.00869852021939;0.00113910292669;300.999938965;198.832275391
0.0101117993382;0.00128984355468;300.999938965;223.247741699
0.0116308816844;0.00144833878349;300.999969482;247.585525513
0.0132066711653;0.00161370997372;300.999969482;271.836486816
0.0148571320635;0.00177515866468;300.999969482;295.971221924
0.016672358186;0.00195674265186;300.999969482;319.698883057
0.0186354279835;0.00215573891076;300.999969482;343.147064209
0.0207044911315;0.00235176028024;300.999969482;366.449981689
0.0228293209993;0.00255944840602;300.999969482;389.608978271
0.0250473437558;0.00278015305323;300.999969482;412.625335693
0.027328783608;0.00297431282106;300.999969482;435.500335693
0.0297485858702;0.00320116428803;300.999969482;458.23526001
0.0321569821888;0.00341276541564;300.999969482;480.831390381
3.06907674394e-05;1.82667438172e-05;325.987182617;0.999951137164
0.000894732835773;0.000150752384135;325.999511719;25.9669570923
0.00187247243686;0.000296838159645;325.999755859;50.8727264404
0.0029460481553;0.000448355651647;325.999816895;75.7169952393
0.00410547638146;0.000602986116175;325.99987793;100.499412537
0.0053444837226;0.000759516126435;325.999908447;125.219459534
0.00667138533791;0.000923754680975;325.999908447;149.876449585
0.00807038776936;0.00108556551445;325.999938965;174.469390869
0.0095508117869;0.0012531549248;325.999938965;198.996780396
0.0111035926363;0.00142536390364;325.999938965;223.456298828
0.0127332847035;0.00159346032397;325.999938965;247.843811035
0.0144365686347;0.00177241776179;325.999938965;272.150695801
0.0162254802562;0.0019519000947;325.999969482;296.349060059
0.0181863323013;0.00215127306918;325.999969482;320.163909912
0.0203082792349;0.00236133643901;325.999969482;343.724975586
0.0225076796956;0.00257858920509;325.999969482;367.150756836
0.0247817035944;0.00279042874898;325.999969482;390.442443848
0.027164826684;0.00299908720587;325.999969482;413.601135254
0.0296255162649;0.00324897946369;325.999969482;436.627960205
0.032169792241;0.00347933435163;325.999969482;459.524017334
0.0347979227617;0.00372510023991;325.999969482;482.290374756
3.40152792452e-05;2.04380302408e-05;350.985321045;0.999954659841
0.000986944209269;0.000166113477012;350.999420166;25.9693088531
0.0020634987548;0.000327532494091;350.999725342;50.8817710876
0.00324001268666;0.000493728125993;350.999816895;75.7370834351
0.00449908222134;0.000661203525371;350.999847412;100.534896851
0.00586316111232;0.000836790014661;350.99987793;125.274726868
0.00729865387768;0.00101440641949;350.999908447;149.955917358
0.00882077880015;0.00119249097854;350.999908447;174.57749939
0.0104072624592;0.00137189990658;350.999938965;199.138092041
0.0121015755605;0.00155786403371;350.999938965;223.635467529
0.0138670254414;0.00174808070499;350.999938965;248.065765381
0.0157069249688;0.00193645177501;350.999938965;272.420837402
0.0176414071595;0.00212865559228;350.999938965;296.674041748
0.019740809654;0.00234889844787;350.999969482;320.565032959
0.0220015781563;0.00256931377486;350.999969482;344.223632812
0.0243598244311;0.00279421231469;350.999969482;367.755706787
0.0268075535768;0.00303026928312;350.999969482;391.162261963
0.0293136536909;0.00326240516622;350.999969482;414.444244385
0.0319708193682;0.0035031469143;350.999969482;437.602630615
0.0347007722527;0.00375654600545;350.999969482;460.638427734
0.0374903900215;0.00400129048029;350.999969482;483.552490234
3.75642503009e-05;2.26227851055e-05;375.983312433;0.999957644137
0.00108390515231;0.000182725937507;375.999359131;25.9713478088
0.00226107801429;0.000359632531441;375.999664307;50.8896141052
0.00354763018411;0.000542373495368;375.999786377;75.7545089722
0.00492365315273;0.000727353471938;375.999847412;100.565689087
0.00638730513477;0.00091271712911;375.99987793;125.322685242
0.00794606039377;0.00110637772584;375.99987793;150.024871826
0.00959233551078;0.00130008087533;375.999908447;174.671340942
0.0113212744766;0.00149676056373;375.999908447;199.260772705
0.0131382099578;0.0016951374242;375.999938965;223.791061401
0.0150300922922;0.00189643486684;375.999938965;248.258544922
0.0170138717007;0.00210385410817;375.999938965;272.655548096
0.0190901482557;0.00231747071428;375.999938965;296.956542969
0.0213491463809;0.00254199541592;375.999938965;320.914550781
0.0237567417712;0.00278485031474;375.999938965;344.658325195
0.0262611207981;0.00301990214243;375.999969482;368.28326416
0.028875119988;0.0032695158496;375.999969482;391.79019165
0.0315806955667;0.00354016353548;375.999969482;415.179992676
0.0343807650008;0.00378101205155;375.999969482;438.453521729
0.0372380449509;0.00406398707839;375.999969482;461.611602783
0.0402075554025;0.00430893840386;375.999969482;484.65512085
4.10714896467e-05;2.48199586142e-05;400.981201172;0.999960346189
0.00118332881822;0.00019995827346;400.999267578;25.9731311798
0.00246349111842;0.000392695062529;400.999633789;50.896484375
0.00385010222843;0.00058887654041;400.999755859;75.7697677612
0.0053311705062;0.000788847985826;400.999816895;100.592651367
0.0069295066659;0.000996129675816;400.999847412;125.364700317
0.00860952770002;0.00120087087936;400.99987793;150.085296631
0.010384067271;0.00140943032025;400.999890165;174.753570557
0.0122355502624;0.0016228350107;400.999908447;199.368286133
0.0141899830891;0.00183668379156;400.999908447;223.927429199
0.0162276569205;0.00205563802176;400.999938965;248.427566528
0.0183488332216;0.00227685055198;400.999938965;272.861358643
0.0205669213381;0.00249131994172;400.999938965;297.204376221
0.0229838551417;0.00274489104708;400.999938965;321.221832275
0.025556246425;0.00300060567632;400.999938965;345.040618896
0.0282188675789;0.00326285170811;400.999938965;368.747344971
0.0310070475656;0.00352558874124;400.999938965;392.342773438
0.0338618224218;0.00379550342314;400.999969482;415.827667236
0.0368094006974;0.00406927521328;400.999969482;439.202758789
0.0398803630429;0.00434302520167;400.999969482;462.468841553
0.0430426864857;0.00462980306809;400.999969482;485.626647949
4.48005685725e-05;2.72534703169e-05;425.978973389;0.999962609992
0.00128618027082;0.000217270632257;425.999206543;25.9747066498
0.00267124246162;0.000425968481791;425.999572754;50.902545929
0.00417215369961;0.000640174821656;425.999725342;75.783241272
0.00576874807053;0.000854271016851;425.999786377;100.616470337
0.00747642047307;0.00107589541348;425.999847412;125.401802063
0.00929025977606;0.00129982368919;425.999847412;150.138656616
0.0111881886177;0.00152318667266;425.99987793;174.826217651
0.0131786398308;0.00175094008569;425.999908447;199.463287354
0.0152696806808;0.00198457073294;425.999908447;224.047958374
0.0174507492822;0.00221354033071;425.999908447;248.576950073
0.0197230236495;0.00245033693508;425.999921385;273.043304443
0.0220939892231;0.00269953512491;425.999938965;297.423583984
0.0246436963742;0.00295273962964;425.999938965;321.494110107
0.0273621501507;0.00322545522929;425.999938965;345.379425049
0.0302009157029;0.00349707093646;425.999938965;369.158782959
0.0331600442947;0.00378027226977;425.999938965;392.832794189
0.0361930084387;0.00407370253916;425.999938965;416.402160645
0.039339861411;0.00437182453777;425.999938965;439.867584229
0.0425538287621;0.0046448807411;425.999969482;463.229675293
0.0458921613969;0.00493636040927;425.999969482;486.48916626
4.8533432378e-05;2.97475841668e-05;450.976623535;0.99996467257
0.00139082758723;0.000235283307605;450.99911499;25.9761066437
0.00288562607839;0.000460946960283;450.999542236;50.9079399109
0.00449987806021;0.00069184832664;450.999694824;75.7952194214
0.00622861655021;0.000923843944877;450.999755859;100.637649536
0.00805533512081;0.0011613307123;450.999816895;125.434806824
0.00998189609221;0.00139785991403;450.999847412;150.186141968
0.0120167875656;0.00163835903991;450.99987793;174.890869141
0.0141344843767;0.00188010450844;450.99987793;199.547821045
0.0163729826615;0.00212874050169;450.999908447;224.155227661
0.0186898894768;0.00238307318194;450.999908447;248.70993042
0.0211215866348;0.00263106203901;450.999908447;273.205291748
0.0236312147791;0.00288862177226;450.999908447;297.618865967
0.026373646002;0.00316661544416;450.999938965;321.737030029
0.0292507824803;0.00345414081616;450.999938965;345.681793213
0.0322533837313;0.00374721144067;450.999938965;369.526031494
0.0353615571784;0.00403450270125;450.999938965;393.270294189
0.0385520543278;0.00435351984873;450.999938965;416.915252686
0.0418796557365;0.00465582865464;450.999938965;440.461456299
0.0453110125737;0.00496926641161;450.999938965;463.909515381
0.0488676408126;0.00525845744907;450.999938965;487.260040283
5.24252453121e-05;3.22535702367e-05;475.974121094;0.999966568936
0.00149869294263;0.000253563629721;475.99899292;25.9773616791
0.00310497022653;0.000496551275791;475.999481201;50.9127655029
0.00483319926373;0.000744255184197;475.999664307;75.8059463501
0.00667653477475;0.000992423210181;475.999755859;100.656616211
0.00863258051414;0.0012472993844;475.999786377;125.464363098
0.010698211002;0.00149826307713;475.999816895;150.228668213
0.0128685754602;0.00175904440317;475.999847412;174.948760986
0.0151328723045;0.00201882092135;475.99987793;199.623550415
0.0174940242534;0.00228309687075;475.99987793;224.251327515
0.0199770607801;0.00254273712455;475.999908447;248.829071045
0.0225340126592;0.00281267929493;475.999908447;273.350463867
0.0252406018989;0.00309130065535;475.999908447;297.793884277
0.0280919316458;0.00338308713985;475.999908447;321.955078125
0.0311449798584;0.00368179051382;475.999938965;345.953308105
0.0343516395334;0.0039901106813;475.999938965;369.855865479
0.0375819686102;0.00430185385004;475.999938965;393.663330078
0.0409981416944;0.00461971014498;475.999938965;417.376251221
0.0444643396194;0.00495849847424;475.999938965;440.995178223
0.0481056293793;0.00526848887424;475.999938965;464.520629883
0.0518254048899;0.00559269408151;475.999938965;487.953155518
5.63961619996e-05;3.48052990186e-05;500.9715271;0.999968210054
0.00160809514335;0.000272542030623;500.998901367;25.9784908295
0.00332525812826;0.000532699017593;500.999450684;50.9171104431
0.00517341150848;0.000795299326425;500.999633789;75.815612793
0.00714624054701;0.00106411704626;500.999725342;100.673698425
0.00922494185575;0.00133253054217;500.999786377;125.490982056
0.0114192187255;0.00160628430888;500.999816895;150.266967773
0.0137256936596;0.00187995215223;500.999847412;175.000900269
0.0161384447343;0.00215540042598;500.999847412;199.691772461
0.0186542860143;0.00243492642548;500.99987793;224.337905884
0.02127898695;0.00271623775725;500.99987793;248.936447144
0.0239979964787;0.00299944829048;500.999908447;273.481323242
0.0268470646988;0.00328661498037;500.999908447;297.951690674
0.0298900470925;0.00360437449456;500.999908447;322.151916504
0.0330870954735;0.00391772771791;500.999908447;346.198425293
0.0364533903878;0.00424642871822;500.999938965;370.153717041
0.0398950767081;0.00457367885824;500.999938965;394.018310547
0.0434595386986;0.00490539900738;500.999938965;417.792724609
0.047151861584;0.00525108407587;500.999938965;441.47744751
0.0509478677074;0.00559246260785;500.999938965;465.072937012
0.0548690061966;0.00593135528395;500.999938965;488.579681396
6.04160216481e-05;3.73531523401e-05;525.96875;0.999969760437
0.00172166366441;0.000291635096257;525.998779297;25.979511261
0.00356529511208;0.00056997274076;525.999389648;50.921043396
0.00551874702036;0.000850513757587;525.999572754;75.8243560791
0.00761968139386;0.00113603861269;525.999694824;100.689155579
0.00983418820927;0.0014231445357;525.999755859;125.515083313
0.0121646286767;0.00171207449318;525.999816895;150.301635742
0.0146104256548;0.00200223402377;525.999816895;175.048126221
0.0171593582003;0.00229485216806;525.999816895;199.753540039
0.0198271887866;0.0025901350848;525.99987793;224.416305542
0.0226070838144;0.00288625696736;525.99987793;249.033691406
0.0254738196069;0.00319454959879;525.99987793;273.599822998
0.0284976332811;0.00349700786646;525.99987793;298.094665527
0.0317058496839;0.00382888371569;525.99987793;322.330474854
0.0351013018503;0.00415971973466;525.999938965;346.420837402
0.0385885939604;0.0045052676404;525.999938965;370.424041748
0.0422298086226;0.00484215720327;525.999938965;394.340545654
0.0459930585019;0.00518515272439;525.999938965;418.170837402
0.0498532635925;0.00555864953447;525.999938965;441.915344238
0.0538325398893;0.00591019348147;525.999938965;465.574523926
0.0579376564801;0.00629404422455;525.999938965;489.148803711
6.46093411822e-05;4.05630402569e-05;550.965942383;0.999971131172
0.0018355094687;0.000311118209866;550.998718262;25.9804401398
0.00378888401377;0.000607538362186;550.999328613;50.924621582
0.00587303257392;0.000905389633882;550.999572754;75.8323059082
0.00809995631301;0.00120811196528;550.999633789;100.703216553
0.0104369369461;0.00150980411965;550.999755859;125.537002563
0.0129201517765;0.00181894878142;550.999755859;150.333175659
0.0154993711827;0.00212833441552;550.999816895;175.091079712
0.0182025643932;0.00243793517547;550.999816895;199.809753418
0.0210379673988;0.002752105646;550.99987793;224.48765564
0.0239556883671;0.00306531826022;550.99987793;249.122177124
0.0269870727974;0.003385719741;550.99987793;273.707702637
0.0301577445251;0.00370415532248;550.99987793;298.224853516
0.0335417809713;0.00405560518984;550.99987793;322.493225098
0.0370822030889;0.00439522948887;550.99987793;346.623535156
0.0407754431045;0.0047635825515;550.999938965;370.670440674
0.0446150558501;0.00512877521501;550.999938965;394.634338379
0.0485638039615;0.00548625705259;550.999938965;418.515655518
0.0525868348128;0.0058584881829;550.999938965;442.314758301
0.0567651604129;0.00624758351384;550.999938965;466.032073975
0.0611138162643;0.00661865567792;550.999938965;489.668060303
6.87587504692e-05;4.34227861364e-05;575.96295166;0.999972343445
0.00195159540454;0.000331503155112;575.998596191;25.9812889099
0.0040230957203;0.000645665403098;575.999267578;50.9278869629
0.00627188792411;0.000963982782243;575.999511719;75.8395690918
0.00858894332838;0.00128252925599;575.999633789;100.716064453
0.011076917002;0.001606322049;575.999694824;125.557022095
0.0136894920082;0.00193065530876;575.999755859;150.361999512
0.0164127354018;0.0022542762847;575.999816895;175.130340576
0.019269815714;0.00258462104571;575.999816895;199.861099243
0.0222336654287;0.00291421844595;575.999816895;224.552856445
0.0253193443529;0.00324215181528;575.99987793;249.203048706
0.0285239340832;0.00358091722862;575.99987793;273.806274414
0.0318643561886;0.00392630280607;575.99987793;298.343841553
0.0354075981599;0.00428371068106;575.99987793;322.642120361
0.0391550844541;0.00464890714964;575.99987793;346.809082031
0.0430071314412;0.00503032040821;575.99987793;370.896026611
0.0470011286486;0.00539663090851;575.99987793;394.903320312
0.0511337407664;0.00578300410434;575.999938965;418.831359863
0.0553285965634;0.00618411170785;575.999938965;442.680511475
0.0597377338878;0.00658170147759;575.999938965;466.451171875
0.0642687245347;0.00697872607387;575.999938965;490.143707275
7.32083064748e-05;4.49895561057e-05;600.414375965;0.999973503038
0.00207228230876;0.000357226866197;600.496676934;25.9820671082
0.00426518180459;0.000696826711624;600.513654539;50.9308853149
0.00661546116888;0.00103816352903;600.523803711;75.8462295532
0.00910483274601;0.00138187420685;600.531066895;100.727836609
0.0117227141661;0.00172899465993;600.536743164;125.575386047
0.0144763081501;0.00207457377999;600.541442871;150.388427734
0.017358781359;0.002425537127;600.545471191;175.16633606
0.0203640579102;0.00277550030772;600.548950195;199.908218384
0.0234944010178;0.00312948020743;600.552124023;224.61265564
0.0267459542824;0.00348776804304;600.554931641;249.277236938
0.0301265152315;0.00384176227527;600.557495117;273.896759033
0.0336464378939;0.00420907309965;600.559875488;298.453063965
0.0373444572334;0.0045943641369;600.562072754;322.778900146
0.0412598544636;0.00498497510688;600.564147949;346.979522705
0.0453422132453;0.00538586068401;600.566040039;371.103271484
0.0494721387608;0.00579396143277;600.567871094;395.150482178
0.0537463168529;0.00619306816066;600.569580078;419.121520996
0.0581853554198;0.00661342959342;600.571228027;443.016723633
0.0628165391446;0.00703454115244;600.572814941;466.836456299
0.067480618475;0.00742944816343;600.574279785;490.58102417
