eon;eoff;vds;ids;rds_on
-6.46338203466e-09;7.21052041565e-09;0.999931594144;0.0998410582542;0.0159196876827
-4.87243930082e-09;8.17470465476e-09;0.999945893454;0.12564073503;0.015919696302
-3.8326499588e-09;9.17030804494e-09;0.999956683507;0.158090442419;0.0159197062744
-3.6750660244e-09;1.03145661478e-08;0.999965649756;0.198894456029;0.015919733305
-2.16668223279e-09;1.14566644457e-08;0.999972701073;0.250188171864;0.0159197821277
3.03103120119e-10;1.24969174386e-08;0.999978303909;0.314643740654;0.0159198533033
1.94039968473e-09;1.35551708973e-08;0.999982774258;0.395599931479;0.0159199486863
5.18196539526e-09;1.45543912185e-08;0.999986350536;0.497219949961;0.0159200722682
1.18066194339e-08;1.54125222029e-08;0.999989151955;0.624682426453;0.0159202338654
2.02779425765e-08;1.65012135585e-08;0.999991357327;0.784408569336;0.0159204374452
3.39121861936e-08;1.7237781532e-08;0.999993145466;0.9843288064;0.0159206939101
5.40759097286e-08;1.82043061778e-08;0.999994575977;1.23418807983;0.0159210188571
8.40680592413e-08;1.90957346716e-08;0.999995648861;1.54588472843;0.0159214247333
1.31579443719e-07;2.04901718246e-08;0.999996542931;1.93382763863;0.015921931522
2.0233442983e-07;2.24259959608e-08;0.999997258186;2.41528558731;0.015922562288
3.13264480787e-07;2.89494534427e-08;0.999997805698;3.01067781448;0.0159233458961
4.80957979029e-07;4.07284697623e-08;0.999998271465;3.74373459816;0.0159243110797
7.31813178516e-07;5.98613907574e-08;0.999998629093;4.64141082764;0.0159254978095
1.10164346423e-06;8.92286140421e-08;0.999998927116;5.73341035843;0.0159269445837
1.64849644222e-06;1.34294775354e-07;0.999999161019;7.05112981796;0.0159286993473
2.43470485408e-06;2.02926844359e-07;0.999999340153;8.6258354187;0.0159308044036
3.52372148887e-06;2.98475450415e-07;0.999999463558;10.4859027863;0.0159333074002
5.0896122802e-06;4.31858799253e-07;0.999999582767;12.6531066895;0.015936241214
7.16791928376e-06;6.20611062517e-07;0.999999642372;15.138130188;0.0159396324876
9.89177007785e-06;8.82916473595e-07;0.999999701977;17.9358692169;0.0159434830725
1.33410275685e-05;1.18660220298e-06;0.999999761581;21.0214080811;0.0159477749596
1.75614159715e-05;1.59592431691e-06;0.999999821186;24.3478927612;0.0159524512158
2.22194646387e-05;2.04285517705e-06;0.999999880791;27.8473548889;0.0159574307327
2.81378506028e-05;2.74929464238e-06;0.999999880791;31.4351425171;0.0159625994808
3.42383757309e-05;3.38321317799e-06;0.999999940395;35.0175819397;0.0159678286719
4.0212520006e-05;4.08649204808e-06;0.999999940395;38.5015563965;0.015972976427
4.66518717186e-05;4.66001639713e-06;0.999999940395;41.8039207458;0.0159779190807
5.32540910387e-05;5.37134818779e-06;0.999999940395;44.8589057922;0.015982543582
5.91173722548e-05;6.06656111117e-06;0.999999940395;47.6221199036;0.0159867735746
6.44891354984e-05;6.68345255755e-06;1.0;50.0710258484;0.0159905581416
6.82349589043e-05;7.24169947876e-06;1.0;52.2025299072;0.0159938823479
7.37143071419e-05;7.75523295132e-06;1.0;54.0288276672;0.0159967510825
7.72484915207e-05;8.30422747311e-06;1.0;55.5581207275;0.0159991691201
1.01522799705e-07;7.62020948084e-07;25.9975681305;0.0999939344204;0.0157763892987
1.26441334013e-07;2.50483060159e-07;25.9980678558;0.125882685587;0.0161698280179
1.49647660036e-07;3.01517619356e-07;25.9984645844;0.158473822542;0.0160400005164
1.93421295946e-07;5.36233971986e-07;25.9987812042;0.199501857162;0.0159199585211
2.55908236409e-07;5.44762811032e-07;25.9990313787;0.251150012016;0.015919688827
3.12748810966e-07;5.60145756301e-07;25.9992309887;0.316166563842;0.0159126530878
3.8973681382e-07;5.68019822788e-07;25.9993880738;0.398010079527;0.0159339325539
5.14297730573e-07;5.78315285325e-07;25.9995155261;0.501033414869;0.015927853894
6.45744145273e-07;5.84813810958e-07;25.9996139876;0.630713681287;0.0159202085313
8.29565607155e-07;5.9284379495e-07;25.9996939812;0.793942089656;0.0159206263749
1.13249736824e-06;6.08695930205e-07;25.9997540286;0.999388039112;0.0159209810831
1.33808284843e-06;6.05960622147e-07;25.9998067033;1.25795567036;0.0159211492073
1.8474959551e-06;6.27126863231e-07;25.9998462262;1.58335649967;0.0159214765648
2.18496133652e-06;6.36589884045e-07;25.9998779297;1.99282729626;0.015921967684
3.05269799994e-06;7.38255655577e-07;25.9999027252;2.50802826881;0.0159226676751
3.9437426192e-06;8.40167927659e-07;25.9999237061;3.15616512299;0.0159235362847
5.13200135383e-06;9.85437926595e-07;25.9999389648;3.97138810158;0.0159246105094
6.69838776497e-06;1.1938788908e-06;25.9999523163;4.99653339386;0.0159259675567
8.76415415914e-06;1.47776270448e-06;25.999961853;6.28527927399;0.0159276685788
1.14928995492e-05;1.86025975165e-06;25.9999694824;7.90481185913;0.0159298352539
1.52548578661e-05;2.33722372509e-06;25.9999752045;9.93909454346;0.0159325714453
1.99093900777e-05;2.96776412124e-06;25.9999809265;12.4928560257;0.0159360217482
2.80087371178e-05;4.07699554117e-06;25.9999847412;15.6964120865;0.0159403962468
3.7420002363e-05;5.10758144162e-06;25.9999885559;19.7114143372;0.0159459448457
5.25547866202e-05;6.92457444947e-06;25.9999904633;24.7376003265;0.0159530019156
7.23392236181e-05;9.09191061937e-06;25.9999923706;31.0205459595;0.0159619977106
0.000101753661683;1.2615708912e-05;25.999994278;38.8602600098;0.0159735100783
0.000143756372693;1.70067733713e-05;25.9999954259;48.6202583313;0.0159883122385
0.000206159196215;2.35118878242e-05;25.9999961853;60.7363548279;0.0160074631928
0.000293047553763;3.28293214446e-05;25.9999961853;75.7238006592;0.0160324562743
0.000425753235068;4.5259596518e-05;25.9999980927;94.1805596863;0.0160654612534
0.000613570541663;6.41779601361e-05;25.9999980927;116.783004761;0.0161097879631
0.000885177659362;9.08085443603e-05;25.9999980927;144.268325806;0.0161708373044
0.00126983146016;0.000126271390734;25.9999980927;177.393234253;0.0162583534089
0.00182104293027;0.000178465009122;25.9999985104;216.845733643;0.0163930417796
0.00258575013331;0.000248672002061;26.0;263.011932373;0.0166356077857
0.0036808225674;0.000350476246835;26.0;313.020446777;0.017752619624
0.00518873931455;0.000499450123195;26.0;358.759643555;0.0204719184263
2.35736639187e-07;1.6354590127e-07;50.9939537048;0.0999968630478;0.016002765879
2.92020768191e-07;3.19338687378e-07;50.9951972961;0.125887287171;0.0169179998954
3.79591102718e-07;5.73767038565e-07;50.9961853027;0.15848143421;0.016011006625
4.77703172572e-07;9.11376691985e-07;50.9969711304;0.199513767492;0.0159718076773
5.85594081401e-07;1.30259165673e-06;50.997592926;0.251168521725;0.0162684018008
7.73188324239e-07;1.3237479027e-06;50.9980888367;0.316196573547;0.0159055585029
9.65752542259e-07;1.35267701146e-06;50.9984817505;0.398057839856;0.015875639787
1.22685020017e-06;1.3734869545e-06;50.9987937775;0.501108825207;0.0159225992521
1.54257928296e-06;1.38200678069e-06;50.9990416399;0.630832860711;0.015950210066
1.95408406553e-06;1.39478110256e-06;50.9992395116;0.79413132581;0.0159188510643
2.4956039191e-06;1.40634299977e-06;50.9993973188;0.999687937314;0.0159193848257
3.17337707913e-06;1.4155954773e-06;50.9995223109;1.25843083595;0.0159211011553
3.95313488786e-06;1.42049453033e-06;50.9996161295;1.58410942554;0.015921492185
5.08777865946e-06;1.49224818198e-06;50.9997012122;1.99402022362;0.0159218210601
6.50042759004e-06;1.63476833415e-06;50.9997575672;2.50991797842;0.0159229698289
8.19764678552e-06;1.83702054595e-06;50.9998092651;3.15915846825;0.0159235796948
1.0739980161e-05;2.17830278127e-06;50.9998474121;3.97612905502;0.0159246577072
1.39504791701e-05;2.62308378323e-06;50.9998779297;5.00404071808;0.0159259692007
1.81534343615e-05;3.22597185622e-06;50.9999046326;6.29716491699;0.0159276917798
2.3344943743e-05;4.05452617085e-06;50.9999237061;7.92362308502;0.0159298653469
3.03877119734e-05;5.05385731104e-06;50.9999389648;9.96885681152;0.0159326023942
3.96509552799e-05;6.35475160467e-06;50.9999504089;12.5399246216;0.0159360878547
5.14692256043e-05;7.89711865483e-06;50.999961853;15.770807571;0.0159405043898
6.83525209173e-05;1.03444680177e-05;50.9999694824;19.828918457;0.0159461008949
9.24668800507e-05;1.36285384307e-05;50.9999771118;24.923034668;0.0159532647773
0.000123718062419;1.77703279007e-05;50.9999809265;31.3128547668;0.0159624231632
0.000166682770465;2.27879075583e-05;50.9999847412;39.3204116821;0.0159741961778
0.000231357838745;3.0637147105e-05;50.9999885559;49.3433837891;0.0159894306033
0.000322358740304;4.16085543705e-05;50.9999904468;61.8703155518;0.0160093020759
0.000447248347876;5.53120497943e-05;50.9999923706;77.4972991943;0.0160355142681
0.00063128986276;7.54765689365e-05;50.9999923706;96.9451522827;0.0160706386486
0.000893870241838;0.000101512170206;50.9999961853;121.07510376;0.0161187590591
0.00127424234534;0.000140552720871;50.9999961853;150.898635864;0.0161869793169
0.00182273718276;0.000194076956349;50.9999961853;187.572570801;0.0162892784173
0.00258990794427;0.0002675234381;50.9999961853;232.351715088;0.0164601750926
0.00376593733864;0.000379144498608;50.9999982677;286.315917969;0.0168487512657
0.00567997775102;0.000558102341468;51.0;344.979980469;0.0197284605602
0.00837716639204;0.000809588056074;51.0;408.81262207;0.0227515312065
3.95562302034e-07;1.77984109394e-07;75.9890899658;0.0999979230897;0.0158041320838
5.01266537387e-07;3.58396019862e-07;75.9913330078;0.125889356309;0.0152948086558
6.34030846003e-07;7.16912278447e-07;75.9931182861;0.158484238781;0.0153625858303
8.07368530309e-07;1.320344032e-06;75.9945297241;0.199517877371;0.0159456782559
1.00045783354e-06;2.27478136295e-06;75.9956588745;0.251175798538;0.0154651057483
1.2831207748e-06;2.23776832792e-06;75.9965515137;0.316207076903;0.0157315302448
1.6041689691e-06;2.26755951602e-06;75.9972610474;0.398074518929;0.0156579428546
2.0591831749e-06;2.31396602029e-06;75.9978256226;0.501134377946;0.0159883330023
2.56968114191e-06;2.33531317695e-06;75.9982754095;0.630873615572;0.0159838651429
3.24349595179e-06;2.34553980435e-06;75.998626709;0.794196069241;0.0159204299362
4.20987277609e-06;2.36733634499e-06;75.9989089966;0.999790559726;0.0159199066002
5.25417208316e-06;2.37557101443e-06;75.9991331076;1.25859325141;0.0159301583127
6.70429592101e-06;2.39589232539e-06;75.9993190712;1.58436705802;0.015924702134
8.49629140666e-06;2.49889076414e-06;75.9994504624;1.99442870451;0.0159208004584
1.08435216316e-05;2.7344533613e-06;75.9995591867;2.5105650638;0.0159235968273
1.38263031451e-05;3.11201933877e-06;75.9996558065;3.16018439407;0.0159186732564
1.77014835782e-05;3.64482870084e-06;75.9997253418;3.97775363922;0.0159245818719
2.2539511787e-05;4.3800650967e-06;75.9997807824;5.00661420822;0.0159259769745
2.88145693323e-05;5.32145922103e-06;75.9998245239;6.30124092102;0.015927661178
3.68127947683e-05;6.53869175365e-06;75.9998626709;7.93007915351;0.0159298817467
4.73914943624e-05;8.16294254068e-06;75.9998931885;9.9790802002;0.0159326237297
6.22640680709e-05;1.04414458227e-05;75.9999160767;12.5561084747;0.0159361039268
8.1003786133e-05;1.32429553446e-05;75.9999313354;15.796421051;0.0159405329455
0.000105993290807;1.68215764232e-05;75.9999465942;19.8694419861;0.0159461636301
0.000139077267843;2.14634677676e-05;75.9999542236;24.9871139526;0.0159533432116
0.000184797721098;2.7792789829e-05;75.999961853;31.4141292572;0.0159625691424
0.000246062852227;3.60364501172e-05;75.9999694824;39.4803543091;0.0159744353833
0.000331592165032;4.69200328456e-05;75.9999771118;49.5957565308;0.0159898193862
0.000451785900337;6.18435772718e-05;75.9999847412;62.2680931091;0.0160099503023
0.000617817194723;8.1165873592e-05;75.9999847412;78.1233978271;0.0160366032492
0.000853735892179;0.00010869616014;75.9999923706;97.9289932251;0.0160724960998
0.00118779103049;0.00014538443897;75.9999923706;122.617927551;0.0161220320021
0.00166678994614;0.000197215895828;75.9999923706;153.312164307;0.0161930101331
0.00235793811709;0.000265659707294;75.9999923706;191.337646484;0.0163013039132
0.00335479061164;0.00036282963561;75.9999923706;238.207183838;0.0164885386617
0.00482156525359;0.000502707497522;76.0;295.360198975;0.0169798310675
0.00732874358343;0.000742265910144;76.0;359.486114502;0.0205095331428
0.0109081622939;0.00106640928878;76.0;432.671386719;0.0236529362045
5.85213616414e-07;2.08787977494e-07;100.982978821;0.0999983789076;0.0163905494058
7.32874958935e-07;4.19536510256e-07;100.986480713;0.1258899113;0.0167293225428
9.33303449208e-07;8.39458622062e-07;100.989257812;0.158485416061;0.0156941024096
1.17455025867e-06;1.31774416932e-06;100.991470337;0.199520060913;0.0156481109432
1.47368617614e-06;1.86325438554e-06;100.993225098;0.251178368981;0.0164306146422
1.8467370947e-06;3.26923898685e-06;100.994613647;0.316211998463;0.015917477917
2.35020176717e-06;3.2336333605e-06;100.995720619;0.39808202802;0.0160261277636
2.99852383607e-06;3.36748835972e-06;100.996604919;0.501148227034;0.0156812128023
3.79217788014e-06;3.42616144883e-06;100.997299194;0.630893918131;0.0160925181852
4.76160142787e-06;3.44508368444e-06;100.99785614;0.794228133321;0.0160250740902
6.04403511705e-06;3.4621172525e-06;100.998298645;0.999842276727;0.0159336489669
7.63326649118e-06;3.47406573502e-06;100.998649372;1.25867557526;0.0159209230991
9.83829059328e-06;3.51195879599e-06;100.998920426;1.58449733257;0.0159229938233
1.2416336357e-05;3.66757320714e-06;100.999138797;1.99463486671;0.0159219913876
1.56270798909e-05;3.97016023078e-06;100.999328143;2.51089215279;0.0159225079286
1.96953134924e-05;4.46721908941e-06;100.999460822;3.16070176446;0.0159237806527
2.52884903862e-05;5.28232712621e-06;100.999572754;3.97857437668;0.0159246367502
3.24724840343e-05;6.40020829204e-06;100.999659711;5.00791668691;0.0159181713554
4.13850000704e-05;7.7838286142e-06;100.999732971;6.30330117699;0.015928097416
5.23135024468e-05;9.44487707171e-06;100.999786377;7.93334341049;0.0159298845398
6.81590649375e-05;1.20228601612e-05;100.999832153;9.98425006866;0.0159326261372
8.73892450533e-05;1.49522904234e-05;100.999862671;12.5642967224;0.0159361437955
0.000113106675231;1.88003956943e-05;100.999893188;15.8093862534;0.0159405564736
0.000148571884937;2.41704847003e-05;100.999916077;19.8899669647;0.0159461947665
0.000190670611354;3.03315243394e-05;100.999931335;25.0195960999;0.0159534011622
0.000253296264836;3.92919947929e-05;100.999946594;31.4655170441;0.015962642709
0.000334456484383;5.05737501642e-05;100.999954224;39.5616111755;0.0159745573622
0.000445052596003;6.56085974197e-05;100.999969482;49.7241783142;0.0159900236508
0.000590928288952;8.39419234002e-05;100.999969482;62.4709129333;0.0160102761495
0.000803723138675;0.000110597356152;100.999977112;78.4434432983;0.0160371570454
0.00109777155345;0.000145569216108;100.999984741;98.4335021973;0.016073451014
0.00149696543235;0.000189604612888;100.999984741;123.412254333;0.0161237263916
0.00208899087523;0.000254876532111;100.999992371;154.561141968;0.0161961637673
0.00291775435922;0.000342249012668;100.999992371;193.298919678;0.0163077048139
0.00411328931812;0.000459564472863;100.999992371;241.284790039;0.0165042380116
0.00584424430837;0.000621522277217;100.999992371;300.177215576;0.0170778529646
0.0088703276726;0.000915478843348;100.999992371;367.769561768;0.0209279627009
0.0131929530179;0.00131054412078;101.0;446.634063721;0.0241359058626
7.9381063076e-07;2.70983185772e-07;125.975616455;0.0999987512111;0.015764484079
1.00265346186e-06;4.48845544405e-07;125.980628967;0.125890538096;0.0159057642357
1.26322238484e-06;1.21302394624e-06;125.984611511;0.158486185039;0.0157207545168
1.58383817291e-06;1.77125513794e-06;125.98777771;0.199521084209;0.0162814882398
2.01070942571e-06;1.98958319301e-06;125.990287781;0.251180566646;0.0161079901248
2.51490745444e-06;4.57873662468e-06;125.992286682;0.316215135466;0.015928468806
3.19287833804e-06;4.55110984311e-06;125.993873596;0.398087192848;0.0158809500118
4.04326524642e-06;4.55277003794e-06;125.995132446;0.501155818171;0.0157623406449
5.12059675398e-06;4.62966263227e-06;125.996138541;0.63090702549;0.0159213612624
6.45248567617e-06;4.66613321929e-06;125.99692837;0.79424922051;0.0157805389074
8.21229857783e-06;4.68880910915e-06;125.997565942;0.999873638153;0.0159206055976
1.03550501082e-05;4.70526997041e-06;125.998065487;1.25872496204;0.0159421865284
1.31880759675e-05;4.75210160171e-06;125.998452653;1.58457597934;0.0159142274021
1.65216862299e-05;4.90551924704e-06;125.998779612;1.99475949046;0.0159189366481
2.12397985542e-05;5.42026175933e-06;125.999030028;2.51108932495;0.0159220303174
2.67386794221e-05;6.15390556482e-06;125.999228921;3.16101449093;0.0159229149577
3.37698115566e-05;7.10146856462e-06;125.999384057;3.97906953561;0.0159249526471
4.30638045358e-05;8.60396188804e-06;125.999513321;5.00869941711;0.015925871696
5.46173879396e-05;1.03885988266e-05;125.999610901;6.30454492569;0.0159276841446
7.01169642001e-05;1.27408514101e-05;125.999694824;7.93531322479;0.0159298618759
8.93148740513e-05;1.57910326267e-05;125.999755859;9.9873714447;0.0159326553863
0.000115710294636;1.99976789362e-05;125.999809265;12.5692405701;0.0159361469429
0.000148480220465;2.50440913669e-05;125.999847412;15.8172168732;0.0159405200813
0.000193722863662;3.19853286279e-05;125.99987793;19.9023666382;0.0159462130839
0.000250777114834;4.06194449836e-05;125.999900818;25.0392284393;0.0159534313656
0.000328353674009;5.19683789116e-05;125.999923706;31.4965934753;0.0159626872084
0.000430916199554;6.66516232476e-05;125.999938965;39.6107902527;0.0159746292598
0.000567044202053;8.53111021131e-05;125.999954224;49.8019638062;0.0159901428738
0.000754284641235;0.000110000769105;125.999961853;62.5938949585;0.0160104809597
0.00100908548605;0.000142184280494;125.999969482;78.6377716064;0.0160374953848
0.00136197509929;0.000186542808125;125.999977112;98.7403488159;0.0160740348502
0.00186167436586;0.000244268324847;125.999977112;123.896446228;0.0161247629601
0.00254145411489;0.000320272857958;125.999984741;155.324615479;0.0161981039637
0.00351584924178;0.000423685556703;125.999984741;194.502197266;0.0163116790684
0.0049120965973;0.000564243460819;125.999992371;243.182571411;0.0165142150325
0.00695589280677;0.000754102120922;125.999992371;303.17098999;0.0171600592648
0.0104223567107;0.00109769972394;125.999992371;373.127227783;0.0211887251073
0.0153902275529;0.0015685776075;125.999992371;455.800170898;0.0244369222719
1.02525344032e-06;2.1693609942e-07;150.966995239;0.0999989560599;0.015768392292
1.28172225046e-06;4.16484357851e-07;150.9737854;0.125890965967;0.0150624165824
1.62104995161e-06;8.2797846569e-07;150.979171753;0.158486589205;0.016444032765
2.03771034315e-06;1.74532782899e-06;150.983459473;0.199521972464;0.0161534607036
2.59386286763e-06;3.16548807619e-06;150.986862183;0.25118199648;0.0159036148991
3.2621855142e-06;4.04892101783e-06;150.989562988;0.316217331829;0.0157407659682
4.12733464968e-06;5.67985849118e-06;150.991714478;0.398090318803;0.0160448503677
5.18748436836e-06;5.89288265726e-06;150.993419494;0.501161008865;0.015778029178
6.5745138278e-06;5.95034560319e-06;150.994766235;0.630915425823;0.0158998092859
8.33670496319e-06;6.00127491865e-06;150.995849609;0.794261589523;0.0159463135342
1.04888902983e-05;6.02988389694e-06;150.996704102;0.999894657363;0.015910597577
1.32460471943e-05;6.04621059779e-06;150.997375488;1.25875867508;0.0158857308998
1.68251519897e-05;6.09418497218e-06;150.997924602;1.58462829544;0.0159243289141
2.1246798523e-05;6.36032355941e-06;150.998349224;1.9948427418;0.0159183581487
2.70299890248e-05;6.95318581531e-06;150.998681269;2.51122118666;0.0159244042693
3.41088675982e-05;7.87167626328e-06;150.998959806;3.16122341156;0.015924173601
4.33831518533e-05;9.17420346022e-06;150.999175734;3.9794015172;0.0159192218012
5.48110428733e-05;1.09682498799e-05;150.999343872;5.00922438365;0.0159261149004
7.03983599407e-05;1.33863096517e-05;150.999481201;6.30537700653;0.015927724834
8.94192774127e-05;1.65157555986e-05;150.999588013;7.93663167953;0.0159298269952
0.00011459143613;2.04099431221e-05;150.999664307;9.98945999146;0.0159326654849
0.000146802044894;2.5546423903e-05;150.999740601;12.5725498199;0.0159360859055
0.000187323046747;3.19546504981e-05;150.999786377;15.8224592209;0.0159405782539
0.000243788350848;4.07722464111e-05;150.999832153;19.9106693268;0.0159462261086
0.000312205887711;5.10386025996e-05;150.999862671;25.0523796082;0.0159534422808
0.000407548386615;6.54034367692e-05;150.999893188;31.5174160004;0.0159627190027
0.000532875663895;8.34953996668e-05;150.999923706;39.6437492371;0.0159746790555
0.000697715129706;0.000106302336316;150.999938965;49.8541297913;0.0159902203675
0.000923915186949;0.000137376814127;150.999954224;62.6764259338;0.0160106123823
0.00122157686888;0.000175412174793;150.999954224;78.7682876587;0.0160377218825
0.00164177898445;0.000230052912695;150.999969482;98.9466781616;0.0160744273777
0.00220157864741;0.000293775813167;150.999969482;124.222465515;0.0161254627555
0.00302165935061;0.000389131880861;150.999984741;155.839599609;0.0161994177839
0.00414253206057;0.000510168088953;150.999984741;195.315750122;0.0163143872607
0.00575241191537;0.000675231365578;150.999984741;244.469894409;0.016521120515
0.00808984825478;0.000907163524662;150.999984741;305.21105957;0.0172356997406
0.0120080912346;0.00129044157406;150.999984741;376.876586914;0.0213668075375
0.0176463248193;0.00180276849521;151.0;462.279083252;0.0246425100547
1.26001319299e-06;2.37889748248e-07;175.957138062;0.0999990942902;0.0159595966959
1.58969936759e-06;3.86007063892e-07;175.965957642;0.125891104341;0.0159252795013
2.00255199569e-06;8.72863835304e-07;175.972961426;0.1584870915;0.0155672028772
2.53759070663e-06;1.93147982098e-06;175.978515625;0.199522630119;0.0159166415267
3.18927820514e-06;3.57401293926e-06;175.982940674;0.251182934548;0.0159452884632
4.01954223612e-06;4.5809071158e-06;175.986450195;0.316218684993;0.0159781763904
5.06612699061e-06;6.29128505398e-06;175.989227295;0.398092735476;0.0160332011612
6.36457654231e-06;7.05429695511e-06;175.991446171;0.501164430093;0.0159668167021
8.11336121255e-06;7.36269220987e-06;175.993209839;0.630921466045;0.0158707615989
1.02324204896e-05;7.44256867344e-06;175.994598389;0.794271866032;0.0157284987464
1.29976701088e-05;7.47917736124e-06;175.99571228;0.999909580607;0.015913845006
1.62841129618e-05;7.49200660603e-06;175.99659729;1.25878194052;0.0159380597425
2.05207536648e-05;7.50010698133e-06;175.997288057;1.58466482991;0.015999585047
2.62368621952e-05;7.88469847773e-06;175.997857865;1.994901616;0.0159493366201
3.31506369361e-05;8.59626399153e-06;175.998294952;2.51131572428;0.0159217295665
4.19988042739e-05;9.74610147651e-06;175.998653262;3.16137305923;0.015924927662
5.33370704197e-05;1.13224847633e-05;175.998917737;3.97963792946;0.0159278418192
6.72791972428e-05;1.35168706364e-05;175.999138754;5.00960047817;0.0159259660407
8.62891472453e-05;1.66168268488e-05;175.999326508;6.30597257614;0.0159277079884
0.000108807296505;2.01919840488e-05;175.999465942;7.93757581711;0.0159298314629
0.000140492055106;2.5276029926e-05;175.999572754;9.99095535278;0.0159326582978
0.000179098050525;3.14486429119e-05;175.999664307;12.5749197006;0.015936128107
0.000230837929182;3.98015850096e-05;175.999725342;15.8262138367;0.0159405905441
0.000294643776356;4.94576381034e-05;175.999786377;19.9166183472;0.0159462472817
0.000382974656728;6.32656460918e-05;175.999832153;25.0618019104;0.0159534560586
0.00049549130869;8.01855637574e-05;175.999862671;31.5323390961;0.0159627309177
0.000642546537689;0.000101571264149;175.999893188;39.6673812866;0.0159747140028
0.000839483209344;0.000129691866785;175.999908447;49.891544342;0.0159902829605
0.00110290115867;0.000165595204616;175.999938965;62.7356441431;0.0160107086515
0.00145645533576;0.0002125395464;175.999938965;78.8619995117;0.0160378856492
0.00193848355059;0.000273832127137;175.999954224;99.0949325562;0.0160747078624
0.00261148535536;0.000355668691228;175.999969482;124.456947327;0.0161259661955
0.00352979555079;0.000462806777162;175.999969482;156.21043396;0.0162003669484
0.00481965127642;0.00060091825769;175.999984741;195.902542114;0.0163163513582
0.00663482136403;0.000790518510027;175.999984741;245.400558472;0.0165261812368
0.00927076059251;0.0010533283506;175.999984741;306.687561035;0.0173130517915
0.0136311311427;0.00147320176901;175.999984741;379.64730835;0.0214961523584
0.0199210856771;0.00205277298688;175.999984741;467.101409912;0.0247918435992
1.52624204607e-06;2.31589902087e-07;200.946029663;0.0999992131394;0.0158281525611
1.92332994785e-06;3.5063603295e-07;200.957122803;0.125891283154;0.0159299685672
2.42643869764e-06;9.43544555158e-07;200.965942383;0.158487316439;0.0160139736815
3.04380788936e-06;2.06723045347e-06;200.972946167;0.199523076415;0.015921251381
3.842898981e-06;3.39650927022e-06;200.978515625;0.251183654004;0.0159008458625
4.8437563605e-06;6.00305025649e-06;200.982925415;0.316219855713;0.015887050678
6.12459773294e-06;7.25229330759e-06;200.986434937;0.398094624281;0.0159211563378
7.74559808963e-06;8.72421787809e-06;200.989227295;0.501167322057;0.0159461982682
9.7683494718e-06;8.86356599192e-06;200.991439819;0.630925731393;0.0159510150474
1.23229390147e-05;8.98707995075e-06;200.993209839;0.794278115768;0.0159609329524
1.56275124165e-05;9.03794568239e-06;200.994598389;0.99992080007;0.0159235940267
1.97380161118e-05;9.06362489626e-06;200.99571228;1.25879968663;0.0159490840841
2.49076397418e-05;9.10905747671e-06;200.99659729;1.58469485291;0.0158751576515
3.14372639105e-05;9.51617630047e-06;200.997295398;1.99494716917;0.015915770061
3.98572417658e-05;1.03689300855e-05;200.99785355;2.51138564423;0.0159538269923
5.04484021915e-05;1.17007755879e-05;200.998283533;3.16148503198;0.0159348306106
6.34497646026e-05;1.36037127538e-05;200.99863097;3.97981707702;0.0159166149233
8.0828950396e-05;1.62789535903e-05;200.998919314;5.00988292694;0.0159259050856
0.000103100465802;1.97966075276e-05;200.999145508;6.30642032623;0.0159281441176
0.00013145985302;2.44676077171e-05;200.999322717;7.93828487396;0.0159298763807
0.000167595431894;3.02341369514e-05;200.999465942;9.9920797348;0.0159326159499
0.000213567697243;3.76893669233e-05;200.999572754;12.5766980296;0.0159400986256
0.0002728175143;4.70247360032e-05;200.999664307;15.829035759;0.0159405687004
0.000349411178871;5.90933059681e-05;200.999725342;19.9210891724;0.0159462245655
0.000452288803699;7.5197974164e-05;200.999786377;25.0688838959;0.0159534634272
0.000584491290559;9.51887239844e-05;200.999832153;31.5435581207;0.0159627567376
0.000758807385407;0.000120688306896;200.999862671;39.6851539612;0.0159747423751
0.000988992056279;0.000153852975723;200.999893188;49.9196853638;0.0159903231937
0.00129566840828;0.000196113269656;200.999908447;62.7802047729;0.0160107847716
0.00170546047883;0.000251865381473;200.999938965;78.9325485229;0.0160380089425
0.00225028675657;0.000320640940111;200.999938965;99.2065963745;0.0160749202581
0.00302038537187;0.000417671539339;200.999954224;124.63368988;0.0161263461614
0.0040657544858;0.000539372517947;200.999969482;156.490219116;0.0162010827129
0.00551895261673;0.000700539104288;200.999969482;196.345779419;0.0163178400059
0.00756605693492;0.000913325915985;200.999984741;246.104736328;0.0165300523795
0.0105198219238;0.00120439227701;200.999984741;307.805786133;0.017391357221
0.0153170234784;0.00167542252637;200.999984741;381.778320312;0.0215943585277
0.0221959449084;0.00230234492913;200.999984741;470.830505371;0.0249052297926
1.79919956177e-06;2.02649216374e-07;225.933670044;0.0999992972569;0.015921569868
2.26619574568e-06;4.51051222701e-07;225.947311401;0.125891426662;0.0159039769973
2.84290253868e-06;9.32586549727e-07;225.958145142;0.158487506702;0.0163131778993
3.60092220163e-06;2.14485728303e-06;225.966751099;0.199523421024;0.0159536386089
4.5328141598e-06;3.69496511145e-06;225.973587036;0.251184215164;0.0158525778427
5.72956422675e-06;6.11509502532e-06;225.979019165;0.316220721595;0.0159057181589
7.22827980214e-06;7.92967208615e-06;225.983337402;0.398096006791;0.015924938045
9.10178250861e-06;1.03720293028e-05;225.986767855;0.501169546323;0.0159334191361
1.14685890735e-05;1.05374076357e-05;225.989486694;0.630929310707;0.0159277771252
1.4445871081e-05;1.06212784726e-05;225.991653442;0.794284387635;0.0157145293698
1.83547342075e-05;1.06942830806e-05;225.993362427;0.999929467816;0.0159399189906
2.31305294126e-05;1.07226812275e-05;225.994720896;1.25881360248;0.0159411151907
2.92820662752e-05;1.07876506593e-05;225.995805659;1.58471614288;0.0159324907247
3.70022629209e-05;1.12821588509e-05;225.996673584;1.99498161292;0.0159378796366
4.68522520315e-05;1.22478481164e-05;225.997359565;2.51144194603;0.0159235668301
5.92665769649e-05;1.38730694696e-05;225.997906125;3.16157334538;0.0159199713236
7.52584504498e-05;1.61623160893e-05;225.998351619;3.97995619087;0.0159120088095
9.52726691898e-05;1.91950466077e-05;225.99867818;5.01010292685;0.0159262918606
0.000121170202006;2.34610273822e-05;225.9989611;6.30677080446;0.0159172938475
0.000154078086857;2.8623794958e-05;225.999160767;7.93883752823;0.0159298446094
0.000196639220721;3.53855631375e-05;225.999330907;9.99295520782;0.0159325977132
0.000250998855102;4.43022890875e-05;225.999465942;12.5780892842;0.015934894765
0.000320152544614;5.5546719919e-05;225.999588013;15.831234624;0.0159408604378
0.0004110401781;6.97372228314e-05;225.999664307;19.924571991;0.0159462531811
0.000528312348328;8.79808586283e-05;225.999740601;25.0744037628;0.0159534911732
0.000675486601213;0.000110391959313;225.999786377;31.5523019998;0.0159627761817
0.000878383317081;0.000140374660053;225.999832153;39.699005127;0.0159747644256
0.00114431380494;0.0001792492751;225.999862671;49.9416275024;0.0159903622326
0.00149360816717;0.000227433441194;225.999893188;62.8149528503;0.0160108387682
0.00196584323652;0.000291879838216;225.999923706;78.9875717163;0.0160381063744
0.00259242892737;0.00037485519754;225.999938965;99.2937393188;0.0160750853144
0.00343170121242;0.000475957284931;225.999954224;124.771682739;0.0161266426477
0.00462422473633;0.000619686544213;225.999954224;156.708816528;0.0162016438254
0.00625267388438;0.000801478416931;225.999969482;196.69241333;0.016319006698
0.00853013009134;0.00104026743417;225.999969482;246.656143188;0.0165331071286
0.0118075383322;0.00137246838218;225.999984741;308.689117432;0.0174534113518
0.017047821138;0.0018722632244;225.999984741;383.468231201;0.0216714640666
0.0245825160479;0.00259021576591;225.999984741;473.800262451;0.0249942582316
2.08509061066e-06;2.37133171044e-07;250.920059204;0.09999936754;0.0158882634186
2.62504899256e-06;4.64763887773e-07;250.93649292;0.125891536474;0.0159070382343
3.30681452493e-06;1.00049213708e-06;250.949554443;0.158487722278;0.0159002130015
4.17323759929e-06;2.43463708137e-06;250.95993042;0.199523702264;0.0159244437894
5.24659161591e-06;3.74011112429e-06;250.968170166;0.251184642315;0.0159323168468
6.63094488157e-06;6.10757358581e-06;250.974716187;0.316221415997;0.0159256970348
8.38374618016e-06;9.23660820154e-06;250.979919434;0.398097127676;0.015919569843
1.0552423943e-05;1.16987950838e-05;250.984039307;0.501171321443;0.0159194903694
1.3312111261e-05;1.20775333193e-05;250.987334246;0.630932092667;0.0159204357721
1.68133123851e-05;1.23448748666e-05;250.989929199;0.794288195113;0.0159310451155
2.1230719147e-05;1.24474258847e-05;250.992004395;0.999936438864;0.0159603018861
2.6843887301e-05;1.24933909635e-05;250.993652344;1.25882485172;0.0159354814891
3.38686812599e-05;1.25652227508e-05;250.994961817;1.58473388047;0.0159171580274
4.29046433961e-05;1.31393475715e-05;250.995987503;1.99500962117;0.0159319826609
5.42295762829e-05;1.42863287441e-05;250.996821303;2.51148643217;0.0159170383592
6.8581049317e-05;1.61118625165e-05;250.997480095;3.16164471793;0.0158916835989
8.65928230918e-05;1.86161980387e-05;250.997972066;3.98006562704;0.0159373210957
0.00011021105966;2.23585198805e-05;250.998402719;5.01027891571;0.0159261470297
0.000140053194656;2.70732591271e-05;250.998719707;6.30704944873;0.01592057261
0.000177976342105;3.3143203647e-05;250.99899292;7.93928003311;0.0159298774923
0.000226328671567;4.110943216e-05;250.999205351;9.99365767196;0.0159291641635
0.000289473431718;5.11193551346e-05;250.999359131;12.579199791;0.0159361379363
0.000369132946299;6.40411932996e-05;250.99949646;15.8329954147;0.0159405932714
0.000472256387501;8.05213866274e-05;250.999603271;19.927362442;0.0159462462032
0.000606514206754;0.000101505529194;250.999679565;25.0788249969;0.0159534849511
0.000780745688004;0.000128101899481;250.999740601;31.5593070984;0.0159627808345
0.00100876620448;0.000162178345778;250.999801636;39.7101020813;0.0159747773883
0.00130775262673;0.000205709100985;250.999847412;49.9592094421;0.015990384879
0.00170378136533;0.000261584899758;250.99987793;62.8428077698;0.0160108855182
0.00223055837806;0.000333633396956;250.999893188;79.0316925049;0.0160381840794
0.00294154333966;0.000425884090221;250.999923706;99.3636322021;0.0160752184548
0.00389713846386;0.000546441490886;250.999938965;124.882408142;0.0161268825434
0.00520847475824;0.000702402938821;250.999954224;156.884307861;0.0162020951378
0.00701576270248;0.00090572396308;250.999954224;196.970901489;0.0163199487884
0.00952228649329;0.0011692581087;250.999969482;247.099639893;0.0165355810335
0.013133716909;0.00153613206995;250.999969482;309.404754639;0.0175034228799
0.0188306268806;0.00208594573412;250.999984741;384.841186523;0.0217336091239
0.0269995822465;0.00284600837825;250.999984741;476.221191406;0.0250660136749
2.3867532876e-06;2.02041058005e-07;275.905212402;0.0999994264896;0.0158993332075
3.00853082376e-06;3.63468655674e-07;275.924682617;0.125891625881;0.0159108252545
3.78504848775e-06;1.076566064e-06;275.940185547;0.158487871289;0.0159289227174
4.77075215648e-06;2.0364780608e-06;275.952484131;0.19952393966;0.0158924179222
5.99608292806e-06;3.85234481731e-06;275.962249756;0.251184976762;0.0159896752808
7.57009961247e-06;6.47772280629e-06;275.970014483;0.316221991351;0.0159399765226
9.56714638274e-06;9.84759767531e-06;275.976196289;0.398098023697;0.0159458787039
1.19802015948e-05;1.24354755714e-05;275.981079102;0.501172750539;0.0159202899612
1.52406401579e-05;1.39640216504e-05;275.984985352;0.630934375056;0.0159354516321
1.92559107908e-05;1.41382293005e-05;275.988067627;0.794291806045;0.0159285699431
2.42354582058e-05;1.43035320252e-05;275.990509033;0.999942323056;0.0159237519784
3.06864113492e-05;1.4356087101e-05;275.992462158;1.25883397796;0.015925431594
3.86986831305e-05;1.44406872588e-05;275.994018555;1.58474848624;0.0158986886289
4.89760520142e-05;1.50865301498e-05;275.995239258;1.99503273598;0.0159155258753
6.18426489816e-05;1.63976415696e-05;275.99621582;2.51152249031;0.0159206057836
7.8260039377e-05;1.84516883642e-05;275.996983911;3.16170078671;0.0159238962832
9.92894524464e-05;2.14697103839e-05;275.997619629;3.98015847097;0.0159079993293
0.000125867263948;2.55616294735e-05;275.99810791;5.0104235777;0.0159246616475
0.000159355179289;3.09281718884e-05;275.998497753;6.30727672577;0.0159276762962
0.000202545743068;3.79195526473e-05;275.998809814;7.93964242935;0.0159299027399
0.000254742578677;4.65787688284e-05;275.999053955;9.99423027039;0.0159326823178
0.000328385900584;5.82913135169e-05;275.999237061;12.5801095963;0.0159361777365
0.000419947257915;7.29065045098e-05;275.999389648;15.834438185;0.015939660575
0.000536694698643;9.1828989178e-05;275.999511719;19.9296488252;0.0159461110249
0.000688475444121;0.00011539485773;275.999633789;25.082447052;0.0159534925436
0.000884704028116;0.000145720867617;275.999694824;31.5650463104;0.0159627852319
0.00114071549272;0.00018442317223;275.999755859;39.7191963196;0.0159747906028
0.00147837394091;0.000233237803263;275.999816895;49.973613739;0.0159904136997
0.00192100254731;0.000296148160298;275.999847412;62.8656311035;0.0160109212184
0.00251028963349;0.000377123874365;275.99987793;79.0678634644;0.0160382445835
0.00330139834095;0.000481739775434;275.999908447;99.4209365845;0.0160753279738
0.00436438604028;0.000614804054672;275.999938965;124.973228455;0.0161270768685
0.00581050014517;0.000791839149667;275.999938965;157.028320312;0.0162024642035
0.00780295886732;0.0010161371619;275.999938965;197.199554443;0.0163207231866
0.0105682396764;0.00131076119023;275.999969482;247.464065552;0.0165376263927
0.0145150119032;0.00171396395624;275.999969482;309.996307373;0.0175445892969
0.0206782313579;0.00231001331233;275.999969482;385.978668213;0.0217847608693
0.0294922373583;0.00312362354188;275.999969482;478.232543945;0.0251250795751
2.68636061247e-06;1.69000374084e-07;300.889099121;0.0999994724989;0.0159542016931
3.39105148101e-06;4.53246085064e-07;300.911895752;0.125891700387;0.0159192734334
4.26844400721e-06;1.05714506347e-06;300.930023193;0.158487990499;0.0159058627703
5.37973776743e-06;2.04250519512e-06;300.944396973;0.199524124034;0.0159240797833
6.78327392872e-06;4.63296119781e-06;300.955841064;0.251185297966;0.0159234872652
8.55342738136e-06;7.82181511593e-06;300.964935303;0.31622248888;0.01591823401
1.07892498575e-05;1.16460049494e-05;300.972137451;0.398098795498;0.0158981759327
1.36253597679e-05;1.3648139104e-05;300.977874756;0.501173956977;0.015902513148
1.72246088963e-05;1.58945255845e-05;300.982421875;0.630936264992;0.0159216487335
2.16625296964e-05;1.60732748744e-05;300.986022949;0.794294946837;0.0158882588291
2.74313863766e-05;1.6256849175e-05;300.988893133;0.999947148623;0.0159041401955
3.46264446473e-05;1.63159817326e-05;300.99118042;1.25884154072;0.0159304531942
4.37371373265e-05;1.64166643883e-05;300.993011475;1.58476038343;0.0159126491339
5.53046186386e-05;1.71487190034e-05;300.994445801;1.99505175499;0.0159210687326
6.98044662001e-05;1.85960692441e-05;300.995574951;2.51155244411;0.015933265145
8.850155478e-05;2.08740795848e-05;300.996490479;3.16174894314;0.0159150847309
0.000111821724893;2.42739852066e-05;300.997220062;3.9802331316;0.0159303994293
0.000141767077164;2.87787786358e-05;300.997781631;5.01054326449;0.0159294092731
0.000179795336785;3.50065147717e-05;300.998237308;6.30746803947;0.0159252145083
0.000228916521184;4.28566466585e-05;300.998618556;7.93994431417;0.0159305936022
0.000290336262251;5.29869761005e-05;300.998887723;9.99470996857;0.0159325597502
0.000370015156688;6.5950992618e-05;300.99911499;12.5808679792;0.0159380457631
0.000471769973817;8.23381929682e-05;300.999298096;15.8356404826;0.0159405541335
0.000603473666547;0.000103281427858;300.999450684;19.9315547943;0.0159462674028
0.000773434123698;0.000129990641554;300.999572754;25.0854663849;0.0159534839998
0.000992348665158;0.000163821304838;300.999664307;31.5698337555;0.0159627982904
0.00128111329259;0.000207111785413;300.999725342;39.7267799377;0.0159748010939
0.00165477966522;0.000261682105348;300.999786377;49.9856338501;0.0159904291117
0.00214625369785;0.000332038092952;300.999816895;62.884677887;0.0160109562014
0.00280289066788;0.000422557991768;300.999847412;79.0980453491;0.0160382992116
0.0036751822869;0.000538499712609;300.99987793;99.4687728882;0.0160754192847
0.00484140950868;0.000686158657556;300.999908447;125.049064636;0.0161272411706
0.00643806171917;0.000879844212298;300.999938965;157.148620605;0.0162027734894
0.00861864104777;0.00112810330094;300.999938965;197.390640259;0.016321371111
0.0116413080521;0.0014504648774;300.999969482;247.768859863;0.0165393433554
0.0159439755692;0.00188672258216;300.999969482;310.493438721;0.0175790677523
0.0225781642503;0.00253458412259;300.999969482;386.93649292;0.0218276029871
0.0320500581836;0.00340126597114;300.999969482;479.930175781;0.0251745505728
3.01798475349e-06;1.94309998913e-07;325.871734619;0.0999995097518;0.0159354908539
3.800571854e-06;4.66167285475e-07;325.898101807;0.125891768967;0.0159107771297
4.78246536409e-06;9.17817419381e-07;325.919067383;0.158488094807;0.0159063579865
6.02960435633e-06;2.2555367736e-06;325.935699463;0.199524282201;0.0159289787077
7.60858192502e-06;4.8559093579e-06;325.948913574;0.251185543675;0.0159492155575
9.59401820049e-06;7.78068821288e-06;325.959442139;0.31622287631;0.015919854206
1.20776800141e-05;1.17454670141e-05;325.967773438;0.398099445235;0.0159062526001
1.52708140866e-05;1.47842191091e-05;325.974395752;0.501174941802;0.0159280710473
1.92396176715e-05;1.79147096618e-05;325.979675293;0.630937920166;0.0159112979196
2.42761073946e-05;1.80648262318e-05;325.983856201;0.794297435503;0.0159190804249
3.06908541789e-05;1.82667303605e-05;325.987182617;0.999951219751;0.0159095211824
3.87130438923e-05;1.83639894179e-05;325.989807129;1.25884797397;0.0159298879504
4.89546352277e-05;1.84948882837e-05;325.991912842;1.58477040633;0.0159321996446
6.1818478494e-05;1.93173086707e-05;325.993560791;1.99506787145;0.015923387271
7.81618895299e-05;2.09063589828e-05;325.994899524;2.51157808636;0.0159392806864
9.87936050465e-05;2.35067405058e-05;325.995941162;3.16178931914;0.0159233536083
0.000125144898071;2.72456807422e-05;325.996783059;3.98029718778;0.0159353173656
0.00015846668936;3.23999689921e-05;325.997452567;5.01064577806;0.0159214086324
0.000200805970805;3.90448013943e-05;325.997972894;6.3076286563;0.0159294960395
0.000253824080517;4.76991971706e-05;325.998382568;7.94020032883;0.0159298812086
0.000324125448791;5.92839612233e-05;325.998718262;9.99511528015;0.0159325703883
0.000413051894624;7.34899552703e-05;325.99899292;12.5815114975;0.0159361378898
0.000525957433676;9.24583186725e-05;325.999176025;15.8366588495;0.0159405991612
0.000671780216755;0.000115879604687;325.999359131;19.9331684113;0.0159462500351
0.000860234932818;0.000145071783645;325.999481201;25.0880241394;0.0159534984892
0.0011046745301;0.000182776812381;325.999603271;31.5738868713;0.0159628061935
0.00142242360608;0.00023084196056;325.999664307;39.7332038879;0.0159748141003
0.00183688275295;0.000291699222962;325.999755859;49.9958152771;0.0159904428208
0.00237964841965;0.000369342565454;325.999786377;62.9008140564;0.0160109808543
0.00310184736919;0.000468806940282;325.999847412;79.1236190796;0.0160383405216
0.0040612243334;0.000598145796849;325.99987793;99.5093078613;0.0160754967521
0.00534031534738;0.000760387695943;325.999908447;125.113342285;0.016127378794
0.00708221014435;0.0009715324113;325.999908447;157.250610352;0.0162030365891
0.00946180325225;0.00124244484499;325.999938965;197.552734375;0.0163219209186
0.0127394468873;0.00159699868067;325.999938965;248.027542114;0.0165408053765
0.0173937747742;0.00207280752769;325.999969482;310.917144775;0.0176083614425
0.0245194716554;0.00277291411222;325.999969482;387.754119873;0.0218640061392
0.0346789786116;0.00371550791508;325.999969482;481.382171631;0.0252165845598
3.35218045742e-06;2.48722446814e-07;350.853118896;0.0999995395922;0.0160356051451
4.22732529314e-06;4.59847308557e-07;350.883331299;0.125891819596;0.0159067751757
5.32070182474e-06;1.13939035889e-06;350.907318115;0.158488184214;0.0159191281417
6.70328539973e-06;2.34397288383e-06;350.926391602;0.19952442046;0.0159306161082
8.44992823278e-06;4.1077807558e-06;350.94152832;0.251185774803;0.0159254248368
1.06369950573e-05;8.38795127542e-06;350.953552246;0.316223247565;0.0158817646807
1.34519146018e-05;1.20927196202e-05;350.963104248;0.398099974434;0.0159179583971
1.69560289303e-05;1.59096920061e-05;350.970675177;0.501175833431;0.0159288377562
2.13860486137e-05;1.90217249436e-05;350.976715088;0.630939212296;0.0159968826013
2.6981226546e-05;2.01303474766e-05;350.981506348;0.794299630335;0.0159045336654
3.40153838235e-05;2.04358275219e-05;350.985321045;0.999954656774;0.0159151838124
4.29193540159e-05;2.05134651235e-05;350.988342285;1.25885374191;0.0158810690732
5.41982260207e-05;2.06583013154e-05;350.990722656;1.58477917556;0.0159354799835
6.84979865469e-05;2.15588681243e-05;350.992645264;1.99508173864;0.0159253789663
8.66341324655e-05;2.33430223113e-05;350.994162956;2.51160036032;0.0159165299502
0.000109822744837;2.62026528334e-05;350.995356173;3.16182410308;0.0159196281204
0.000138741984649;3.03400923055e-05;350.996307373;3.98035320448;0.015913351757
0.00017573522957;3.59809261263e-05;350.997068659;5.01073312103;0.0159222165205
0.000222632578871;4.35558523977e-05;350.99767864;6.3077673912;0.0159278889503
0.000282639726323;5.30862272617e-05;350.99815961;7.94041967392;0.0159298707373
0.000359363401302;6.59520098381e-05;350.998535156;9.9954624176;0.0159326792751
0.000457955544031;8.16335323953e-05;350.998840332;12.5820604596;0.0159415096509
0.000582664978882;0.00010190086118;350.999084473;15.8375320435;0.0159405595639
0.00074349169161;0.00012780092219;350.999267578;19.9345531464;0.0159462578483
0.000950626436377;0.000160482271112;350.999420166;25.0902194977;0.0159535011976
0.00121934168576;0.000202296358522;350.999542236;31.5773639679;0.0159628177767
0.00156896430294;0.000254949377273;350.999633789;39.7387161255;0.0159748214913
0.00202442354699;0.00032259082189;350.999694824;50.0045509338;0.0159904563722
0.00262124046008;0.000408149186788;350.999755859;62.9146575928;0.0160110013924
0.00340957367259;0.00051764550923;350.999816895;79.1455612183;0.0160383788988
0.00444542448312;0.000654899699408;350.999847412;99.5440979004;0.016075562386
0.00585256700859;0.000837023787195;350.99987793;125.168510437;0.0161274992782
0.00774560087818;0.00106674512693;350.999908447;157.338180542;0.0162032633562
0.0103254463377;0.00136452430658;350.999938965;197.691955566;0.0163223943097
0.0138799183704;0.00174174904913;350.999938965;248.249832153;0.0165420655595
0.0188972057226;0.00226476309655;350.999938965;311.282531738;0.0176335621537
0.0265132295641;0.00300678064359;350.999969482;388.460205078;0.0218953206222
0.0373662549358;0.0040080737752;350.999969482;482.638275146;0.0252527435663
3.70449146515e-06;2.15757800776e-07;375.833282471;0.0999995740141;0.0159865516676
4.65124955827e-06;5.13088984884e-07;375.867553711;0.1258918643;0.0159184483278
5.86914019458e-06;1.06768535429e-06;375.894805908;0.158488258719;0.0159041510554
7.39710813313e-06;3.09016934936e-06;375.916412354;0.199524545057;0.0159156248937
9.32780766525e-06;5.22620435816e-06;375.933624268;0.251185983419;0.0159237972001
1.17429861585e-05;9.61931333802e-06;375.947265625;0.316223531961;0.0159220987789
1.4806799327e-05;1.29027091623e-05;375.958099365;0.398100348982;0.0161555191104
1.86953856463e-05;1.75502784546e-05;375.96673584;0.501176595688;0.0159227458696
2.3584337264e-05;2.01481916387e-05;375.973571777;0.630940441625;0.0159428485349
2.97334251743e-05;2.2135818377e-05;375.979003906;0.794301556357;0.0159118537842
3.75634868393e-05;2.25425883226e-05;375.983312432;0.999957577377;0.0159442696519
4.73865175808e-05;2.27498267809e-05;375.986755371;1.2588582979;0.0159250744618
5.98563991585e-05;2.29169735501e-05;375.989471436;1.58478680328;0.0159253708203
7.56133005934e-05;2.39102732797e-05;375.991638184;1.99509373172;0.0159249845551
9.57022116551e-05;2.58559588908e-05;375.993362607;2.51161910443;0.0159291375565
0.000120833443061;2.90237932112e-05;375.994720459;3.16185255987;0.0159865476669
0.00015285386345;3.35147479938e-05;375.995804586;3.98040057555;0.0159242996743
0.000193445885957;3.95834640635e-05;375.996650652;5.01080877219;0.0159250500922
0.000245291525985;4.80285654349e-05;375.997373602;6.30788724833;0.0159283356724
0.000311674727843;5.84393254851e-05;375.99789835;7.94061006786;0.0159307428287
0.00039555491281;7.22366203336e-05;375.99833438;9.99576473236;0.0159326307143
0.000503077354083;8.99726484951e-05;375.998684482;12.5825399335;0.0159363686593
0.000641314528952;0.00011254053035;375.998938282;15.838289502;0.0159410197041
0.000816864179026;0.000140514299864;375.999176025;19.9357528687;0.0159462577865
0.00104457835143;0.000176630800485;375.999328613;25.0921211243;0.015953490318
0.00133894275458;0.000222686219422;375.999481201;31.5803794861;0.0159627993289
0.00172069528286;0.00028061739184;375.999572754;39.7434959412;0.0159748175736
0.00221695085958;0.000353209461038;375.999664307;50.0121269226;0.0159904647909
0.00286722317366;0.000447518455533;375.999725342;62.9266662598;0.0160110230641
0.00372646155505;0.00056699165045;375.999786377;79.1645965576;0.0160384185396
0.00487064913934;0.000720350019686;375.999847412;99.5742797852;0.016075621668
0.00638019780129;0.000913162278982;375.99987793;125.216392517;0.0161275992499
0.00842949195532;0.00116480244394;375.999908447;157.41418457;0.0162034582834
0.0112170031618;0.0014864217515;375.999908447;197.812820435;0.0163228064347
0.0150584223339;0.00190307699601;375.999938965;248.44291687;0.0165431646568
0.0204398380931;0.00245251253305;375.999938965;311.600860596;0.0176554700457
0.02856104885;0.0032557539031;375.999969482;389.076141357;0.0219225422686
0.0400883804927;0.00430726235564;375.999969482;483.735565186;0.0252841795719
4.05254540413e-06;1.89214927701e-07;400.812164307;0.0999996032615;0.0159150948704
5.10520884591e-06;5.17984912331e-07;400.850799561;0.125891913336;0.0159841376175
6.43430890325e-06;1.03002289632e-06;400.881469727;0.158488318324;0.0159221856268
8.10731916149e-06;2.08024272006e-06;400.905853271;0.199524649805;0.0159150428303
1.02011974945e-05;4.31590907417e-06;400.925201416;0.25118614817;0.0159144231388
1.28665628047e-05;8.62520899651e-06;400.940582275;0.316223800182;0.0159166056044
1.62280968557e-05;1.33793540323e-05;400.952819824;0.398100851919;0.0159985479713
2.04934387391e-05;1.83619233746e-05;400.962524414;0.501177251339;0.0159344765337
2.5814927026e-05;2.18808905476e-05;400.970214844;0.63094161374;0.0158507848069
3.25185048927e-05;2.43683205474e-05;400.976348877;0.794303158819;0.01592864657
4.10714805836e-05;2.48946764655e-05;400.981201172;0.99996035892;0.0158935814765
5.18344358926e-05;2.5065047597e-05;400.985076904;1.25886240726;0.0159471772981
6.55804243303e-05;2.52648985747e-05;400.988154773;1.58479337394;0.0159332090216
8.27099943077e-05;2.63490276815e-05;400.99057589;1.99510429961;0.0159187142316
0.000104515198804;2.84677502935e-05;400.992523193;2.51163601875;0.0159226865884
0.000132291764956;3.18827632126e-05;400.994055724;3.16188005815;0.0159440208362
0.000167150093067;3.67050926767e-05;400.995274577;3.98044232489;0.0159267567358
0.000211676436006;4.3571653741e-05;400.996252495;5.01087157812;0.015979972262
0.000268357899455;5.25061140996e-05;400.997038057;6.30799349902;0.0159165363148
0.000340620640923;6.42486173907e-05;400.997622663;7.9407767287;0.0159284705845
0.000432516084283;7.92499500992e-05;400.998124633;9.99602794647;0.0159328364974
0.000550088069863;9.82732013298e-05;400.998504639;12.5829591751;0.0159361803468
0.000699837926595;0.00012285411939;400.998809814;15.8389526479;0.0159409801866
0.00089265362728;0.000153728240778;400.999053955;19.9368038177;0.0159462879174
0.001141641093;0.000192984928772;400.999237061;25.0937862396;0.0159535058577
0.00146106959436;0.00024271932702;400.999420166;31.5830192566;0.0159628018749
0.00187630880767;0.00030576576073;400.999542236;39.7476806641;0.0159748355774
0.00242090165855;0.000386071941462;400.999633789;50.0187568665;0.0159904781024
0.00312967161858;0.000488321056939;400.999694824;62.9371795654;0.0160110383717
0.00405439429464;0.000618560263465;400.999755859;79.1812667847;0.0160384409452
0.00528224415432;0.000784151398956;400.999816895;99.6007080078;0.016075670765
0.00692083590935;0.000994010236718;400.999847412;125.258331299;0.0161276918855
0.00913148457183;0.00126519189996;400.99987793;157.480773926;0.0162036313583
0.012127316665;0.00160899058667;400.999908447;197.918746948;0.0163231674762
0.0162378845896;0.00205546395802;400.999938965;248.612197876;0.0165441294935
0.0220108433014;0.00265385597426;400.999938965;311.880706787;0.0176746903067
0.0306637431971;0.00349690573165;400.999938965;389.618133545;0.0219464270287
0.0428948131367;0.00460343565983;400.999969482;484.702392578;0.0253117627998
4.42742768634e-06;1.99154372281e-07;425.789825439;0.0999996269757;0.0158738080587
5.56469162566e-06;4.56813172431e-07;425.83303833;0.125891942936;0.0159551556715
7.01194632353e-06;1.0886836567e-06;425.867370605;0.158488377929;0.0158815843512
8.83764088689e-06;2.54334667379e-06;425.89465332;0.199524745345;0.015920496024
1.11338760826e-05;5.03758284404e-06;425.916320801;0.251186281443;0.0159198790489
1.40413621092e-05;1.17274355749e-05;425.933532715;0.316224038601;0.0159235399989
1.77107856796e-05;1.70643089882e-05;425.94720459;0.398101266123;0.0158990860926
2.23141830014e-05;1.99789241148e-05;425.95803833;0.501177744343;0.016120232478
2.81370968553e-05;2.34136472108e-05;425.966674805;0.630942463875;0.0159198635347
3.54691200744e-05;2.69502223958e-05;425.97354126;0.794304655742;0.0159069231447
4.47999119932e-05;2.72758397247e-05;425.978973389;0.999962627888;0.0159207157334
5.64794187689e-05;2.74768095505e-05;425.983306885;1.25886619997;0.0159193680238
7.11234627096e-05;2.7637256667e-05;425.986724854;1.58479884493;0.0159971468987
9.02769131388e-05;2.887256332e-05;425.989471436;1.99511416667;0.0158501045508
0.000113977534862;3.11404730584e-05;425.991638184;2.51165057034;0.0159222059262
0.000144063399999;3.48633700037e-05;425.993347168;3.16190362504;0.0159319989658
0.000181997628942;4.02071911433e-05;425.994720459;3.98047910411;0.0159281498064
0.000230622840991;4.75729572548e-05;425.995810328;5.01093421859;0.0159143873228
0.000292415183524;5.71172555391e-05;425.996648706;6.30808544159;0.01592776216
0.000370726736535;7.01590466637e-05;425.997370584;7.94092340429;0.0159302784878
0.000470512216838;8.65451773958e-05;425.997921036;9.99626159668;0.0159326637356
0.000598328000556;0.000106965472172;425.998343285;12.5833282471;0.0159361433587
0.000762367245665;0.000133801029732;425.998663553;15.8395385602;0.0159402360118
0.000970732655594;0.000167577478409;425.998931885;19.9377326965;0.0159462937824
0.00123836048862;0.000209554593679;425.999176025;25.0952575992;0.0159536873579
0.00158837103236;0.000263952682275;425.999328613;31.5853500366;0.0159628235462
0.00203748074451;0.000332179805376;425.999481201;39.751373291;0.0159748393713
0.00262264191046;0.00041866898416;425.999572754;50.0246124268;0.0159904851066
0.00338633904932;0.000529313379555;425.999664307;62.9464607239;0.0160110562294
0.00439033212823;0.000669683704033;425.999725342;79.1959838867;0.0160384713515
0.00569785827507;0.000844335454587;425.999786377;99.6240539551;0.0160757120211
0.00747964853789;0.001077127197;425.999847412;125.295372009;0.0161277706711
0.00984846301068;0.00136622713119;425.99987793;157.539596558;0.0162037832407
0.0130787049896;0.00174092494389;425.999908447;198.01233839;0.0163234847443
0.0174579156395;0.00221764394317;425.999908447;248.761810303;0.0165449846236
0.023614712254;0.00285351644937;425.999938965;312.128631592;0.0176916900277
0.0328093943593;0.00375126862251;425.999938965;390.098754883;0.021967550953
0.0457596392625;0.00493602232864;425.999969482;485.560760498;0.0253361542433
4.79406767045e-06;2.08500017399e-07;450.766235352;0.0999996510796;0.0158831045228
6.04466775467e-06;4.77481669295e-07;450.814300537;0.125891983509;0.0159240027597
7.60901165647e-06;9.84772008099e-07;450.852478027;0.158488437533;0.015939899441
9.58768134453e-06;2.50496651183e-06;450.8828125;0.199524821418;0.0159401507307
1.20679587227e-05;4.51184240408e-06;450.906921387;0.251186430454;0.0159172984595
1.52298998186e-05;9.01890241625e-06;450.926055908;0.316224247217;0.0159253697154
1.91873696404e-05;1.68190512861e-05;450.941253662;0.398101575572;0.0158977313501
2.41918576852e-05;2.1249305416e-05;450.953338623;0.501178383827;0.0159123468064
3.04959219704e-05;2.61897104179e-05;450.962921143;0.63094329834;0.0159261001541
3.8454301502e-05;2.89496154041e-05;450.970550537;0.794305942497;0.0159273845163
4.85337018945e-05;2.98028232178e-05;450.976623535;0.999964699943;0.0159138736861
6.12537594656e-05;2.99904734232e-05;450.981414795;1.25886949255;0.0159167845267
7.73948226694e-05;3.02293044148e-05;450.985257294;1.5848043409;0.0159565123778
9.77226247043e-05;3.15109381045e-05;450.98828125;1.99512180368;0.0159190254238
0.000123600401282;3.39526323292e-05;450.990692139;2.51166389092;0.0159099304707
0.000156107444815;3.79568652836e-05;450.992593148;3.1619246006;0.0159235340257
0.000197497917712;4.37031323818e-05;450.994119618;3.98051204412;0.015926936368
0.000249883217225;5.15935982537e-05;450.995360484;5.01098537445;0.0159260769555
0.000316899110846;6.22449090664e-05;450.996288121;6.30816758477;0.0159287182129
0.000401756823511;7.58996957161e-05;450.997061075;7.94105544838;0.015921902038
0.000509479601695;9.37286128258e-05;450.997676424;9.99646854401;0.0159323796988
0.000648341756426;0.000116326244133;450.998138428;12.583656311;0.0159361428726
0.000824705280974;0.000145128280028;450.998535156;15.8400583267;0.0159406534305
0.00104980265576;0.000181145673394;450.998840332;19.9385566711;0.0159462558915
0.00134056387905;0.000228123041614;450.999053955;25.0965652466;0.0159535207303
0.00171571889295;0.000285705031678;450.999267578;31.5874220285;0.0159625596752
0.00220151598805;0.000359356271086;450.999420166;39.7546577454;0.0159748491598
0.00283200451418;0.000452795355864;450.999542236;50.0298193085;0.0159908564366
0.00365179707807;0.000572242551302;450.999633789;62.9547157288;0.0160110651654
0.00473523613695;0.000722932733138;450.999694824;79.2090759277;0.016038487891
0.00615727936645;0.00091594543856;450.999755859;99.644821167;0.0160757558695
0.00803935734815;0.00115887014615;450.999816895;125.328323364;0.0161278429813
0.0105855304263;0.00147272129749;450.999847412;157.591934204;0.016203917805
0.0140171006355;0.00186875189677;450.99987793;198.095626831;0.016323771404
0.0187162533575;0.00237769576188;450.999908447;248.895004272;0.0165457462038
0.0252613227793;0.00305359558952;450.999938965;312.34979248;0.0177068325713
0.035000915828;0.00399977109847;450.999938965;390.527862549;0.0219863682703
0.0486963058816;0.00527298243041;450.999938965;486.327880859;0.0253578856277
5.1741670368e-06;2.2411982819e-07;475.741394043;0.099999666214;0.0159128122281
6.51616374042e-06;5.07675877775e-07;475.794555664;0.125892013311;0.0159067644623
8.21946998512e-06;1.30622003354e-06;475.836791992;0.158488482237;0.015889577698
1.03428857892e-05;2.20447611978e-06;475.870361328;0.199524894357;0.0158995985811
1.30439416126e-05;4.77067578946e-06;475.897003174;0.251186519861;0.0159239351493
1.64385979823e-05;1.02787930514e-05;475.918182373;0.316224426031;0.0159337424001
2.07376585281e-05;1.65496684908e-05;475.935028076;0.398101866245;0.0159244652931
2.61478356923e-05;2.19694062465e-05;475.948364258;0.501178819427;0.0159303297507
3.29686044941e-05;2.80852472765e-05;475.958984375;0.630944013596;0.0159178463606
4.15400824244e-05;3.10776806975e-05;475.967437744;0.794307124424;0.0159366664498
5.24252567183e-05;3.22811376712e-05;475.974121094;0.999966545468;0.0159287778341
6.6146503207e-05;3.25551989396e-05;475.97946167;1.25887227075;0.0159458782753
8.35258034957e-05;3.28657312226e-05;475.983673096;1.58480925119;0.015904142661
0.000105608132306;3.42177652922e-05;475.987030029;1.99512912487;0.0159232617274
0.000133292322992;3.68714850086e-05;475.989714563;2.51167555424;0.0159166254554
0.00016838191121;4.10456872288e-05;475.991821289;3.16194319725;0.0159229537487
0.000213169857063;4.7255916009e-05;475.993491473;3.98054031259;0.0159630162163
0.000269789061497;5.57550480086e-05;475.994829392;5.01103250233;0.0159207200985
0.000341855696688;6.72943137397e-05;475.995895042;6.30824179517;0.0159257554665
0.000433324376155;8.17959159845e-05;475.996762347;7.94117158705;0.0159280404462
0.000549849439898;0.000100989829392;475.997427804;9.99665355682;0.0159327447921
0.000698366859289;0.000125468679116;475.997931765;12.5839500427;0.0159363366402
0.000888388783026;0.000156173259061;475.998368444;15.8405251972;0.0159395987996
0.00113124948329;0.000195504819756;475.998707301;19.9392948151;0.0159462942235
0.00144556755211;0.000245140048336;475.998962402;25.0977344513;0.0159535222482
0.00184702380848;0.000307941580373;475.999176025;31.5892772675;0.0159628234641
0.00236680534611;0.000386655117235;475.999359131;39.757598877;0.0159748356817
0.00304453026364;0.000487310212826;475.999481201;50.0344810486;0.0159905044467
0.00392519147101;0.000615301960928;475.999603271;62.9621086121;0.016011078887
0.00508534411491;0.000778026072203;475.999664307;79.2207946777;0.0160385117645
0.00660536252968;0.000983484419081;475.999755859;99.6634063721;0.0160757889915
0.00862464031532;0.0012457739875;475.999786377;125.357826233;0.0161279062694
0.0113333075402;0.00157697030547;475.999847412;157.638809204;0.0162040386757
0.0150068056641;0.00200425584845;475.99987793;198.170227051;0.0163240252493
0.0199915933;0.00254055398779;475.999908447;249.014328003;0.0165464325732
0.0269532156189;0.00326190063507;475.999908447;312.548309326;0.0177204066622
0.0372225010141;0.00427154720964;475.999938965;390.913330078;0.0220032364002
0.051663940088;0.00560153801796;475.999938965;487.017608643;0.0253773644863
5.57498958747e-06;2.18679856145e-07;500.715270996;0.0999996811152;0.0159495205756
7.01259004517e-06;4.62629701402e-07;500.773803711;0.125892043114;0.0159250189114
8.83934810026e-06;9.67782969065e-07;500.8203125;0.15848852694;0.0159225642193
1.11285030576e-05;3.47988528429e-06;500.857269287;0.199524982855;0.0157624534125
1.40253342254e-05;5.38922069393e-06;500.886627197;0.251186639071;0.0159210674075
1.76794942475e-05;8.97159328442e-06;500.909942627;0.316224576135;0.0159385035583
2.22748989941e-05;1.57608033426e-05;500.928466797;0.398102134466;0.0158987516115
2.80959421214e-05;2.35792120242e-05;500.94317627;0.501179247367;0.0159203208504
3.54424758619e-05;2.92055668242e-05;500.954864502;0.630944681153;0.0159326831724
4.46875455867e-05;3.29044324628e-05;500.964141846;0.794308185577;0.0159043293618
5.63962086706e-05;3.48147278292e-05;500.9715271;0.999968173814;0.015935412128
7.11216480497e-05;3.52336037581e-05;500.977386475;1.25887508035;0.0159181956983
8.99417471365e-05;3.55653375878e-05;500.982025146;1.5848133564;0.0159154961606
0.000113546793789;3.70205871396e-05;500.985717773;1.99513578415;0.0159208087677
0.000143330474063;3.98615978239e-05;500.988671982;2.51168584824;0.0159218729987
0.00018148985083;4.43068172856e-05;500.990997314;3.16196007012;0.0159151820267
0.000229231558511;5.08991513625e-05;500.992841835;3.98056752256;0.0159368750679
0.000290211307975;6.01048665837e-05;500.994310712;5.01107385719;0.0159253922353
0.000367396047809;7.23612888679e-05;500.995472723;6.30830771119;0.015932363769
0.000465898154092;8.83770751575e-05;500.99642672;7.94127655029;0.0159302108097
0.000590961779824;0.00010888473747;500.997138734;9.99682044983;0.0159326368477
0.000750245835577;0.000134557403889;500.997719705;12.5842151642;0.0159361358013
0.000953799905479;0.000168658415298;500.998199463;15.8409438071;0.0159405981081
0.00121531665455;0.000210174356629;500.998565674;19.9399622573;0.0159429389022
0.00155059080535;0.000263364656496;500.99887085;25.0987892151;0.0159535042463
0.00198303132911;0.000331517064084;500.999084473;31.5909461975;0.0159628204297
0.00254141078007;0.000415476034129;500.999298096;39.7602462769;0.0159748511991
0.0032631798535;0.000523155372487;500.999420166;50.0386772156;0.0159905087679
0.00420858534793;0.000660528817449;500.999542236;62.9687881755;0.0160077042265
0.0054395694368;0.000833629747868;500.999633789;79.2313461304;0.0160385267312
0.00705087790218;0.00104960052027;500.999725342;99.6801528931;0.0160758214681
0.00921794176948;0.00133268852692;500.999786377;125.384399414;0.0161279641665
0.012094773851;0.00168567090285;500.999816895;157.681030273;0.0162041477502
0.0159860134746;0.00214146934403;500.999847412;198.237442017;0.0163242553778
0.0212933173115;0.00271804172777;500.99987793;249.121856689;0.0165470494746
0.0286786043384;0.00347763464288;500.999908447;312.727508545;0.0177326437393
0.0395062618166;0.0045257303125;500.999938965;391.261505127;0.0220184413989
0.0546635913317;0.00593377348726;500.999938965;487.641113281;0.0253949255599
5.96282074506e-06;2.2456947654e-07;525.687927246;0.0999996960163;0.0159196887322
7.51261162415e-06;4.20905498017e-07;525.752075195;0.125892058015;0.0159198234363
9.46545203716e-06;1.29190819553e-06;525.803039551;0.158488556743;0.0159120558523
1.1921814643e-05;2.03870271509e-06;525.843566895;0.199525028467;0.0159240023042
1.50196382596e-05;5.30198329832e-06;525.875732422;0.251186728477;0.0159178587962
1.89330317154e-05;9.31880671982e-06;525.901306152;0.31622472876;0.0159325131685
2.38652371405e-05;1.86420071959e-05;525.921569824;0.398102372885;0.0159210575921
3.01258076744e-05;2.44801492172e-05;525.937683105;0.501179635525;0.0159127537801
3.79398155178e-05;3.10008769745e-05;525.950500488;0.630945269832;0.0159218569895
4.79204404507e-05;3.5454542144e-05;525.960693359;0.794309139252;0.0159251452452
6.04165268265e-05;3.77726927307e-05;525.96875;0.999969726557;0.0159343976065
7.62926158982e-05;3.79729050138e-05;525.975219727;1.2588774724;0.0159171586111
9.62758685795e-05;3.83573515315e-05;525.980285645;1.58481721253;0.015916156774
0.000121528849155;3.98934888442e-05;525.984375;1.99514182934;0.0159200840564
0.000153663292155;4.29225230774e-05;525.987548828;2.51169532884;0.0159347880864
0.000194262041956;4.77662896053e-05;525.990112305;3.16197532128;0.0159081826102
0.000245774064192;5.4706588255e-05;525.992185314;3.98059172369;0.0159306243939
0.000310760755024;6.46256923952e-05;525.993774414;5.01111209892;0.015924853247
0.000393650030668;7.75952276987e-05;525.995056152;6.30836860443;0.0159238830098
0.000498405280454;9.48071919548e-05;525.996035663;7.94137221781;0.0159272325902
0.00063266823465;0.000116834316176;525.996887207;9.99697208405;0.0159326621019
0.000802792991593;0.00014426055806;525.997548838;12.5844545364;0.0159361606063
0.00102168395868;0.000180557599335;525.998046875;15.8413234129;0.0159404752905
0.00130175889292;0.000225230025682;525.998413086;19.9405640457;0.0159425229647
0.00165936164267;0.000281867915894;525.998779297;25.0997428894;0.0159535257854
0.00211984882979;0.000353907096159;525.999023438;31.592458725;0.0159628375234
0.00271425725817;0.000444745357646;525.999206543;39.7626419067;0.015974858704
0.00348630323128;0.000559684254352;525.999389648;50.0424766541;0.015990511753
0.00449251877156;0.000705664267884;525.999511719;62.9747848511;0.0160110967433
0.00580181129137;0.000890311781205;525.999633789;79.2408981323;0.0160385448362
0.00752880001206;0.00112483265525;525.999694824;99.6953048706;0.0160758529699
0.00981870198724;0.00142016116639;525.999755859;125.408454895;0.0161280157338
0.0128804128069;0.00179859186942;525.999816895;157.71925354;0.0162042468951
0.0170197313995;0.00227631310279;525.999816895;198.298309326;0.0163244622971
0.0226136387641;0.00288697939393;525.99987793;249.21925354;0.0165476095758
0.0304265778872;0.00369651520693;525.99987793;312.890045166;0.0177437315544
0.0417943032614;0.0047991100804;525.999938965;391.577514648;0.0220322206312
0.0577720025702;0.00627134774856;525.999938965;488.207458496;0.0254108363064
6.37925709235e-06;2.14288034717e-07;550.659362793;0.0999997109175;0.0159171478553
8.03028555644e-06;4.76798460134e-07;550.729370117;0.125892087817;0.0159594439698
1.01096409453e-05;1.08154552933e-06;550.78503418;0.158488598696;0.0159111231807
1.27507987429e-05;2.7700792255e-06;550.829223633;0.199525078353;0.0159234475996
1.60848824893e-05;5.72633745259e-06;550.864318848;0.251186817884;0.0159202901228
2.02347988884e-05;9.6457621105e-06;550.892211914;0.316224873066;0.0159337300865
2.55264631264e-05;1.95568883942e-05;550.914367676;0.398102581501;0.0159184633007
3.21886345466e-05;2.91476399307e-05;550.932006836;0.501179993153;0.015906759658
4.05578393446e-05;3.15692099547e-05;550.945983887;0.630945840985;0.0159031826652
5.12057682725e-05;3.70184957392e-05;550.957092285;0.794310013987;0.0159045620908
6.46094279291e-05;4.01657577012e-05;550.965942383;0.999971140549;0.0159144136795
8.15186074876e-05;4.0675810104e-05;550.972900391;1.25887957602;0.0159323661961
0.0001028860951;4.12161601671e-05;550.978515625;1.58482057865;0.0159191137062
0.000129979343067;4.28579174561e-05;550.982910156;1.99514723089;0.0159236708319
0.000163999840908;4.60741039271e-05;550.986450195;2.51170418487;0.0159098886965
0.000207296506268;5.11703265911e-05;550.989215209;3.16198839297;0.0159370505416
0.000262089481943;5.87079824136e-05;550.991455078;3.98061396977;0.0159152132722
0.000331991851977;6.90888470954e-05;550.993207676;5.01114649659;0.0159216702513
0.000420566820936;8.31036331377e-05;550.994601229;6.30842287297;0.0159261612978
0.000532201694732;0.000100975934313;550.995670397;7.94145824039;0.0159343225415
0.000675659152223;0.000124447708275;550.99662824;9.99710941315;0.0159327415212
0.000856816541273;0.00015449243081;550.997275482;12.5846719539;0.0159362352851
0.00108945890711;0.000192176930518;550.99786377;15.841668129;0.0159406387388
0.00138811367804;0.000240251024386;550.998291016;19.9411087036;0.0159462803438
0.0017688288125;0.000300771366794;550.998657227;25.1006088257;0.0159535309952
0.0022653484825;0.000377468501568;550.998901367;31.593832016;0.0159628535111
0.0028937570925;0.000474352050043;550.999145508;39.7648200989;0.0159748622553
0.00371749337749;0.000596769590853;550.999328613;50.0459327698;0.0159905165992
0.00477890083053;0.000750911936114;550.999450684;62.9802627563;0.0160111132389
0.00618099795729;0.000948322951021;550.999572754;79.2495880127;0.0160385631783
0.00800012945368;0.00119448339772;550.999633789;99.7090911865;0.0160758746246
0.0104412996429;0.0015111965333;550.999755859;125.430335999;0.0161280640439
0.0136756898381;0.00191126724146;550.999755859;157.75402832;0.0162043367757
0.0180367833488;0.00242101101638;550.999816895;198.353683472;0.0163246504641
0.0239649809126;0.00306639523094;550.99987793;249.307891846;0.0165481189147
0.0322030711852;0.00392265230124;550.99987793;313.038146973;0.0177538276005
0.044193602183;0.00508212721806;550.999938965;391.865631104;0.022044765753
0.0608957355408;0.00662745548007;550.999938965;488.724151611;0.0254253243605
6.80743530056e-06;2.6612635343e-07;575.629516602;0.0999997258186;0.0159172514596
8.56904880593e-06;5.30253932133e-07;575.705688477;0.125892102718;0.0159208646504
1.07983206033e-05;1.14477625243e-06;575.766174316;0.158488631248;0.0159115843772
1.35747088005e-05;3.13823513458e-06;575.81427002;0.199525122857;0.0159569996525
1.71135467693e-05;5.05477411592e-06;575.852478027;0.251186907291;0.0159218384276
2.15854439615e-05;1.12182819981e-05;575.8828125;0.316225004121;0.015935908261
2.71990751254e-05;1.73125374246e-05;575.906921387;0.398102812698;0.0158511558911
3.43283747983e-05;2.68582794402e-05;575.926025391;0.501180291176;0.0159203981763
4.3307788123e-05;3.3673042091e-05;575.941223145;0.630946338177;0.0159028411792
5.45803141383e-05;3.88849321478e-05;575.953308105;0.794310808182;0.0159117674882
6.87593895909e-05;4.32407656382e-05;575.96295166;0.999972513162;0.0158268343768
8.67780241197e-05;4.36510122019e-05;575.970581055;1.25888164236;0.0159153789423
0.000109533271676;4.4191215952e-05;575.976623535;1.58482411256;0.0158511558223
0.000138440709328;4.59227439565e-05;575.981445312;1.99515227007;0.0159248268891
0.000174655278038;4.92630408189e-05;575.985229492;2.51171198091;0.0159313455819
0.000220834442845;5.47749739092e-05;575.98828125;3.16200113297;0.0159233967626
0.000279128591342;6.27423419265e-05;575.990664906;3.98063367309;0.0159227368655
0.00035356182638;7.36075549782e-05;575.992614746;5.01117729526;0.015936378493
0.000447049235818;8.86515301277e-05;575.994112791;6.3084701972;0.0159668084244
0.000566529494645;0.000108005628416;575.995337889;7.94153752599;0.0159303821098
0.000718659795109;0.000132868108685;575.996300615;9.99723434448;0.0159326474546
0.000912040633584;0.000164407288212;575.997021015;12.584870728;0.0159362706569
0.00115933691819;0.00020469100727;575.997680664;15.8419839643;0.0159401708062
0.00147564241027;0.000256324211097;575.998168945;19.941608429;0.0159463175337
0.00188146631946;0.000319858235018;575.998535156;25.1014003754;0.0159535166434
0.00240149183426;0.000401462795369;575.998840332;31.5950870514;0.0159628335677
0.00307812186907;0.000504428929721;575.999084473;39.7668113708;0.0159748731191
0.00394620599255;0.000634470142902;575.999267578;50.0490875244;0.0159905233896
0.00507594795394;0.000799491450582;575.999389648;62.9852676392;0.0160111180265
0.00655791639923;0.0010078856899;575.999511719;79.257522583;0.0160385741715
0.00848592048262;0.00126679176171;575.999633789;99.7216796875;0.016075904993
0.0110661769568;0.00160405619506;575.999694824;125.450325012;0.0161281058405
0.0144959804117;0.00202628379701;575.999755859;157.785797119;0.0162044183634
0.019092098251;0.00256287807335;575.999816895;198.404266357;0.0163248258954
0.025349276057;0.00324411646146;575.99987793;249.388885498;0.0165485867291
0.0340010719117;0.00414354350156;575.99987793;313.173675537;0.0177630559609
0.0465244247051;0.00536272901096;575.99987793;392.129425049;0.0220562309751
0.0641049974846;0.00694685331176;575.999938965;489.197509766;0.0254385653134
7.24083565553e-06;2.6853009543e-07;600.3359375;0.0999997332692;0.0159164705141
9.12114619886e-06;5.04661087467e-07;600.348022461;0.12589211762;0.0159361478466
1.14906591277e-05;1.32352462118e-06;600.357971191;0.158488659754;0.015896753993
1.44725050746e-05;2.60192260289e-06;600.366699219;0.199525177479;0.0159213275458
1.82318079136e-05;6.61770862252e-06;600.374572754;0.251186966896;0.0159195307498
2.29590140861e-05;1.1520297686e-05;600.381896973;0.31622513869;0.0157793993303
2.89560141702e-05;2.07272184963e-05;600.38885498;0.398102968931;0.0159177940124
3.65118769279e-05;2.78989871256e-05;600.395507812;0.501180589199;0.0159188331046
4.60286724921e-05;3.46337934468e-05;600.401977539;0.630946785221;0.0159565895132
5.8084832274e-05;4.16462054055e-05;600.40826416;0.794311523438;0.0159130606025
7.32086975364e-05;4.50588251981e-05;600.414375963;0.999973483158;0.0159361599957
9.23658157547e-05;4.66426250069e-05;600.420471191;1.25888337764;0.0159374645951
0.00011657539103;4.72035153913e-05;600.426452637;1.58482664979;0.0159209444173
0.000147191308938;4.91407660179e-05;600.432373047;1.99515673711;0.0159330755652
0.000185918395267;5.27753255469e-05;600.43827894;2.51171907624;0.0159397446719
0.000234932993358;5.87392995711e-05;600.444091797;3.16201269281;0.0159236508971
0.000297017556881;6.74364766301e-05;600.449918657;3.98065185547;0.015924619802
0.000375718163082;7.91312660307e-05;600.455672723;5.01120708699;0.0159219006353
0.000475354412276;9.5341761384e-05;600.461150464;6.30851861036;0.0159279660156
0.000602497263705;0.000116128608597;600.467170601;7.9416103363;0.0159299160388
0.000764016318888;0.000143446567574;600.472974027;9.9973493755;0.0159344670572
0.00096959565516;0.0001773025052;600.47861075;12.5850525262;0.0159367230059
0.0012320974956;0.000221255828247;600.484459752;15.8422722209;0.0159407723226
0.00156763288596;0.000275582865283;600.490046627;19.9420661926;0.0159462535372
0.00199812386661;0.000345072121789;600.495815151;25.1021270752;0.0159535162875
0.0025544195465;0.000433009768446;600.50159688;31.59623909;0.0159628365156
0.00326321429096;0.000543935954615;600.507388206;39.7686347961;0.0159748528314
0.00418563988395;0.000684251663502;600.513210566;50.0519790649;0.0159905339113
0.00538490057994;0.000862187624028;600.51904826;62.9898529053;0.0160111253962
0.00694952816577;0.00108699408955;600.524902344;79.2647964986;0.0160386357256
0.00900104181981;0.00137006448605;600.530816671;99.7332305908;0.016075952779
0.0117112720069;0.00172608498307;600.536743164;125.468658447;0.0161281470231
0.0153278093052;0.00217774458787;600.542724609;157.814926147;0.0162044942166
0.0201842189424;0.00275580108759;600.54876709;198.450683594;0.0163249834841
0.0267696667975;0.00348597018993;600.554931641;249.463180542;0.0165490157154
0.0358722386693;0.00444175076602;600.561218262;313.298156738;0.0177715240902
0.0489940496437;0.00574840983349;600.567687988;392.371795654;0.0220667565175
0.0672835319837;0.00745793980687;600.57421875;489.63269043;0.0254507208767
