filename;Input_power;Output_power;Losses;Efficency;Caps_losses;FL1_losses;HF1_losses;FL2_losses;HF2_losses;Bulkcap_losses;Inductor;EMI;GaN_total;GaN_switching;GaN_ohmic_total;GaN_ohmich_ON;GaN_Forward_conduction;GaN_Reverse_ON_conduction;GaN_Reverse_OFF_conduction;Si_total;Si_conduction;Si_switching;iTHD_percentage
50;53,20641;49,99891;4,260389;91,98212;0,9623392;0,008952697;0;0,005497393;0;0,9479424;1,808086;0,1590371;1,290916;1,236094;0,05482177;0,01983157;0,008981202;0,01085037;0,0349902;0,04001037;0,03756216;0,002448203;195,279
100;102,7261;99,9984;4,318417;95,79609;0,9752149;0,009424587;0;0,006063585;0;0,9597898;1,808468;0,1578898;1,333369;1,276724;0,05664428;0,02155299;0,009012618;0,01254037;0,0350913;0,04347529;0,04099118;0,002484112;131,9289
150;152,5596;150,0002;4,591843;97,2;0,9752149;0,01037867;0;0,007092734;0;0,9597898;1,808474;0,1585833;1,45641;1,395528;0,06088239;0,02583704;0,01029196;0,01554507;0,03504535;0,05068115;0,04818006;0,002501094;91,07577
200;202,7999;200,0007;4,816991;97,62476;1,028838;0,0112891;0;0,008138368;0;1,009386;1,811827;0,1567914;1,76205;1,697093;0,06495628;0,02963236;0,0111373;0,01849506;0,03532392;0,05748486;0,05499282;0,002492045;76,34975
250;252,7709;250,0013;5,13675;97,96782;1,064429;0,01256128;0,0000929006;0,009482627;0;1,042264;1,815054;0,1565984;2,033389;1,962412;0,07097663;0,03520283;0,01282341;0,02237942;0,0357738;0,0672795;0,06478712;0,00249238;63,90479
300;302,8212;300,0001;5,48674;98,18813;1,107784;0,01411198;0,0002181222;0,01109752;0,0001432097;1,082237;1,819131;0,1574789;2,32346;2,245184;0,07827627;0,04190662;0,01495207;0,02695455;0,03636965;0,07888591;0,07639461;0,002491307;55,12013
350;352,9022;349,9998;5,938723;98,31718;1,168835;0,01624878;0,0003811482;0,01346606;0,0003528042;1,138433;1,82371;0,1634421;2,690388;2,603251;0,08713728;0,04984108;0,01752262;0,03231846;0,03729619;0,09234743;0,08985442;0,002493018;48,27993
400;402,9806;400,0004;6,529665;98,37966;1,218166;0,01801917;0,0004612183;0,01522517;0,0004296042;1,184048;1,828582;0,1647694;3,211187;3,114005;0,09718244;0,05840733;0,02027338;0,03813394;0,03877511;0,1069604;0,1044666;0,002493784;43,12986
450;453,0545;450,0009;7,875444;98,2617;1,247147;0,01933189;0,0004828032;0,01659523;0,0004688857;1,210268;1,83366;0,1631457;4,508626;4,400141;0,1084849;0,0675205;0,02336708;0,04415342;0,04096441;0,122865;0,1203543;0,002510733;38,19278
500;503,1289;500,0026;9,166481;98,1781;1,308466;0,0219888;0,0006519108;0,01887509;0,0005881828;1,266366;1,842115;0,1666372;5,707438;5,585213;0,1222249;0,07877064;0,02700708;0,05176356;0,04345429;0,1418243;0,1393119;0,002512445;34,93333
550;553,2161;550,0037;9,564738;98,27107;1,379746;0,02459175;0,0007949216;0,0214517;0,0007297851;1,332152;1,849703;0,169271;6,001992;5,862992;0,139;0,09279044;0,03154285;0,06124758;0,04620958;0,1640254;0,1615449;0,002480453;32,42818
600;603,3121;600,0048;10,0889;98,32775;1,455418;0,02731998;0,0009386097;0,02416836;0,0008725893;1,402117;1,857708;0,1707381;6,418305;6,262031;0,1562741;0,1066451;0,0359964;0,07064869;0,04962903;0,1867341;0,1842614;0,002472742;29,85806
650;653,4121;650,0062;10,65323;98,3696;1,530181;0,03012709;0,001079579;0,02701383;0,001025351;1,470921;1,866357;0,1708605;6,875436;6,701098;0,1743384;0,1211387;0,04046129;0,08067744;0,05319969;0,2103936;0,2079082;0,002485453;27,24067
700;703,5219;700,0075;11,33647;98,38861;1,615065;0,03319011;0,001213122;0,03013666;0,001162865;1,549337;1,875951;0,1712711;7,437959;7,244018;0,1939406;0,1371212;0,04541847;0,09170271;0,05681944;0,2362279;0,2337447;0,002483224;24,61316
750;753,6439;750,009;11,86621;98,42549;1,708623;0,03656967;0,001361105;0,03357565;0,001298443;1,635792;1,886361;0,1722837;7,834766;7,619764;0,2150015;0,1544695;0,05081058;0,103659;0,060532;0,2641749;0,2616942;0,002480635;22,60202
800;803,7767;800,0108;12,31767;98,46753;1,810493;0,0402054;0,001522137;0,03727163;0,001449515;1,730021;1,897514;0,1746297;8,141212;7,903863;0,2373494;0,1730047;0,05656553;0,1164392;0,06434464;0,2938216;0,2913434;0,00247824;21,18464
850;853,9181;850,0127;12,74635;98,50731;1,92159;0,04409465;0,001721568;0,04126578;0,001677589;1,832711;1,909611;0,1782649;8,411573;8,150385;0,2611885;0,1929249;0,06280201;0,1301229;0,0682636;0,3253103;0,3228353;0,002474953;19,96488
900;904,0679;900,0149;13,12774;98,54793;2,040858;0,04837185;0,001962839;0,04551418;0,001911997;1,943064;1,92234;0,1818123;8,624233;8,337915;0,2863187;0,2140437;0,06941603;0,1446277;0,07227495;0,3584985;0,355982;0,002516534;18,9125
950;954,2259;950,0174;13,47623;98,58773;2,169658;0,05260617;0,002221144;0,04986475;0,002194621;2,062774;1,936037;0,1851836;8,792137;8,479417;0,3127202;0,236332;0,07639401;0,1599379;0,07638826;0,3932121;0,3907297;0,002482319;17,83692
1000;1004,392;1000,02;13,83008;98,62304;2,300148;0,05720853;0,002486041;0,05447606;0,002436167;2,183546;1,950239;0,188077;8,961941;8,621519;0,3404221;0,2598374;0,08376318;0,1760742;0,08058467;0,4296755;0,4271646;0,002510979;16,80984
1050;1054,568;1050,023;14,20237;98,65325;2,437853;0,06200568;0,002732773;0,05928754;0,002681063;2,311124;1,965163;0,1916271;9,136522;8,763415;0,3731073;0,2885217;0,09277595;0,1957457;0,0845856;0,4712072;0,468688;0,002519158;15,96581
1100;1104,752;1100,026;14,58979;98,67936;2,591201;0,06714066;0,003005697;0,06435629;0,002945039;2,45374;1,980944;0,1969386;9,309326;8,905553;0,4037736;0,3148854;0,101003;0,2138824;0,08888827;0,5113843;0,5088719;0,002512413;15,31432
1150;1154,944;1150,03;14,97415;98,70347;2,738832;0,07250349;0,003285933;0,06966952;0,003229069;2,59014;1,99738;0,2010076;9,48383;9,048206;0,4356234;0,3423826;0,1096159;0,2327667;0,0932408;0,5531002;0,5505487;0,002551559;14,6524
1200;1205,145;1200,034;15,37278;98,7244;2,892983;0,0781136;0,003581929;0,07520442;0,003488701;2,732599;2,014538;0,205413;9,663441;9,194703;0,4687382;0,3711021;0,118605;0,2524971;0,09763606;0,5964041;0,5938836;0,002520508;14,03976
1250;1255,354;1250,038;15,78314;98,74273;3,053553;0,08406966;0,003895377;0,08098088;0,003761265;2,880854;2,032553;0,2104938;9,844962;9,341835;0,5031272;0,4011077;0,1280001;0,2731075;0,1020196;0,6415793;0,6388527;0,002726636;13,46545
1300;1305,572;1300,043;16,19784;98,75933;3,218911;0,0901169;0,004210578;0,08695479;0,004071062;3,033574;2,052187;0,2154212;10,02351;9,484826;0,5386816;0,4322579;0,1377508;0,2945071;0,1064237;0,6878116;0,6853073;0,00250429;12,97602
1350;1355,799;1350,048;16,62973;98,77344;3,391059;0,0964085;0,004538509;0,0931805;0,004384317;3,192547;2,073402;0,2204119;10,20904;9,633507;0,5755346;0,464668;0,1478999;0,316768;0,1108667;0,7358144;0,7332966;0,002517725;12,46989
1400;1406,035;1400,054;17,07443;98,78563;3,572296;0,1029718;0,004876358;0,09970953;0,00470328;3,360034;2,093643;0,2260791;10,39723;9,783579;0,6136524;0,4983071;0,1584252;0,3398819;0,1153453;0,7851823;0,7826175;0,002564791;12,06586
1450;1456,278;1450,06;17,52714;98,79644;3,759686;0,109731;0,005193708;0,1064596;0,005002826;3,533297;2,114715;0,2318311;10,58499;9,931932;0,6530612;0,5331967;0,169357;0,3638397;0,1198645;0,8359135;0,8333401;0,00257332;11,64692
1500;1506,531;1500,066;17,98737;98,80604;3,951425;0,1166878;0,005579274;0,11342;0,00537987;3,710356;2,136768;0,2376781;10,77366;10,07996;0,6936965;0,5692711;0,1806569;0,3886142;0,1244255;0,8878437;0,8852771;0,002566649;11,25614
1550;1556,792;1550,073;18,48592;98,81256;4,153146;0,1239661;0,00597888;0,1206936;0,005761819;3,896744;2,159664;0,2443085;10,97727;10,22858;0,7486916;0,6200279;0,1966226;0,4234053;0,1286637;0,9515285;0,9489474;0,002581105;10,9268
1600;1607,062;1600,08;18,96833;98,81969;4,359329;0,1314105;0,00631017;0,1281644;0,006029761;4,087413;2,183238;0,2505812;11,16865;10,37587;0,7927754;0,6594575;0,2089831;0,4504744;0,1333179;1,006534;1,003954;0,002580561;10,54979
1650;1657,34;1650,088;19,45863;98,82591;4,571284;0,1391546;0,006693463;0,1358506;0,006460012;4,283124;2,20782;0,2570242;11,35975;10,52153;0,8382142;0,7001927;0,2217595;0,4784332;0,1380216;1,062755;1,06006;0,002695678;10,16268
1700;1707,627;1700,096;19,9574;98,83128;4,78826;0,147146;0,007082742;0,1437628;0,006864174;4,483403;2,233257;0,2636939;11,55198;10,667;0,8849817;0,7422066;0,2349504;0,5072561;0,1427751;1,120209;1,117614;0,002595018;9,783374
1750;1757,923;1750,104;20,46591;98,83579;5,011369;0,1553366;0,007477391;0,1519042;0,007266884;4,689383;2,259423;0,2703731;11,74593;10,81296;0,9329733;0,7853919;0,2484625;0,5369294;0,1475814;1,178821;1,176205;0,002615454;9,438108
1800;1808,228;1800,113;20,98407;98,83952;5,239912;0,1638065;0,007924795;0,1602536;0,007674819;4,900251;2,28641;0,277098;11,94184;10,95958;0,9822616;0,8298314;0,262374;0,5674573;0,1524302;1,238807;1,236185;0,002621676;9,149566
1850;1858,542;1850,123;21,51813;98,8422;5,478442;0,1725015;0,008364604;0,1689304;0,008093228;5,120551;2,314332;0,2853497;12,13977;11,10686;1,032909;0,8755972;0,2767;0,5988972;0,1573117;1,300244;1,297633;0,002610387;8,944457
1900;1908,864;1900,133;22,06255;98,84421;5,724032;0,1814654;0,008928099;0,1778824;0,008639696;5,347116;2,34331;0,2939048;12,33829;11,25339;1,084905;0,9226788;0,2914574;0,6312214;0,1622259;1,363008;1,360377;0,002630782;8,724921
1950;1959,196;1950,144;22,62098;98,84539;5,977758;0,1906738;0,009538057;0,1871073;0,00933063;5,581106;2,373326;0,3025716;12,54004;11,40188;1,138164;0,9710045;0,3066087;0,6643958;0,1671598;1,427279;1,42467;0,002609442;8,513812
2000;2009,536;2000,155;23,18857;98,84607;6,237587;0,2001118;0,01001269;0,1965235;0,009733665;5,821208;2,403944;0,3114925;12,74334;11,55062;1,192716;1,020599;0,3221617;0,6984375;0,1721166;1,492201;1,489569;0,002632661;8,314295
2050;2059,885;2050,167;23,83786;98,84276;6,50299;0,2097494;0,010581;0,2061883;0,01008568;6,066384;2,435479;0,3207067;12,9787;11,7016;1,277096;1,100345;0,3472403;0,7531043;0,1767512;1,599994;1,594731;0,005262561;8,128348
2100;2110,243;2100,18;24,43;98,84231;6,773183;0,2196103;0,01099326;0,2160468;0,01044526;6,316087;2,467704;0,3298648;13,19048;11,85486;1,335614;1,153839;0,3640109;0,7898286;0,181774;1,668769;1,6634;0,00536949;7,936554
2150;2160,61;2150,193;25,0321;98,84143;7,052802;0,2297774;0,0116052;0,2262151;0,01101788;6,574185;2,500983;0,3394003;13,40309;12,00758;1,395512;1,208769;0,3812258;0,8275437;0,1867427;1,735828;1,733087;0,002741508;7,711137
2200;2210,986;2200,206;25,65093;98,83984;7,338101;0,2401872;0,01219464;0,236612;0,01155323;6,837553;2,53751;0,3492083;13,61914;12,16256;1,456578;1,264981;0,3988256;0,8661552;0,1915969;1,806969;1,804349;0,002619821;7,518634
2250;2261,371;2250,221;26,27955;98,83789;7,629818;0,2508098;0,01278052;0,2472405;0,01209294;7,106894;2,572476;0,3592866;13,83821;12,31928;1,518933;1,322504;0,4168401;0,9056641;0,1964285;1,879755;1,877262;0,002492931;7,319708
2300;2311,765;2300,236;26,91819;98,8356;7,927809;0,2616879;0,0133779;0,2581165;0,01270742;7,381919;2,608433;0,3696772;14,05764;12,47502;1,582623;1,381331;0,4352708;0,9460602;0,2012916;1,954632;1,952056;0,002576086;7,162516
2350;2362,168;2350,251;27,5667;98,83299;8,231625;0,2727959;0,0140305;0,2692499;0,01344178;7,662106;2,645371;0,3807091;14,27782;12,63015;1,647665;1,441486;0,4541366;0,9873493;0,2061786;2,031179;2,028557;0,002621707;7,063576
2400;2412,58;2400,268;28,22651;98,83003;8,542686;0,2841433;0,01461587;0,2806036;0,01392199;7,949401;2,683129;0,3919414;14,49901;12,78499;1,714025;1,502939;0,473407;1,029532;0,2110864;2,109739;2,107181;0,002557578;6,948526
2450;2463,002;2450,285;28,89695;98,82676;8,859237;0,295712;0,01518098;0,2921687;0,01437308;8,241802;2,723468;0,4032977;14,7205;12,9388;1,781706;1,565686;0,4930935;1,072592;0,2160208;2,190445;2,18796;0,002485166;6,83269
2500;2513,432;2500,303;29,57909;98,82316;9,18266;0,3075398;0,01588203;0,303987;0,01487987;8,540371;2,763947;0,4152131;14,94385;13,0931;1,850749;1,629777;0,5132196;1,116557;0,2209719;2,273417;2,270948;0,002469034;6,752091
2550;2563,871;2550,321;30,42275;98,81341;9,511716;0,3196019;0,01654686;0,3160541;0,01548672;8,844026;2,804615;0,4270073;15,22949;13,25089;1,978602;1,752994;0,5519755;1,201018;0,2256081;2,449921;2,447485;0,002435584;6,62976
2600;2614,319;2600,34;31,12784;98,80933;9,846904;0,3319003;0,0171457;0,3283623;0,01610757;9,153388;2,846263;0,439496;15,45626;13,40362;2,052639;1,82202;0,5736813;1,248339;0,2306188;2,538915;2,536458;0,002457895;6,579279
2650;2664,776;2650,36;31,84733;98,80488;10,18962;0,344449;0,01782099;0,3409174;0,01682898;9,469604;2,889027;0,4521365;15,68744;13,55938;2,128052;1,892398;0,595816;1,296582;0,2356537;2,629111;2,626689;0,002421629;6,514456
2700;2715,242;2700,381;32,58591;98,79989;10,54557;0,35725;0,0186136;0,3538767;0,01756565;9,798265;2,932933;0,4657282;15,92095;13,71597;2,204979;1,964267;0,618448;1,345819;0,2407122;2,720733;2,71835;0,002382691;6,440476
2750;2765,717;2750,402;33,32766;98,79497;10,90305;0,3702183;0,01927112;0,3669613;0,01826442;10,12833;2,977669;0,4787754;16,15396;13,87079;2,283174;2,03738;0,6414788;1,395901;0,2457941;2,814206;2,81186;0,002346187;6,365212
2800;2816,201;2800,424;34,07263;98,79012;11,26047;0,3834301;0,01998853;0,3801205;0,01898183;10,45794;3,025443;0,4909995;16,38704;14,02435;2,362686;2,111781;0,6649359;1,446845;0,2509053;2,908687;2,906413;0,002274352;6,24815
2850;2866,694;2850,447;34,83363;98,78488;11,62848;0,3969349;0,02069719;0,3935954;0,01952948;10,79772;3,072111;0,5042026;16,62405;14,18037;2,443683;2,18765;0,6888705;1,49878;0,2560327;3,004783;3,002526;0,002257187;6,130913
2900;2917,196;2900,471;35,60562;98,77946;12,00428;0,4106794;0,02130724;0,4073582;0,02001374;11,14491;3,119743;0,5178036;16,86117;14,33507;2,526095;2,264918;0,7132517;1,551667;0,261177;3,102625;3,100386;0,002238482;6,002092
2950;2967,707;2950,496;36,39199;98,77373;12,38962;0,4246862;0,02195517;0,421424;0,02055531;11,501;3,168437;0,5320923;17,09907;14,48911;2,60996;2,343609;0,7380866;1,605522;0,2663512;3,202773;3,200554;0,00221847;5,878919
3000;3018,227;3000,521;37,18952;98,76784;12,78022;0,4389447;0,02284587;0,4357209;0,02133244;11,86138;3,21815;0,5466153;17,33924;14,64404;2,695196;2,423648;0,7633739;1,660274;0,271548;3,305296;3,303127;0,002168494;5,805269
3050;3068,756;3050,547;38,20878;98,75491;13,17506;0,4534786;0,02372773;0,4501954;0,02182362;12,22584;3,26874;0,5613285;17,66517;14,79873;2,866439;2,589857;0,8158073;1,77405;0,2765815;3,538479;3,536289;0,002189937;5,714079
3100;3119,295;3100,574;39,0324;98,74868;13,57735;0,4682195;0,02466861;0,4648427;0,02188385;12,59772;3,320171;0,5763504;17,91092;14,95362;2,957298;2,675456;0,8428727;1,832584;0,2818418;3,647599;3,645433;0,002166214;5,648244
3150;3169,843;3150,602;39,86343;98,74242;13,98333;0,4831852;0,0254453;0,4796634;0,0215523;12,97349;3,372456;0,5914111;18,15766;15,10804;3,049614;2,762489;0,8704089;1,89208;0,2871247;3,758571;3,756426;0,002144846;5,567904
3200;3220,399;3200,631;40,70646;98,73598;14,39647;0,4983848;0,02622417;0,4948471;0,0222037;13,35481;3,426015;0,6065235;18,40603;15,26266;3,143365;2,850934;0,8983906;1,952544;0,2924303;3,871419;3,869295;0,002124023;5,47965
3250;3270,965;3250,661;41,5595;98,72944;14,81546;0,5138146;0,027062;0,5101757;0,02194998;13,74246;3,480416;0,6218271;18,65573;15,41715;3,238579;2,940822;0,9268557;2,013966;0,2977578;3,986065;3,983961;0,00210485;5,388815
3300;3321,541;3300,692;42,42473;98,72274;15,24172;0,5295231;0,02788086;0,5257342;0,02143473;14,13715;3,535703;0,6376594;18,90759;15,57235;3,335237;3,03213;0,9557633;2,076367;0,3031069;4,102058;4,099939;0,002118747;5,307142
3350;3372,125;3350,724;43,29853;98,71599;15,67495;0,5454715;0,02874638;0,5416267;0,02170878;14,5374;3,592773;0,6536791;19,15781;15,72444;3,433372;3,124894;0,9851686;2,139725;0,3084778;4,219312;4,217258;0,002054079;5,225308
3400;3422,719;3400,756;44,18534;98,70906;16,11426;0,5616829;0,02964279;0,5578487;0,02284858;14,94223;3,651759;0,669929;19,41098;15,87799;3,532996;3,219119;1,015043;2,204076;0,313877;4,338411;4,336375;0,00203636;5,132259
3450;3473,321;3450,79;45,08324;98,70201;16,56137;0,5781814;0,03062602;0,5743887;0,02435498;15,35382;3,710499;0,6865018;19,66633;16,03226;3,634075;3,314786;1,045379;2,269407;0,3192885;4,458533;4,456515;0,002018328;5,042748
3500;3523,934;3500,824;45,99291;98,69484;17,01585;0,5949031;0,03157801;0,5912126;0,02594319;15,77221;3,770232;0,7036986;19,92235;16,18571;3,736641;3,41192;1,076202;2,335718;0,3247211;4,580779;4,578779;0,002000386;4,971587
3550;3574,555;3550,86;47,24932;98,67818;17,47803;0,6118118;0,03249552;0,6084544;0,02889296;16,19638;3,831178;0,7208723;20,34152;16,33846;4,003069;3,672878;1,15873;2,514148;0,3301904;4,877709;4,875728;0,001980939;4,903382
3600;3625,186;3600,896;48,18565;98,67081;17,94482;0,6289823;0,0333987;0,625812;0,03083719;16,62579;3,892884;0,7383581;20,60371;16,49059;4,113123;3,777431;1,191926;2,585505;0,3356918;5,00587;5,003907;0,001962425;4,838759
3650;3675,826;3650,934;49,13563;98,66328;18,42093;0,6464024;0,03426929;0,6434077;0,03270553;17,06415;3,95564;0,7560125;20,86746;16,64269;4,224765;3,883548;1,225634;2,657915;0,3412169;5,135587;5,133643;0,001943766;4,758821
3700;3726,475;3700,973;50,09376;98,65573;18,90067;0,6641191;0,03520739;0,6611211;0,03371108;17,50651;4,019236;0,7740059;21,13278;16,79481;4,337966;3,991203;1,259845;2,731358;0,3467628;5,267069;5,265145;0,001923992;4,673349
3750;3777,134;3751,012;51,06374;98,64808;19,38855;0,682111;0,03620049;0,6791689;0,03507501;17,95599;4,083913;0,7923276;21,39847;16,94572;4,452747;4,100419;1,29457;2,80585;0,3523281;5,400484;5,39858;0,001903976;4,570601
3800;3827,802;3801,053;52,04355;98,64038;19,88167;0,7002919;0,03717466;0,6973191;0,035695;18,41119;4,14934;0,8108557;21,66632;17,09733;4,568984;4,21107;1,329748;2,881322;0,3579133;5,535371;5,533488;0,001883274;4,512946
3850;3878,48;3851,095;53,03514;98,63258;20,38072;0,7187227;0,03827085;0,7156673;0,03605401;18,872;4,215743;0,829614;21,93746;17,25071;4,686746;4,323227;1,365434;2,957793;0,3635184;5,671608;5,669746;0,00186194;4,465377
3900;3929,167;3901,138;54,03944;98,62466;20,88637;0,737415;0,03926657;0,73434;0,03700849;19,33833;4,283261;0,848697;22,21188;17,40577;4,806109;4,436966;1,401643;3,035323;0,3691425;5,809238;5,807398;0,001840222;4,412164
3950;3979,864;3951,181;55,05418;98,61668;21,39835;0,7563592;0,04038565;0,7532372;0,03779298;19,81057;4,351679;0,8679997;22,48775;17,56077;4,926979;4,552197;1,438325;3,113872;0,3747823;5,948414;5,946594;0,001819538;4,361839
4000;4030,57;4001,227;56,07741;98,6087;21,91634;0,7755523;0,04143468;0,7723282;0,03813441;20,28889;4,421004;0,8875922;22,76316;17,71376;5,049401;4,668964;1,475513;3,193451;0,3804378;6,089304;6,087503;0,001800846;4,311745
4050;4081,285;4051,273;57,61402;98,58834;22,4397;0,795043;0,04261453;0,7916799;0,03858103;20,77179;4,491457;0,9075494;23,28763;17,86922;5,418403;5,031919;1,590521;3,441398;0,3864835;6,487682;6,485898;0,001783523;4,259591
4100;4132,01;4101,32;58,66951;98,58012;22,97021;0,8147898;0,04376855;0,8113065;0,0392424;21,2611;4,562882;0,9277449;23,57415;18,02407;5,550084;5,157873;1,63066;3,527213;0,3922107;6,634514;6,632744;0,001770445;4,206168
4150;4182,745;4151,368;59,73518;98,57187;23,50636;0,8347969;0,04496506;0,8311781;0,03992248;21,75549;4,63534;0,948351;23,86248;18,17909;5,683391;5,285437;1,67133;3,614108;0,3979533;6,782657;6,780898;0,001759157;4,164387
4200;4233,489;4201,418;60,81318;98,56352;24,05045;0,8550452;0,04604099;0,8513103;0,04060931;22,25745;4,708725;0,9691448;24,15268;18,33434;5,818342;5,41463;1,712541;3,702088;0,403712;6,932178;6,930419;0,001759105;4,106386
4250;4284,242;4251,469;61,89934;98,55519;24,59943;0,8755408;0,04702998;0,8716584;0,04107242;22,76413;4,782968;0,9901579;24,44404;18,48914;5,954909;5,545419;1,754281;3,791139;0,4094893;7,082735;7,080999;0,001735588;4,050638
4300;4335,005;4301,521;62,99751;98,54677;25,15599;0,8962877;0,04801096;0,8922794;0,04165644;23,27776;4,858313;1,011447;24,73736;18,64425;6,093106;5,677819;1,796536;3,881283;0,415287;7,234399;7,232673;0,001725174;4,002203
4350;4385,778;4351,574;64,10448;98,53836;25,71902;0,9172461;0,04906255;0,9131483;0,04223478;23,79733;4,934632;1,032848;25,03086;18,79796;6,232904;5,811797;1,839312;3,972485;0,4211069;7,387122;7,38542;0,001702467;3,953114
4400;4436,56;4401,628;65,2228;98,52988;26,28924;0,9384628;0,05013176;0,9343363;0,04331595;24,32299;5,01196;1,054521;25,3262;18,95185;6,37435;5,947401;1,882625;4,064775;0,4269491;7,540874;7,539178;0,001696075;3,900838
4450;4487,352;4451,684;66,35142;98,52137;26,86595;0,9599165;0,05107209;0,9557501;0,04423219;24,85498;5,090238;1,076511;25,62305;19,10563;6,517427;6,084613;1,926466;4,158147;0,4328136;7,695666;7,693989;0,001676652;3,858103
4500;4538,153;4501,741;67,49076;98,51281;27,44974;0,9816385;0,05225253;0,9774163;0,04513711;25,39329;5,169482;1,098686;25,92165;19,25951;6,662136;6,223437;1,970842;4,252595;0,438699;7,851206;7,849533;0,001672528;3,805387
4550;4588,964;4551,799;69,28314;98,49022;28,03972;1,003597;0,05338936;0,9993383;0,04610823;25,93728;5,24971;1,121127;26,57921;19,4179;7,161308;6,715889;2,127245;4,588645;0,4454187;8,293384;8,291731;0,001652923;3,757759
4600;4639,785;4601,859;70,45614;98,48148;28,63757;1,02581;0,05458656;1,021525;0,04726298;26,48839;5,330983;1,143773;26,89022;19,57282;7,3174;6,866017;2,175261;4,690756;0,4513825;8,453589;8,451954;0,001635019;3,711586
4650;4690,615;4651,919;71,63967;98,4727;29,24165;1,048281;0,05583439;1,043905;0,04799908;27,04563;5,413162;1,166652;27,20335;19,72809;7,475262;7,017895;2,223874;4,794022;0,4573662;8,614853;8,613221;0,001631997;3,665952
4700;4741,456;4701,981;72,83197;98,46393;29,85126;1,070997;0,0570285;1,066455;0,04789297;27,60889;5,496196;1,189859;27,51775;19,88291;7,634834;7,171463;2,273033;4,89843;0,4633708;8,776909;8,775295;0,001613721;3,632978
4750;4792,306;4752,045;74,03692;98,45509;30,46926;1,093973;0,05825171;1,089367;0,04876601;28,1789;5,580418;1,213362;27,83415;20,03795;7,796194;7,326798;2,322764;5,004033;0,4693967;8,939734;8,938139;0,001595024;3,584967
4800;4843,165;4802,109;75,25265;98,44621;31,09413;1,117202;0,05952416;1,112582;0,05011582;28,7547;5,665631;1,237207;28,15221;20,1929;7,95931;7,483866;2,373067;5,110799;0,4754441;9,103475;9,101884;0,001591242;3,545228
4850;4894,034;4852,175;76,47672;98,43735;31,72325;1,140681;0,06076963;1,135965;0,05073748;29,3351;5,75175;1,261303;28,47247;20,34822;8,12425;7,642737;2,42398;5,218757;0,4815131;9,26794;9,266367;0,001573097;3,495396
4900;4944,914;4902,243;77,71564;98,42837;32,36298;1,164428;0,06213646;1,15976;0,05267136;29,92398;5,839008;1,285674;28,79501;20,50411;8,290902;7,803298;2,475433;5,327865;0,4876039;9,43297;9,4314;0,001569717;3,458923
4950;4995,802;4952,311;78,96986;98,41928;33,01378;1,188416;0,06340172;1,184481;0,05957375;30,51791;5,927793;1,31034;29,11922;20,65987;8,459348;7,965631;2,527481;5,438151;0,4937162;9,598719;9,597162;0,001557238;3,415998
5000;5046,701;5002,382;80,22834;98,41028;33,66595;1,212662;0,0647175;1,208981;0,06297129;31,11662;6,017162;1,335221;29,44496;20,81544;8,629513;8,129662;2,580078;5,549584;0,4998506;9,765055;9,763512;0,00154294;3,378326
5050;5097,61;5052,453;81,93527;98,39267;34,32564;1,237163;0,06603593;1,233744;0,06623977;31,72246;6,107461;1,360239;30,03767;20,97455;9,063113;8,556431;2,716119;5,840312;0,5066817;10,10426;10,10272;0,00154846;3,326402
