W;Time / s;Input_power;Output_power;Losses;Efficency;Caps_losses;FL1_losses;HF1_losses;FL2_losses;HF2_losses;Bulkcap_losses;GaN_total_losses;GaN_switching_losses;GaN_ohmic_losses;L_losses;iTHD;Load_average1:16;Load_average1:17;Load_average1:18
50;2;52,417524824988654;50,000004460232937;2,8493555850640004;94,564116499885984;0,81340487984748699;0,0084921482984344522;0;0,0047053516831239107;0;0,80020697125291318;0,93967580460514433;0,88767209800368418;0,052003706603857003;1,0631919392036528;5,2739353329143217;0,03114840904702201;0,0019345523563762202;0,033082961403376618
100;2;102,4201510047718;100,00002389832265;2,8966378666880082;97,171808639654813;0,81432165694433067;0,008904009062789188;0;0,0052062748389809363;0;0,80021096406701764;0,98337444086926329;0,92983871991226785;0,053535720956135145;1,0627033012153435;2,7130739713341883;0,034335231421687963;0,0019032362396141384;0,036238467661313577
150;2;152,42470085196913;150,00007495677517;3,0221922658529947;98,017255574508269;0,81601046045659897;0,0096634319186049526;0;0,0061288801601597749;0;0,80021775566723796;1,102003906959222;1,0459240655510664;0,056079841410065612;1,0626372048104893;1,8345927930852024;0,039668455713234442;0,001872237908104661;0,041540693621439612
300;2;302,45004698834043;300,00054769139791;3,9253572889612456;98,702146911101849;0,82489955582342767;0,013760096490359227;0,00017130679153360933;0,010716351799981609;0;0,80025145938985198;1,9648767047270772;1,8949728263316226;0,069903878394516852;1,0663704880056712;0,94323208469159781;0,067569418875276718;0,001641121529053313;0,06921054040448453
350;2;352,46196996512492;350,0008567198297;4,3041494197822789;98,778832959821898;0,82857916723183955;0,015422557405049452;0,00026655157030100349;0,012438899529473815;0,00018515203476915086;0,80026567546855409;2,3259173427696931;2,2493890712402478;0,076528271532386061;1,0680450887888919;0,8052569857420222;0,080048467771918944;0,0015593532175262673;0,081607820989357774
400;2;402,47591367208207;400,00126512908321;4,8516787646076782;98,794541838056418;0,83255966622771271;0,017328011130404605;0,00034620622555721245;0,014326883828040907;0,00027693853594410714;0,80028130400516795;2,8530239456430886;2,7685253100030907;0,084498635644674747;1,0704032604217051;0,69815773347025056;0,094187029411566259;0,0015048628994006514;0,095691892310952972
450;2;452,49304579600863;450,001717411708;6,2395103492296764;98,62108149599149;0,83767177243651658;0,019616856863090528;0,00047657475687063806;0,016833053180622056;0,0004435873464521929;0,80030138324854561;4,2151897708288661;4,1204270750833505;0,094762695746878206;1,0735301588399098;0,62764072073042576;0,11161348873369548;0,0015051583854364071;0,11311864711918988
500;2;502,51301340423458;500,00234093939639;7,3192085984077435;98,543478797409591;0,84231451013045988;0,021832610883023469;0,00055461751285519091;0,019073997357728564;0,00053025281185543286;0,80032272185928677;5,2681854784165942;5,1623012831646582;0,10588419524993756;1,0770808156324436;0,56392924254118371;0,13015715652854132;0,0014706377032468367;0,13162779423172311
550;2;552,53449487187424;550,00310851916061;7,6281244335447251;98,619430190687439;0,84750625858369144;0,024317605787377527;0,00064889686721062551;0,021568777485368763;0,00062448682575569413;0,80034618023370263;5,5485969674459907;5,4302189780882308;0,11837798935827505;1,080141399497365;0,51142768079424972;0,15061115814948464;0,0012686498629476365;0,15187980801195228
600;2;602,55792278090655;600,0040401258849;8,0228356002030292;98,668537034728772;0,85318622462648686;0,02704103928696977;0,00075539328883636968;0,024278667629276343;0,00073892403321971134;0,80037189247234575;5,9125002685217654;5,7802777572843089;0,13222251122748871;1,0832144106674151;0,46743645650672921;0,17300052387452308;0,00093417251992768764;0,17393469639430967
650;2;652,5829240891951;650,00514030744284;8,4982984723304913;98,697744279552111;0,85917258923115614;0,029943003940434372;0,00086852118061099483;0,027111553300088551;0,00084903588453860484;0,80040016877640063;6,3534157981570649;6,2064958285365499;0,14691996960245457;1,0875064550979505;0,42755078617578585;0,19697054322766269;0,0012330866490153007;0,19820362987621273
700;2;702,61057955869785;700,00643494673534;9,0072691308677211;98,718028253348479;0,86555804158284733;0,032966677351137869;0,00099321192451195324;0,030188372581102799;0,00097986263372340466;0,80042961264985746;6,8254084826339394;6,662796211799753;0,16261227083245394;1,0920565853977156;0,39375303699222391;0,22296677800648151;0,0012792432413804419;0,22424602124828014
750;2;752,64030650955556;750,00792153927512;9,4207675143639289;98,748304147297759;0,87263794176123599;0,036356892815391624;0,0011328239482388241;0,033560790036194374;0,0011240367367917063;0,80046309478565913;7,1985046463687485;7,0189617994695537;0,17954284689841943;1,09698364130279;0,36803872414281835;0,25150442499739467;0,0011368599413807553;0,25264128493876425
800;2;802,67220893963895;800,00961021938861;9,752012975886851;98,785056607707574;0,88023795361958901;0,039989247884101103;0,0012543918200296654;0,03720799018354367;0,0012874701296164014;0,80049855158445382;7,4870826248015048;7,2896641783348208;0,19741844645498235;1,1019447480940452;0,34507673282711576;0,28191861729959977;0,00082903209574888761;0,28274764939481989
850;2;852,70591033225594;850,01151177451288;9,9934196245258882;98,828034438283453;0,88837530782197527;0,043879307536120196;0,001405303903460108;0,04112251446051271;0,0014316935096969016;0,80053618761699707;7,6832130117412234;7,4669025826509348;0,21631042908488629;1,1070245797266229;0,32516494322186729;0,31435483409733517;0,00045189114325116001;0,31480672524044256
900;2;902,74148516428477;900,01364290018341;10,203775828648412;98,869690162284982;0,89702076006549425;0,048015539954655712;0,0015610475542180324;0,045272322638605075;0,0015954118427230427;0,8005761633932863;7,8453060004615836;7,6091407241078679;0,23616527637208001;1,1124900031245111;0,30724570933089651;0,3487067196096158;0,00025234536745119372;0,34895906497695223
950;2;952,77899872778983;950,01602090168683;10,381710100162806;98,910375847940387;0,90615321044878294;0,05239877959282703;0,0017400648987562065;0,049624035562739664;0,0017718591462588336;0,80061817293281723;7,972028899424437;7,71503568968346;0,256993209740143;1,1182551867947288;0,29110085441267181;0,38499504439343535;0,00027775909689675221;0,38527280349059201
1000;2;1002,8184742636648;1000,0186605508731;10,562751905480029;98,946693528296706;0,91573349284648253;0,056972502950372317;0,0019151414327479455;0,054224382448664669;0,0019586822658060775;0,80066248627190584;8,0990429044658754;7,8202457394316358;0,27879716502050722;1,1244146803316559;0,27660487494681152;0,42325073957856008;0,00031008826092201059;0,42356082783880511
1050;2;1052,8599456078477;1050,0215755407748;10,747410856946212;98,979217426934099;0,92592838773768371;0,061886153357334273;0,0021279863883044733;0,059004671162105983;0,0022002689229121005;0,80070901145120343;8,2266916608627074;7,9251794919328216;0,30151216895004707;1,131045017368042;0,26337139672493559;0,46343948173383948;0,00030630924396860936;0,46374579097691926
1100;2;1102,9034034157326;1100,0247794784045;10,934774952955975;99,008546450908113;0,9364905546293889;0,066906090727921613;0,0023155234600672255;0,064102320294721279;0,0024083179219039005;0,80075800633330163;8,3543692770755875;8,0291945016773116;0,32517477537559303;1,1380288431491103;0,25144104685515795;0,50561228154059912;0,00027399658004432256;0,50588627812030051
1150;2;1152,9488891509338;1150,0282859275239;11,12536763599198;99,035051100546383;0,9475683045010781;0,072198819692926325;0,0025365619029616318;0,069396934721085837;0,002626540399604763;0,80080915198165215;8,4823406054677672;8,1325684857034322;0,34977211977572237;1,1454276534443193;0,24066434220094934;0,54977443971135653;0,00025663287947537557;0,55003107259103801
1200;2;1202,9964041071999;1200,0321083891542;11,319297719765022;99,0590746852602;0,95916154573780965;0,077694196896247625;0,0027531511175749698;0,074937437851197317;0,0029139065565724482;0,80086255846576249;8,6107342149317834;8,2354543066553578;0,37527990828545116;1,1531988105077642;0,2305722393185205;0,59584135347959988;0,00036179507894951179;0,59620314855901868
1250;2;1253,0459469981658;1250,0362603828899;11,515696188843307;99,080983726170842;0,97113018058181133;0,083468804569846608;0,0029918099801436106;0,080653999741103877;0,0030971665839791725;0,80091810533421992;8,7389175148621643;8,3372171562290234;0,40170035862047182;1,1613258722069533;0,22140849427387355;0,64390178382921726;0,00042083737452976589;0,64432262120350925
1300;2;1303,0974814360302;1300,0407555105933;11,715217068071967;99,10097155305337;0,98375906159077853;0,089432922834074627;0,0032796078934218651;0,086657302367777675;0,00341292223091446;0,80097601224813364;8,8675007814886797;8,4384671773176301;0,42903360415840669;1,1697782668534964;0,21288875272180097;0,69390577237562012;0,00027318575125682406;0,69417895812822406
1350;2;1353,1511124875583;1350,0456074325659;11,91933315753662;99,119142494217982;0,99675524265847892;0,095641810567187568;0,0035101165062472505;0,092862014253530384;0,0037048679686985703;0,80103613967765164;8,9979688532104465;8,5406915271439221;0,45727732607812349;1,1784812151175028;0,20484827766612468;0,74582629470518169;0,00030155182942712979;0,74612784653387121
1400;2;1403,2068100556251;1400,0508299375742;12,127296181532223;99,135744205685882;1,010178995339696;0,10208630968269507;0,0037750285476534362;0,099295386801179511;0,0039233481086967453;0,8010986288045997;9,1296158886762182;8,6431601444066963;0,48645574425338362;1,1877101582175631;0,19736899407459668;0,79970409072764392;8,704858432722354e-05;0,79979113930913559
1450;2;1453,2646010856513;1450,0564369327544;12,339135303942369;99,150936775289679;1,0242596299229547;0,10875810912621919;0,0040599811300580727;0,105975766161268;0,0043022264632832374;0,80116325390736498;9,2617460312199924;8,745169393341051;0,51657663786671815;1,1974991563245379;0,19043137401064908;0,85555153045745491;7,8956014078466983e-05;0,85563048647257367
1500;2;1503,3244973839364;1500,0624423588058;12,554067100492148;99,164913024508692;1,0386777873547961;0,11566229160531249;0,0043205835804489123;0,11286844589874545;0,0045960322701512363;0,80123014165782136;9,3942204116788695;8,8465900983916281;0,54763031330271295;1,2077313793687483;0,18394970986116679;0,91335856919315694;7,8952865022552352e-05;0,91343752205798678
1550;2;1553,3865417012626;1550,068859904987;12,772689912017082;99,177751992349343;1,0537192535490518;0,12281290642984259;0,0046526832737052463;0,12000116227267547;0,0049528276976574231;0,80129938118207766;9,5274857322123552;8,9478723276695202;0,57961340453135113;1,2183002947551265;0,17782078685615516;0,97310568074235881;7,8950781308013276e-05;0,97318463152326351
1600;2;1603,4506178169424;1600,0757029904175;12,997251637949722;99,189419900246151;1,0692283173771835;0,13019256041333516;0,0050255862239136327;0,12737148201123902;0,0052675095058260747;0,80137088672895729;9,6638623679392168;9,0512995389600093;0,61256282899703829;1,2292091971897297;0,17224214108402122;1,0348728062200196;7,8949235209108178e-05;1,0349517554586842
1650;2;1653,5168652156642;1650,0829847801383;13,22548119732375;99,200160491106573;1,0851691080450079;0,13779232360603941;0,0053690075673259487;0,13496842855695745;0,0055945015777561597;0,8014445544021942;9,8009519018659041;9,1545004414453999;0,64645146041471169;1,2406765198946672;0,16698448014774511;1,0985962708296029;8,7396673529122721e-05;1,098683667503574
1700;2;1703,585329325992;1700,0907183835491;13,458833541972067;99,209970097295255;1,1016134116765892;0,14564234154835359;0,0057132166552324535;0,14280209564268739;0,0059348232222095334;0,80152064242538712;9,9400016912740607;9,2587340491555583;0,6812676421309336;1,2526655206651627;0,16197168009043564;1,1642588187326641;0,00029409960256827569;1,1645529183357977
1750;2;1753,6558866723908;1750,098917095657;13,695871670196491;99,219010311364357;1,1186291535068256;0,15371544719722824;0,006036045350167169;0,15088853691017529;0,0063898490067386552;0,80159898299299559;10,079915605421043;9,3628572923096343;0,71705831310218693;1,2651074851891193;0,15739604804325957;1,2319412318597933;0,00027819424166207636;1,2322194261025736
1800;2;1803,7286901939399;1800,107594698939;13,935455723984564;99,227408435821502;1,1361381579798144;0,16202422068669969;0,0064368196669244079;0,15919278153514213;0,0068045123673998262;0,80167953178916063;10,219766284637139;9,4659914504710585;0,75377483417275548;1,2779019566053607;0,15299402329318759;1,3015555705321624;9,3754193158692394e-05;1,3016493247272269
1850;2;1853,8037806942198;1850,1167655557485;14,179853862604061;99,235094135349797;1,1541551484999961;0,17056753560649776;0,0068302934004942648;0,16773760263159135;0,0072570411799112939;0,80176238384979148;10,361175442215949;9,5697511449677393;0,79142429725101693;1,2913277289373575;0,14878774510485915;1,3731166248914444;7,8918070259722105e-05;1,3731955429616185
1900;2;1903,8811359009776;1900,1264444968633;14,427526985815771;99,242204427285984;1,1725771177641029;0,17935156045113282;0,0072240735203977849;0,17650790617441131;0,0076457093865403836;0,80184757648754279;10,502692471840351;9,6726710245721712;0,83002144726740679;1,3055070256476189;0,14487588705819088;1,4466714598582822;7,8910706171718921e-05;1,4467503705657081
1950;2;1953,9607127397203;1950,1366463510381;14,679923908154679;99,248709363200916;1,1916721848590999;0,18837765737686579;0,007763470193300692;0,18552005412145206;0,0080757245756615473;0,80193498693795884;10,645890741461674;9,7763441088091891;0,86954663267296017;1,3200937006089903;0,14116007301366179;1,5221883750969489;7,8906138086965873e-05;1,5222672812349352
2000;2;2004,0424879508196;2000,1473854197575;14,935723444827138;99,254720221396269;1,2111063158749793;0,1976153848051212;0,0081817884189189297;0,19476875958606371;0,0085154000960057756;0,80202469132976328;10,789923682883463;9,8799266768391263;0,9099970060126451;1,334961571494603;0,13759164119372097;1,5996529694954211;7,8905107555467249e-05;1,5997318745998872
2050;2;2054,1265174250852;2050,1586746654461;15,195100503288199;99,260264625869652;1,2309222347454947;0,20710139153787904;0,0085258088825691716;0,20423822876038281;0,0089398676413036653;0,8021166464840902;10,934907345194572;9,9835260295307311;0,95138131566133655;1,3501019206635323;0,13421525427857808;1,6790900959256738;7,8906796624614994e-05;1,6791690027235864
2100;2;2104,2127777582446;2100,1705257907984;15,458834094212067;99,26533883708224;1,2514856073335461;0,21682146844634184;0,0090094878850184735;0,21396347945570024;0,0094799307389623923;0,80221094936309523;11,081174094402847;10,087484929694075;0,99368916472712754;1,3656251663832244;0,13095175435135573;1,7604703171771952;7,8908901625961755e-05;1,7605492260814364
2150;2;2154,3013225065351;2150,1829501317352;15,727143209736546;99,269965486299512;1,2725563552410208;0,22679462924598467;0,0095178101023645264;0,22390948443678424;0,010026599650614972;0,80230754042285612;11,228884978898503;10,191967856996106;1,0369171218974818;1,381743086344807;0,12797836648704464;1,8438798804585987;7,8908810841730778e-05;1,8439587892722591
2200;2;2204,3921907485278;2200,1959604857161;16,000558817056831;99,274150994770494;1,2940409531428079;0,23698533400527638;0,010035890129941948;0,23408810407195926;0,010525037231904366;0,802406296376726;11,37855445063691;10,297556014306677;1,0809984363279586;1,3986444476632238;0,12510892600002269;1,9292400600216766;7,8905588735998338e-05;1,9293189656091458
2250;2;2254,4853953697652;2250,209572942485;16,279340662370426;99,277913236221039;1,3160868618094845;0,24741612936155388;0,010570411844383209;0,24451240266369748;0,01108028205725984;0,80250734460817286;11,530218330760059;10,404234951900682;1,1259833788601947;1,4163867718557961;0,12237490421321447;2,0165697962945663;7,8901681989601005e-05;2,0166486979772449
2300;2;2304,5809414681071;2300,2238088050799;16,561490863286135;99,281366493324242;1,3385517825081319;0,25808201253356755;0,011119282557231078;0,25516095929031912;0,011578535011246409;0,80261070188500871;11,682231077215423;10,510330243035428;1,1719008341752508;1,4347648840095373;0,11975689374575775;2,1058642158821459;7,8903692028509434e-05;2,1059431195733067
2350;2;2354,6788299258756;2350,2386930955231;16,846793409648729;99,2845396508405;1,3613749165444013;0,26898790903001524;0,011604023784782102;0,26605105316620592;0,012015094481818905;0,80271654489781696;11,834964292693595;10,616200566067354;1,2187637266091313;1,4532173040109635;0,11731543494085186;2,1971579757212565;7,892069808409591e-05;2,1972368964179538
2400;2;2404,7790128140527;2400,2541858888339;17,145018857969649;99,287043893036156;1,3845512709552448;0,28012231138822968;0,011981617256476243;0,27716608399366827;0,012456403213298306;0,80282456408020475;11,998206078596407;10,731580924327032;1,2666251542901026;1,4716788015195841;0,11513973636265887;2,2905037601648357;7,8946711112678426e-05;2,2905827068770916
2450;2;2454,8815368484688;2450,2703697350394;17,433418458824981;99,289846855451245;1,4088048898960361;0,29151219234173825;0,012618759838350585;0,28855778732149551;0,013180888053597056;0,80293497112584078;12,148154690944116;10,832843401950237;1,3153112890046466;1,4907049856212213;0,11278645071300018;2,3856749194076077;7,8972964388773648e-05;2,3857538923719925
2500;2;2504,986494969653;2500,2872277762262;17,72393973351415;99,292453682302721;1,4333352223466338;0,30314078239260978;0,013240061610629659;0,30017347570982739;0,013732920456509045;0,80304769114071328;12,297318544567464;10,93236782594281;1,3649507186422127;1,5103145276636905;0,11067258054903335;2,4828922118060168;7,9227112473847976e-05;2,4829714389187254
2550;2;2555,0940262455779;2550,3047728486026;18,022502619315478;99,29464425170643;1,4582962525695087;0,31500190106777914;0,013775099865681633;0,31201704795216972;0,014339252796560578;0,80316265983859325;12,449448716274313;11,033843643577363;1,4156050727150622;1,5325920552868846;0,10865812359760553;2,5820865722917361;7,9022901625148609e-05;2,5821655951914768
2600;2;2605,203820931662;2600,3230137237369;18,323868041090563;99,296643592309948;1,4839851196246934;0,32711945627334721;0,014481776865847822;0,32409605455456303;0,015007583212148012;0,80327995791300233;12,603274075796135;11,136080263587369;1,4671938122037835;1,5532776734395655;0,10672738808198733;2,68325212666607;7,904558956618038e-05;2,6833311722508588
2650;2;2655,3160366629418;2650,3419593429917;18,631066359471646;99,298348442268775;1,5098718794956891;0,33944029825452526;0,015096014728757878;0,33639508500524679;0,015540737887613419;0,80339945287912284;12,760224813632917;11,240480418172757;1,5197443954745848;1,5744992493939072;0,1048790908341513;2,7863913489806977;7,9067972500462491e-05;2,7864704169532852
2700;2;2705,4305491417485;2700,3616152059535;18,944327993789482;99,299766613219319;1,5360105658021976;0,35197028754886467;0,015519236043328727;0,34892130852200431;0,016078364415608552;0,80352107854643418;12,920469226817138;11,347242642284922;1,5732265845382634;1,596293162116144;0,10306012388220746;2,8914759502094802;7,9088848088806362e-05;2,891555039054301
2750;2;2755,5475795579591;2750,3819794479436;19,272854981923199;99,300579852210092;1,5633480716831734;0,36477509188560336;0,016273992089228379;0,36171037788242866;0,016943428971422446;0,80364488973695036;13,092031267280515;11,464317891672527;1,6277133756151922;1,618790016947506;0,10143523628402937;2,9986065192857523;7,9106721338483693e-05;2,998685626004808
2800;2;2805,667027320033;2800,4031130838903;19,594137851108776;99,301622835898598;1,5909117908599013;0,37780344114646941;0,016990712808884083;0,37471960636950219;0,017626690375597911;0,8037710492120983;13,253711996095262;11,570647946945444;1,683064049125889;1,6418437305645086;0,099680736799709069;3,1075912099857175;7,9123615441196332e-05;3,1076703335986022
2850;2;2855,7889664111417;2850,4250074555544;19,917631141336162;99,302552417471546;1,6188914868031834;0,39106712539383331;0,017656862211728457;0,38796130415948221;0,018306428473053325;0,80389947563421327;13,414597830443084;11,675251222024471;1,739346608416481;1,6655061847189607;0,09799890282562225;3,2185522508620883;8,3388552672124423e-05;3,2186356394080549
2900;2;2905,9135712080715;2900,4476776974921;20,246547862279879;99,303263936203166;1,647358210738874;0,40456534493505092;0,018349322332903886;0,4014432508235663;0,018969808089507059;0,80403019365232042;13,575961018035034;11,779371431186188;1,7965895868462185;1,6916542415536813;0,096393677335676622;3,3314952385915708;7,9153389404017081e-05;3,3315743919749443
2950;2;2956,0405849346262;2950,4711381016141;20,575138668406396;99,303962917539323;1,6762545643084805;0,41829715302895298;0,018919545007400888;0,41516994602488294;0,019704398830340746;0,8041632305109937;13,73595033465255;11,881169446313153;1,854780888330692;1,7163997448331059;0,094915041837841385;3,4464548591978064;7,9165428016741128e-05;3,4465340246196661
3000;2;3006,1700871965641;3000,4954017177433;20,908715194919836;99,304473314761921;1,7057977745616086;0,43228908624460699;0,019702423131423466;0,42912462386979916;0,020382840123089625;0,80429851030649724;13,897766832596918;11,983858781962109;1,9139080506703117;1,7417075714280907;0,093453751147463196;3,5633638393902189;7,9176926460432096e-05;3,5634430163185664
3050;2;3056,3022479393344;3050,5204815869056;21,246344098159224;99,304834982209371;1,7357092538827841;0,4465111996443441;0,020444942315278918;0,44331540906354727;0,021001327807413723;0,80443608418363854;14,060606085503039;12,086579038881325;1,9740270465987868;1,7676085296722681;0,092184945215863956;3,6823410419362936;7,9187177606268559e-05;3,6824202291031076
3100;2;3106,4368034929171;3100,5463913719586;21,588518222269901;99,305039195831071;1,7660640543875594;0,4609521182524921;0,021028724513760484;0,45775101183775857;0,021756037740926545;0,80457587130008479;14,225103531310943;12,190025224726739;2,035078306587045;1,7940442237873255;0,090866303236569509;3,8032272165543604;7,9196237685071812e-05;3,8033064127954384
3150;2;3156,5739353880563;3150,5731439535703;21,934798811079858;99,305107397212311;1,7970850053593495;0,47563237677538939;0,021790362410264927;0,47240773208475673;0,022536317559922889;0,80471792567739098;14,390505961341065;12,293444229599332;2,0970617317741249;1,8210771760249089;0,089541404463427718;3,9260514642245048;7,920414195983585e-05;3,9261306683591117
3200;2;3206,7136639820628;3200,600753246425;22,285725018637727;99,305029156840618;1,8286010668948094;0,4905468641696476;0,022559218002304562;0,4873050106556111;0,023327447743776347;0,8048622354799595;14,557512965557647;12,397495502172672;2,1600174634110694;1,8486467540811604;0,088310691226826679;4,0508850210468257;7,9211034168901281e-05;4,0509642320793127
3250;2;3256,8559278633875;3250,6292325428162;22,640683106707751;99,304830070136006;1,8607696258278124;0,50569309608368129;0,023346117655704667;0,50244769476501105;0,02427364235675103;0,80500878412929988;14,725410330277892;12,501513509881384;2,223896820409955;1,8768033989954571;0,087019345761714967;4,1776195773072073;8,0174261348880588e-05;4,177699751561641
3300;2;3307,0007499638778;3300,6585717264788;23,014163704439799;99,30407745832548;1,8934018195582021;0,52109078148158749;0,024312833739143058;0,51779708203829478;0,025043328943314368;0,80515750252435792;14,908835039501582;12,620059167269039;2,2887758722398206;1,905484749376315;0,085800559586247965;4,3063509088039735;9,1187184811087989e-05;4,3064420959843694
3350;1;3357,1482300389139;3350,6888251277669;23,357095446311899;99,304257844683193;1,9259942774607204;0,53670528076205426;0,024973258113956988;0,53336239216211245;0,025644468234983456;0,80530858491642954;15,059183725224333;12,726191716082816;2,33299200918899;1,9347457356838382;0,084668246799518843;4,4370924820803133;7,9225840205738183e-05;4,4371717079204362
3400;1;3407,2983623914397;3400,7199875071192;23,722870349567689;99,303763045181768;1,9592336141328692;0,55253375122399251;0,025645188945595022;0,54917799851095273;0,026414500329560182;0,80546188205814584;15,229195768825164;12,830277581538731;2,3989181873322383;1,9645753229474638;0,083533124364687586;4,5697799524159572;8,5691281598941651e-05;4,5698656436955805
3450;1;3457,451239249845;3450,7520728226996;24,092755467336129;99,303164273035406;1,9931464490009638;0,56861398691143006;0,026477680699139781;0,56523009351091102;0,027206914892102363;0,80561748013324452;15,39931168716528;12,933510145825506;2,465801541342004;1,9957559669785034;0,082458087217919349;4,7044621299738729;7,9234216349628514e-05;4,7045413641898168
3500;1;3507,6067649428846;3500,7850952476033;24,467997585218455;99,302430425156004;2,0277368760374737;0,58492675585672282;0,027250963913137739;0,58154734350476156;0,028236131753254137;0,80577538831228723;15,571449009155062;13,037823485045692;2,5336255240902821;2,0276177390726349;0,081409329086354176;4,8411147252968805;7,9235684466282409e-05;4,8411939609859225
3550;1;3557,764861759455;3550,8190665060965;24,846082711465218;99,301637862796881;2,0629731157065483;0,60148780891212339;0,028220925437336036;0,59808883115399392;0,029239755898941618;0,80593550176040551;15,744209538782236;13,141858696697563;2,6023508421042161;2,0591142960124111;0,080346397616807924;4,9797065232820819;7,9237659410273266e-05;4,9797857609472356
3600;1;3607,9256072858657;3600,8540000456142;25,227249129690342;99,300782447040078;2,0984173185061685;0,61828498480400751;0,029218914365518416;0,61483612279813471;0,029979099126413999;0,80609790689202776;15,917336658093312;13,245331197891469;2,6720054601961083;2,091149692418405;0,07930495175789215;5,1202662211863004;7,9239489330191253e-05;5,1203454606782355
3650;1;3658,089073201767;3650,8899089574902;25,611897742521851;99,299855819573281;2,1343521601492683;0,63530972860102519;0,030115963750654322;0,63183046861242176;0,030833157187516932;0,80626254964708599;16,090914462797027;13,348314425295694;2,7426000375357487;2,1237434538637165;0,07830125851127169;5,262808424831916;7,9240818475747701e-05;5,2628876656546106
3700;1;3708,2552628133417;3700,9268061695934;26,000379227507636;99,298851416719202;2,170205998900399;0,65253907342330253;0,030784445513138969;0,64902674034138685;0,031425995044385348;0,80642945229446628;16,265861093401377;13,451719771109104;2,814141322307683;2,1568938708749203;0,077340521846600563;5,407339022706374;7,9241659298165049e-05;5,4074182643758721
3750;1;3758,4241381808356;3750,9647048088991;26,393963572647863;99,29773855692595;2,2069929578463823;0,67000141839436722;0,031400488044867669;0,66651504805636341;0,032477080519107332;0,8065986305934425;16,442452197087288;13,555839230495414;2,8866129665701599;2,1906110730825539;0,076385272943931021;5,5538281027274357;7,924193957403939e-05;5,5539073446649345
3800;1;3808,5957790943808;3801,0036173229541;26,791419466812538;99,296553873503314;2,2447948772067985;0,68774405783257886;0,032482702361169291;0,68423819093028837;0,033559587446631178;0,80677004646066264;16,619348946911032;13,659330551779975;2,9600183951502559;2,2249006150674875;0,075458223332352081;5,7022957858772498;7,9241750284448105e-05;5,7023750276255996
3850;1;3858,7701388250266;3851,0435566618958;27,193323348629683;99,295285223414893;2,2829894754771831;0,70572774825989126;0,033564444623523849;0,70218492635502905;0,034568302685099368;0,80694376140050506;16,797750260369941;13,763383253227543;3,0343670071249389;2,2597561230392218;0,07456515474704907;5,8527482486548044;7,9241123233192296e-05;5,85282748978147
3900;1;3908,947228254232;3901,0845371331038;27,598317235835186;99,29397058493872;2,3210294911172027;0,72388991491021826;0,034319528292443453;0,72033585827917224;0,03536426139203605;0,80711963614202598;16,976992094335191;13,867376615943906;3,109615478411432;2,2951034344087815;0,073621886570539613;6,0051129759315192;7,9240057121069939e-05;6,0051922159930466
3950;1;3959,1271461441138;3951,1265745947517;28,007008820115995;99,292596377759381;2,3599484147299115;0,74233458140878505;0,035400489879404744;0,73872692371583526;0,036188302512529975;0,80729782511783255;17,156459446559541;13,970638031057456;3,1858214155293321;2,3310333708556006;0,072740111592051918;6,1594883493850672;7,9238571014398989e-05;6,1595675879655838
4000;1;4009,3098296021922;4001,1696829242451;28,418780789215489;99,291180227593998;2,3989106211782918;0,76096186358507412;0,036116859055828468;0,75734622527674167;0,037007063774683879;0,80747831742328435;17,336457677695865;14,073503249232187;3,2629544284606125;2,3675060342891396;0,071865127713307123;6,3158272193419407;7,9236728293208887e-05;6,3159064560767249
4050;1;4059,4953239098995;4051,2138750471945;28,83521026738735;99,289684850448779;2,4389790347775913;0,77985170628098799;0,037025769296140772;0,77624757935581168;0,038192674839118611;0,80766101311224814;17,517477026048734;14,176448508765322;3,3410285173101251;2,4045322605432506;0,0710105344557663;6,4741427114877164;7,9234520218879673e-05;6,4742219460132686
4100;1;4109,6836577785507;4101,2591646175288;29,255571096757478;99,288130825955179;2,479446336470684;0,79900693262772327;0,038001351916700281;0,79539356095560454;0,039198054083161932;0,80784614468747706;17,699399634908339;14,279339823958153;3,4200598109013405;2,4421534393935365;0,070237326676874753;6,6344924540993988;7,9231888056928762e-05;6,6345716859857102
4150;1;4159,8747652801767;4151,3055652885223;29,679722860326052;99,286523644187071;2,5205018799043186;0,81843305715195436;0,039193530191817892;0,81477337376089587;0,040067975506453558;0,80803365127161375;17,881891788368296;14,381821922230319;3,5000698661472276;2,4803429648191866;0,069574636591056782;6,7969069982489465;7,9228977859906839e-05;6,7969862272183246
4200;1;4210,0686604333641;4201,3530906501974;30,109332923230244;99,284825608244773;2,5640202678124568;0,83820124103500793;0,041484256954854727;0,8344394377656561;0,041671720887851656;0,80822331901284272;18,064836332973567;14,483816836406408;3,5810194965564395;2,5191306507411286;0,068891935820110384;6,9612664459315452;7,9225749854731803e-05;6,9613456716778126
4250;1;4260,2655109228308;4251,401754140823;30,540086514858686;99,283141239659187;2,6057153179160109;0,85802437912656238;0,042404797498790121;0,85425012230062769;0,042620499608277143;0,80841522731783244;18,248345270463563;14,585480781132652;3,6628644893697015;2,5584400490873693;0,068122903623521816;7,127506655181195;7,9222206806851857e-05;7,1275858774003069
4300;1;4310,4651844696136;4301,45156921745;30,976677664181526;99,281361144158041;2,6499951550527601;0,87819386919947906;0,044115344751502437;0,8744259724409309;0,044650351762554587;0,80860932489337356;18,432544142576972;14,686887311658767;3,7456568309054497;2,598313095113157;0,067391939211224675;7,2957460531134117;7,92183820494823e-05;7,2958252714922844
4350;1;4360,6677773198908;4351,5025486873565;31,414970835479647;99,279583484606249;2,6925280390113064;0,89845993635273735;0,044577668975989429;0,89475364635191201;0,045930738303363236;0,80880575700368462;18,617695071254118;14,788292442142431;3,8294026291411765;2,6386644467709455;0,06671660236130865;7,466004063982898;7,9214459599768742e-05;7,4660832784581155
4400;1;4410,873273285094;4401,5547060644212;31,857101076969755;99,277759774059376;2,7360065034729009;0,91909745559693723;0,046190485147344307;0,91522565506894527;0,046488177229412814;0,8090044384111339;18,803310319881305;14,889240011645093;3,9140703082499075;2,6794980319466681;0,066021174242554673;7,6382070113749618;7,9210338864842703e-05;7,63828622171701
4450;1;4461,0816832681494;4451,6080547727297;32,30260025766556;99,275902066648285;2,7796681941253603;0,93984180151101049;0,04674892650813036;0,93603041650666685;0,047841374032722359;0,80920538353738647;18,989546541994603;14,98985989762585;3,9996866443875079;2,7209042547607387;0,065352515955974091;7,812402061331075;7,920553382162003e-05;7,812481266873192
4500;1;4511,2930108344462;4501,6626085758398;32,751982040473344;99,274000115396007;2,8239330760277812;0,9608728158131582;0,047650077058294736;0,95704375069107561;0,04895749413571996;0,80940864356769748;19,176498320186436;15,09023155758722;4,0862667626070959;2,7628616476074974;0,064729226755100039;7,9886097961244182;7,9200508910182347e-05;7,9886889966537904
4550;1;4561,5072894732857;4551,7183809438957;33,204289045386929;99,272076378351429;2,8679782370966822;0,9820731156545246;0,04809577325410206;0,97827515352776595;0,049919672298955692;0,80961423029848778;19,364070661777046;15,190284062512541;4,1737865992755525;2,8053702787852521;0,064111509727380805;8,1667906719330308;7,919576566918382e-05;8,1668698676993099
4600;1;4611,7245129547764;4601,7753853346203;33,660266469973124;99,270115411414793;2,9124243615765719;1,0035339331584991;0,048649552197056141;0,99972147007731404;0,050696979304380774;0,80982213476875631;19,552401989653777;15,290140896366577;4,2622610932971066;2,8483949237974504;0,063518958984461679;8,3469660044981087;7,9190377886750651e-05;8,3470451948841902
4650;1;4661,9447385584281;4651,8336345872376;34,121558361783137;99,268083165018794;2,9587068147635862;1,0253343372995829;0,050076199954628892;1,0214494745653517;0,051814371151813601;0,81003236742126727;19,74160059833461;15,389924091402461;4,3516765068992376;2,8920528985458072;0,062934458164457613;8,5291188652065895;7,9184917301919637e-05;8,5291980501236448
4700;1;4712,16792297967;4701,893141892795;34,586161258621608;99,26602443204078;3,0052416361714243;1,0473089963747608;0,051007320799446712;1,043449068373818;0,053231118412379569;0,8102448401182839;19,931365702649138;15,489334653692781;4,4420310489610033;2,9362289798776784;0,062354165433956228;8,7132457606973901;7,9179268086666793e-05;8,7133249399553492
4750;1;4762,394117314615;4751,9539207635989;35,054252398664204;99,263936340709293;3,0517327450877008;1,0695756026205434;0,052476244446171758;1,0655635313304561;0,053657423698923942;0,81045965096170047;20,122175832811283;15,588843660149509;4,5333321726513818;2,9809131546275101;0,061782069034834859;8,8993514927005766;7,9173475447540708e-05;8,8994306661746716
4800;1;4812,6233124653254;4802,0159848918183;35,528016596018084;99,261774414786572;3,1007629558632348;1,0922414262770728;0,055369881986309211;1,0879627493082658;0,05451176704002908;0,81067687753069284;20,313463058682231;15,687869772343259;4,625593286354194;3,0262585579940948;0,06123273735289763;9,0874528555683547;7,9167825964781917e-05;9,0875320234253056
4850;1;4862,8555473428596;4852,0793477398529;36,004022234655949;99,259611520270028;3,1490973132434368;1,1149719475058828;0,056742174472951233;1,1106552061329567;0,055831363493837244;0,8108963293856033;20,505212674958102;15,786404316715807;4,7188083582072435;3,0720706474150097;0,060716152191938232;9,2775624374973553;7,9161580906128657e-05;9,2776415990628855
4900;1;4913,0908297033466;4902,1440227890225;36,484788936030995;99,257396408597913;3,1986009446315298;1,1379561234327138;0,058227395033289248;1,1336446303819674;0,05765459003376721;0,81111791365371178;20,698117973040329;15,885166049656227;4,8129519233755795;3,1183868378406019;0,060163788041215534;9,4696040249229121;7,9155601367651284e-05;9,4696831804966095
4950;1;4963,3291749863238;4952,2100231064514;36,971630171995876;99,255104207386424;3,2503028358815298;1,1613079353268494;0,060830016755238685;1,1569241148112519;0,059898604444919776;0,81134187241214095;20,892293675314093;15,98425399267944;4,9080396826507187;3,1653460949088505;0,059603385108169885;9,6636084162149096;7,9149653724349051e-05;9,6636875658720189
5000;1;5013,570609418075;5002,2773610172344;37,461585839231752;99,252796284836748;3,3018488004353301;1,1848235260654294;0,062823620832023697;1,1804472591237134;0,062186141534362055;0,81156796079543314;21,087340569559423;16,083278646504642;5,0040619230356791;3,2127414470809055;0,059034966096727731;9,8595758792851331;7,9142903414537944e-05;9,8596550221878658
